KS1295[%]	6082[%]	2024[%]	bat-box[%]	3003[%]	4032[%]	Al	Si	Cu	Ni	Mg	Mn	Fe	Cr	Ti	Zr	V	Zn	Vf_FCC_A1	Vf_DIAMOND_A4	Vf_AL15SI2M4	Vf_AL3X	Vf_AL6MN	Vf_MG2ZN3	Vf_AL3NI2	Vf_AL3NI_D011	Vf_AL7CU4NI	Vf_AL2CU_C16	Vf_Q_ALCUMGSI	Vf_AL7CU2FE	Vf_MG2SI_C1	Vf_AL9FE2SI2	Vf_AL18FE2MG7SI10	eut. frac.[%]	eut. T (C)	T_FCC_A1	T_DIAMOND_A4	T_AL15SI2M4	T_AL3X	T_AL6MN	T_MG2ZN3	T_AL3NI2	T_AL3NI_D011	T_AL7CU4NI	T_AL2CU_C16	T_Q_ALCUMGSI	T_AL7CU2FE	T_MG2SI_C1	T_AL9FE2SI2	T_AL18FE2MG7SI10	T(liqu)	T(sol)	delta_T	delta_T_FCC	delta_T_Al15Si2M4	delta_T_Si	CSC	YS(MPa)	hardness(Vickers)	CTEvol(1/K)(20.0-300.0C)	Density(g/cm3)	Volume(m3/mol)	El.conductivity(S/m)	El. resistivity(ohm m)	heat capacity(J/(mol K))	Therm.conductivity(W/(mK))	Therm. diffusivity(m2/s)	Therm.resistivity(mK/W)	Linear thermal expansion (1/K)(20.0-300.0C)	Technical thermal expansion (1/K)(20.0-300.0C)
0	17.133	22.739	24.978	11.552	23.596	92.954	3.4318	1.3061	0.3167	0.8252	0.5155	0.4033	0.0698	0.0564	0.0217	0.0217	0.1719	90.07	2.97663	1.1937	nan	2.021	nan	0.4195	1.296	0.26783	1.0036	0.15633	0.002	0.50311	0.61262	0.31543	55.223	615.4453	630.0647	432.12867	641.4854	321.9474	412.1044	nan	519.267	392.16386	427.701	268.00771	336.33243	554.2325	496.9627	390.451	482.0956	662.49	541.91333	120.57667	44.33667	120.57667	24.09667	0.56613	56.0076	17.1329	7.85E-05	2.6845	1.02E-05	1.32E+07	7.68E-08	27.68	180.71	6.67E-05	0.00559	2.62E-05	2.39E-05
4.00E-04	17.37238	22.09654	25.32438	12.36302	22.84156	93.08819	3.34486	1.27076	0.30679	0.81605	0.52335	0.40334	0.06951	0.05567	0.02181	0.02181	0.16896	90.24731	2.87473	1.21582	nan	2.02097	nan	0.41848	1.24668	0.26934	0.96378	0.15634	0.00194	0.49969	0.60041	0.31004	55.10303	616.18659	630.79089	428.3321	641.64172	324.77121	412.50317	nan	519.88766	395.18645	428.3144	264.57825	337.22831	554.22701	495.86732	389.67182	480.03349	662.3244	541.9164	120.4076	46.40521	120.4076	23.5596	0.57195	56.11393	17.16543	7.86E-05	2.68415	1.02E-05	1.32E+07	7.66E-08	27.6838	181.2386	6.68E-05	0.00557	2.62E-05	2.39E-05
8.00E-04	17.61176	21.45407	25.67076	13.17405	22.08711	93.22238	3.25792	1.23541	0.29688	0.8069	0.5312	0.40338	0.06922	0.05495	0.02192	0.02192	0.16603	90.42462	2.77283	1.23794	nan	2.02094	nan	0.41746	1.19736	0.27085	0.92395	0.15635	0.00188	0.49628	0.58819	0.30465	54.98306	616.92788	631.51709	424.53554	641.79805	327.59502	412.90195	nan	520.50832	398.20904	428.9278	261.14878	338.12419	554.22152	494.77194	388.89263	477.97138	662.1588	541.91947	120.23853	48.47375	120.23853	23.02253	0.57778	56.22025	17.19797	7.87E-05	2.6838	1.02E-05	1.32E+07	7.63E-08	27.6876	181.7672	6.70E-05	0.00556	2.62E-05	2.39E-05
0.0012	17.85114	20.81161	26.01714	13.98507	21.33267	93.35657	3.17097	1.20007	0.28698	0.79776	0.53905	0.40341	0.06892	0.05422	0.02204	0.02204	0.16309	90.60193	2.67094	1.26007	nan	2.02091	nan	0.41644	1.14804	0.27235	0.88413	0.15635	0.00182	0.49286	0.57598	0.29926	54.86309	617.66917	632.24328	420.73898	641.95437	330.41883	413.30072	nan	521.12899	401.23163	429.54121	257.71931	339.02007	554.21603	493.67655	388.11345	475.90926	661.9932	541.92253	120.06946	50.54229	120.06946	22.48546	0.58361	56.32658	17.2305	7.88E-05	2.68345	1.02E-05	1.33E+07	7.61E-08	27.6914	182.29581	6.72E-05	0.00554	2.63E-05	2.40E-05
0.0016	18.09052	20.16915	26.36353	14.79609	20.57823	93.49076	3.08403	1.16472	0.27707	0.78861	0.5469	0.40345	0.06863	0.0535	0.02215	0.02215	0.16016	90.77924	2.56904	1.28219	nan	2.02088	nan	0.41542	1.09872	0.27386	0.8443	0.15636	0.00176	0.48944	0.56376	0.29387	54.74312	618.41046	632.96948	416.94242	642.1107	333.24263	413.6995	nan	521.74965	404.25422	430.15461	254.28984	339.91595	554.21055	492.58117	387.33427	473.84715	661.8276	541.9256	119.9004	52.61083	119.9004	21.94839	0.58944	56.43291	17.26304	7.89E-05	2.6831	1.02E-05	1.33E+07	7.59E-08	27.6952	182.82441	6.74E-05	0.00552	2.63E-05	2.40E-05
0.002	18.3299	19.52669	26.70991	15.60712	19.82378	93.62495	2.99709	1.12938	0.26716	0.77946	0.55475	0.40349	0.06834	0.05277	0.02226	0.02226	0.15722	90.95655	2.46715	1.30431	nan	2.02085	nan	0.4144	1.0494	0.27537	0.80448	0.15637	0.0017	0.48602	0.55155	0.28848	54.62315	619.15175	633.69567	413.14586	642.26702	336.06644	414.09827	nan	522.37031	407.27681	430.76801	250.86037	340.81183	554.20506	491.48579	386.55508	471.78504	661.662	541.92867	119.73133	54.67937	119.73133	21.41132	0.59527	56.53923	17.29557	7.90E-05	2.68275	1.02E-05	1.34E+07	7.56E-08	27.699	183.35301	6.76E-05	0.00551	2.63E-05	2.40E-05
0.0024	18.56929	18.88422	27.05629	16.41814	19.06934	93.75914	2.91015	1.09404	0.25725	0.77031	0.5626	0.40353	0.06805	0.05204	0.02237	0.02237	0.15428	91.13386	2.36525	1.32643	nan	2.02082	nan	0.41338	1.00008	0.27687	0.76466	0.15637	0.00164	0.4826	0.53933	0.28309	54.50318	619.89305	634.42187	409.3493	642.42335	338.89025	414.49704	nan	522.99097	410.2994	431.38141	247.4309	341.70771	554.19957	490.39041	385.7759	469.72293	661.4964	541.93173	119.56226	56.74792	119.56226	20.87425	0.6011	56.64556	17.3281	7.91E-05	2.6824	1.02E-05	1.34E+07	7.54E-08	27.7028	183.88161	6.77E-05	0.00549	2.64E-05	2.41E-05
0.0028	18.80867	18.24176	27.40267	17.22916	18.3149	93.89333	2.8232	1.05869	0.24734	0.76116	0.57045	0.40357	0.06776	0.05132	0.02248	0.02248	0.15135	91.31117	2.26336	1.34855	nan	2.02079	nan	0.41236	0.95076	0.27838	0.72483	0.15638	0.00158	0.47919	0.52712	0.2777	54.38321	620.63434	635.14806	405.55273	642.57967	341.71406	414.89582	nan	523.61164	413.322	431.99482	244.00143	342.60359	554.19408	489.29502	384.99672	467.66081	661.3308	541.9348	119.3932	58.81646	119.3932	20.33718	0.60693	56.75188	17.36064	7.92E-05	2.68205	1.02E-05	1.34E+07	7.51E-08	27.7066	184.41021	6.79E-05	0.00547	2.64E-05	2.41E-05
0.0032	19.04805	17.5993	27.74905	18.04019	17.56046	94.02752	2.73626	1.02335	0.23744	0.75202	0.5783	0.4036	0.06746	0.05059	0.0226	0.0226	0.14841	91.48849	2.16146	1.37068	nan	2.02076	nan	0.41134	0.90144	0.27989	0.68501	0.15639	0.00152	0.47577	0.5149	0.2723	54.26324	621.37563	635.87426	401.75617	642.736	344.53787	415.29459	nan	524.2323	416.34459	432.60822	240.57196	343.49947	554.18859	488.19964	384.21754	465.5987	661.16519	541.93787	119.22413	60.885	119.22413	19.80012	0.61276	56.85821	17.39317	7.93E-05	2.6817	1.02E-05	1.35E+07	7.49E-08	27.7104	184.93882	6.81E-05	0.00545	2.64E-05	2.41E-05
0.0036	19.28743	16.95684	28.09543	18.85121	16.80601	94.16171	2.64932	0.988	0.22753	0.74287	0.58615	0.40364	0.06717	0.04987	0.02271	0.02271	0.14548	91.6658	2.05957	1.3928	nan	2.02073	nan	0.41032	0.85212	0.28139	0.64518	0.15639	0.00146	0.47235	0.50269	0.26691	54.14327	622.11692	636.60045	397.95961	642.89232	347.36168	415.69337	nan	524.85296	419.36718	433.22162	237.14249	344.39535	554.1831	487.10426	383.43835	463.53659	660.99959	541.94093	119.05506	62.95354	119.05506	19.26305	0.61859	56.96454	17.42571	7.94E-05	2.68135	1.02E-05	1.35E+07	7.47E-08	27.7142	185.46742	6.83E-05	0.00544	2.65E-05	2.42E-05
0.004	19.52681	16.31437	28.44181	19.66223	16.05157	94.29591	2.56238	0.95266	0.21762	0.73372	0.594	0.40368	0.06688	0.04914	0.02282	0.02282	0.14254	91.84311	1.95767	1.41492	nan	2.0207	nan	0.4093	0.8028	0.2829	0.60536	0.1564	0.0014	0.46893	0.49047	0.26152	54.0233	622.85821	637.32665	394.16305	643.04865	350.18549	416.09214	nan	525.47362	422.38977	433.83502	233.71302	345.29123	554.17762	486.00888	382.65917	461.47448	660.83399	541.944	118.88599	65.02208	118.88599	18.72598	0.62441	57.07086	17.45824	7.95E-05	2.681	1.02E-05	1.35E+07	7.44E-08	27.718	185.99602	6.84E-05	0.00542	2.65E-05	2.42E-05
0.0044	19.76619	15.67191	28.7882	20.47326	15.29713	94.4301	2.47543	0.91731	0.20771	0.72457	0.60185	0.40372	0.06659	0.04841	0.02293	0.02293	0.1396	92.02042	1.85578	1.43704	nan	2.02067	nan	0.40828	0.75348	0.28441	0.56553	0.15641	0.00134	0.46552	0.47826	0.25613	53.90332	623.5995	638.05284	390.36649	643.20497	353.00929	416.49092	nan	526.09429	425.41236	434.44843	230.28356	346.18711	554.17213	484.91349	381.87999	459.41237	660.66839	541.94707	118.71693	67.09062	118.71693	18.18891	0.63024	57.17719	17.49078	7.96E-05	2.68065	1.02E-05	1.36E+07	7.42E-08	27.7218	186.52462	6.86E-05	0.0054	2.65E-05	2.42E-05
0.0048	20.00557	15.02945	29.13458	21.28428	14.54268	94.56429	2.38849	0.88197	0.1978	0.71542	0.6097	0.40376	0.0663	0.04769	0.02304	0.02304	0.13667	92.19773	1.75388	1.45917	nan	2.02064	nan	0.40726	0.70416	0.28591	0.52571	0.15641	0.00128	0.4621	0.46604	0.25074	53.78335	624.34079	638.77904	386.56992	643.3613	355.8331	416.88969	nan	526.71495	428.43495	435.06183	226.85409	347.08299	554.16664	483.81811	381.1008	457.35025	660.50279	541.95013	118.54786	69.15917	118.54786	17.65184	0.63607	57.28352	17.52331	7.97E-05	2.6803	1.02E-05	1.36E+07	7.40E-08	27.7256	187.05323	6.88E-05	0.00539	2.66E-05	2.42E-05
0.0052	20.24495	14.38699	29.48096	22.0953	13.78824	94.69848	2.30155	0.84663	0.1879	0.70628	0.61755	0.40379	0.066	0.04696	0.02316	0.02316	0.13373	92.37504	1.65198	1.48129	nan	2.02061	nan	0.40624	0.65484	0.28742	0.48589	0.15642	0.00122	0.45868	0.45383	0.24535	53.66338	625.08208	639.50523	382.77336	643.51762	358.65691	417.28846	nan	527.33561	431.45754	435.67523	223.42462	347.97887	554.16115	482.72273	380.32162	455.28814	660.33719	541.9532	118.37879	71.22771	118.37879	17.11477	0.6419	57.38984	17.55584	7.98E-05	2.67995	1.02E-05	1.37E+07	7.37E-08	27.7294	187.58183	6.90E-05	0.00537	2.66E-05	2.43E-05
0.0056	20.48433	13.74452	29.82734	22.90633	13.0338	94.83267	2.21461	0.81128	0.17799	0.69713	0.6254	0.40383	0.06571	0.04624	0.02327	0.02327	0.1308	92.55235	1.55009	1.50341	nan	2.02058	nan	0.40522	0.60552	0.28893	0.44606	0.15643	0.00116	0.45526	0.44161	0.23996	53.54341	625.82337	640.23143	378.9768	643.67394	361.48072	417.68724	nan	527.95627	434.48013	436.28863	219.99515	348.87475	554.15566	481.62735	379.54244	453.22603	660.17159	541.95627	118.20972	73.29625	118.20972	16.5777	0.64773	57.49617	17.58838	7.99E-05	2.6796	1.02E-05	1.37E+07	7.35E-08	27.7332	188.11043	6.92E-05	0.00535	2.66E-05	2.43E-05
0.006	20.72371	13.10206	30.17372	23.71735	12.27935	94.96686	2.12766	0.77594	0.16808	0.68798	0.63325	0.40387	0.06542	0.04551	0.02338	0.02338	0.12786	92.72966	1.44819	1.52553	nan	2.02055	nan	0.4042	0.5562	0.29043	0.40624	0.15643	0.0011	0.45184	0.4294	0.23457	53.42344	626.56466	640.95762	375.18024	643.83027	364.30453	418.08601	nan	528.57694	437.50272	436.90204	216.56568	349.77063	554.15017	480.53196	378.76325	451.16392	660.00599	541.95933	118.04066	75.36479	118.04066	16.04063	0.65356	57.6025	17.62091	8.00E-05	2.67925	1.02E-05	1.37E+07	7.32E-08	27.737	188.63903	6.93E-05	0.00533	2.67E-05	2.43E-05
0.0064	20.9631	12.4596	30.5201	24.52837	11.52491	95.10105	2.04072	0.74059	0.15817	0.67883	0.6411	0.40391	0.06513	0.04478	0.02349	0.02349	0.12492	92.90697	1.3463	1.54765	nan	2.02052	nan	0.40318	0.50688	0.29194	0.36641	0.15644	0.00104	0.44843	0.41718	0.22918	53.30347	627.30596	641.68382	371.38368	643.98659	367.12834	418.48479	nan	529.1976	440.52532	437.51544	213.13621	350.6665	554.14468	479.43658	377.98407	449.1018	659.84039	541.9624	117.87159	77.43333	117.87159	15.50357	0.65939	57.70882	17.65345	8.01E-05	2.6789	1.02E-05	1.38E+07	7.30E-08	27.7408	189.16763	6.95E-05	0.00532	2.67E-05	2.44E-05
0.0068	21.20248	11.81714	30.86648	25.3394	10.77047	95.23524	1.95378	0.70525	0.14826	0.66968	0.64895	0.40395	0.06484	0.04406	0.0236	0.0236	0.12199	93.08428	1.2444	1.56978	nan	2.02049	nan	0.40216	0.45756	0.29345	0.32659	0.15645	9.80E-04	0.44501	0.40497	0.22379	53.1835	628.04725	642.41001	367.58712	644.14292	369.95215	418.88356	nan	529.81826	443.54791	438.12884	209.70674	351.56238	554.1392	478.3412	377.20489	447.03969	659.67479	541.96547	117.70252	79.50187	117.70252	14.9665	0.66522	57.81515	17.68598	8.02E-05	2.67855	1.02E-05	1.38E+07	7.28E-08	27.7446	189.69624	6.97E-05	0.0053	2.67E-05	2.44E-05
0.0072	21.44186	11.17467	31.21286	26.15042	10.01603	95.36943	1.86684	0.66991	0.13836	0.66054	0.6568	0.40398	0.06454	0.04333	0.02372	0.02372	0.11905	93.26159	1.14251	1.5919	nan	2.02046	nan	0.40114	0.40824	0.29495	0.28677	0.15645	9.20E-04	0.44159	0.39275	0.2184	53.06353	628.78854	643.13621	363.79055	644.29924	372.77596	419.28233	nan	530.43892	446.5705	438.74224	206.27727	352.45826	554.13371	477.24582	376.4257	444.97758	659.50919	541.96853	117.53345	81.57042	117.53345	14.42943	0.67104	57.92148	17.71851	8.03E-05	2.6782	1.02E-05	1.39E+07	7.25E-08	27.7484	190.22484	6.99E-05	0.00528	2.68E-05	2.44E-05
0.0076	21.68124	10.53221	31.55925	26.96144	9.26158	95.50362	1.7799	0.63456	0.12845	0.65139	0.66465	0.40402	0.06425	0.04261	0.02383	0.02383	0.11612	93.4389	1.04061	1.61402	nan	2.02043	nan	0.40012	0.35892	0.29646	0.24694	0.15646	8.60E-04	0.43817	0.38054	0.21301	52.94356	629.52983	643.8624	359.99399	644.45557	375.59976	419.68111	nan	531.05959	449.59309	439.35565	202.8478	353.35414	554.12822	476.15043	375.64652	442.91547	659.34359	541.9716	117.36439	83.63896	117.36439	13.89236	0.67687	58.0278	17.75105	8.04E-05	2.67785	1.02E-05	1.39E+07	7.23E-08	27.7522	190.75344	7.00E-05	0.00527	2.68E-05	2.45E-05
0.008	21.92062	9.88975	31.90563	27.77246	8.50714	95.63781	1.69295	0.59922	0.11854	0.64224	0.6725	0.40406	0.06396	0.04188	0.02394	0.02394	0.11318	93.61621	0.93872	1.63614	nan	2.0204	nan	0.3991	0.3096	0.29797	0.20712	0.15647	8.00E-04	0.43476	0.36832	0.20762	52.82359	630.27112	644.5886	356.19743	644.61189	378.42357	420.07988	nan	531.68025	452.61568	439.96905	199.41834	354.25002	554.12273	475.05505	374.86734	440.85336	659.17799	541.97467	117.19532	85.7075	117.19532	13.35529	0.6827	58.13413	17.78358	8.05E-05	2.6775	1.02E-05	1.39E+07	7.20E-08	27.756	191.28204	7.02E-05	0.00525	2.68E-05	2.45E-05
0.0084	22.16	9.24729	32.25201	28.58349	7.7527	95.772	1.60601	0.56387	0.10863	0.63309	0.68035	0.4041	0.06367	0.04115	0.02405	0.02405	0.11024	93.79352	0.83682	1.65826	nan	2.02037	nan	0.39808	0.26028	0.29947	0.16729	0.15647	7.40E-04	0.43134	0.35611	0.20223	52.70362	631.01241	645.31479	352.40087	644.76822	381.24738	420.47866	nan	532.30091	455.63827	440.58245	195.98887	355.1459	554.11724	473.95967	374.08815	438.79124	659.01239	541.97773	117.02625	87.77604	117.02625	12.81822	0.68853	58.24045	17.81612	8.06E-05	2.67715	1.02E-05	1.40E+07	7.18E-08	27.7598	191.81064	7.04E-05	0.00523	2.69E-05	2.45E-05
0.0088	22.39938	8.60482	32.59839	29.39451	6.99825	95.90619	1.51907	0.52853	0.09872	0.62394	0.6882	0.40414	0.06338	0.04043	0.02416	0.02416	0.10731	93.97084	0.73493	1.68039	nan	2.02034	nan	0.39706	0.21096	0.30098	0.12747	0.15648	6.80E-04	0.42792	0.34389	0.19684	52.58365	631.7537	646.04099	348.60431	644.92454	384.07119	420.87743	nan	532.92157	458.66086	441.19585	192.5594	356.04178	554.11175	472.86429	373.30897	436.72913	658.84679	541.9808	116.85719	89.84458	116.85719	12.28115	0.69436	58.34678	17.84865	8.07E-05	2.6768	1.02E-05	1.40E+07	7.16E-08	27.7636	192.33925	7.06E-05	0.00521	2.69E-05	2.45E-05
0.0092	22.63876	7.96236	32.94477	30.20553	6.24381	96.04038	1.43213	0.49318	0.08882	0.6148	0.69605	0.40417	0.06308	0.0397	0.02428	0.02428	0.10437	94.14815	0.63303	1.70251	nan	2.02031	nan	0.39604	0.16164	0.30249	0.08764	0.15649	6.20E-04	0.4245	0.33168	0.19145	52.46368	632.49499	646.76718	344.80774	645.08087	386.895	421.2762	nan	533.54224	461.68345	441.80926	189.12993	356.93766	554.10626	471.76891	372.52979	434.66702	658.68118	541.98387	116.68812	91.91312	116.68812	11.74408	0.70019	58.45311	17.88118	8.08E-05	2.67645	1.02E-05	1.40E+07	7.13E-08	27.7674	192.86785	7.08E-05	0.0052	2.69E-05	2.46E-05
0.0096	22.87814	7.3199	33.29115	31.01656	5.48937	96.17457	1.34518	0.45784	0.07891	0.60565	0.7039	0.40421	0.06279	0.03898	0.02439	0.02439	0.10144	94.32546	0.53114	1.72463	nan	2.02028	nan	0.39502	0.11232	0.30399	0.04782	0.15649	5.60E-04	0.42108	0.31946	0.18606	52.34371	633.23628	647.49338	341.01118	645.23719	389.71881	421.67498	nan	534.1629	464.70604	442.42266	185.70046	357.83354	554.10078	470.67352	371.75061	432.60491	658.51558	541.98693	116.51905	93.98167	116.51905	11.20702	0.70602	58.55943	17.91372	8.09E-05	2.6761	1.02E-05	1.41E+07	7.11E-08	27.7712	193.39645	7.09E-05	0.00518	2.70E-05	2.46E-05
0.01	23.11748	6.67759	33.63741	31.82738	4.73514	96.30873	1.25827	0.42251	0.069	0.5965	0.71175	0.40425	0.0625	0.03825	0.0245	0.0245	0.0985	94.50272	0.42926	1.74675	nan	2.02025	nan	0.394	0.06301	0.3055	0.008	0.1565	5.00E-04	0.41767	0.30725	0.18067	52.2238	633.97734	648.21937	337.21555	645.39355	392.54228	422.07375	nan	534.78353	467.72787	443.0364	182.27177	358.72973	554.09529	469.57853	370.9719	430.54346	658.35003	541.99	116.35003	96.0498	116.35003	10.67005	0.71184	58.66575	17.94625	8.10E-05	2.67575	1.02E-05	1.41E+07	7.09E-08	27.775	193.92492	7.11E-05	0.00516	2.70E-05	2.46E-05
0.0104	22.88818	7.6081	32.75231	30.61327	6.13235	96.07124	1.42014	0.47629	0.08736	0.61108	0.69964	0.4051	0.06292	0.03924	0.02442	0.02442	0.10298	94.21333	0.56363	1.74132	nan	2.02022	nan	0.40628	0.11913	0.31686	0.00768	0.16716	7.00E-04	0.42174	0.32086	0.18274	52.71897	632.41896	646.91498	342.71149	645.91725	392.04243	422.47253	nan	535.10051	463.07428	446.99945	186.68216	362.70561	554.0898	472.41912	375.0044	435.14744	658.65523	541.9832	116.66243	94.04539	116.66243	11.15325	0.70134	58.64674	17.94042	8.09E-05	2.67642	1.02E-05	1.41E+07	7.12E-08	27.7682	193.07591	7.08E-05	0.00519	2.69E-05	2.46E-05
0.0108	22.65888	8.5386	31.8672	29.39917	7.52955	95.83374	1.58201	0.53007	0.10572	0.62566	0.68753	0.40595	0.06334	0.04023	0.02434	0.02434	0.10746	93.92394	0.698	1.73589	nan	2.02019	nan	0.41856	0.17525	0.32822	0.00736	0.17782	9.00E-04	0.42581	0.33447	0.18481	53.21414	630.86057	645.6106	348.20743	646.44096	391.54257	422.8713	nan	535.41749	458.42068	450.96251	191.09254	366.6815	554.08431	475.2597	379.0369	439.75142	658.96043	541.9764	116.97483	92.04098	116.97483	11.63645	0.69083	58.62773	17.93459	8.07E-05	2.67709	1.02E-05	1.40E+07	7.15E-08	27.7614	192.22691	7.05E-05	0.00521	2.69E-05	2.45E-05
0.0112	22.42957	9.4691	30.9821	28.18506	8.92676	95.59625	1.74388	0.58385	0.12408	0.64024	0.67542	0.4068	0.06376	0.04122	0.02426	0.02426	0.11194	93.63455	0.83238	1.73046	nan	2.02016	nan	0.43084	0.23137	0.33958	0.00704	0.18848	0.0011	0.42989	0.34808	0.18689	53.70932	629.30219	644.30621	353.70338	646.96466	391.04272	423.27008	nan	535.73448	453.76709	454.92556	195.50293	370.65738	554.07882	478.10028	383.06939	444.3554	659.26563	541.9696	117.28723	90.03658	117.28723	12.11965	0.68032	58.60872	17.92876	8.05E-05	2.67776	1.02E-05	1.39E+07	7.19E-08	27.7546	191.3779	7.03E-05	0.00524	2.68E-05	2.45E-05
0.0116	22.20027	10.39961	30.097	26.97096	10.32396	95.35876	1.90575	0.63763	0.14244	0.65482	0.66331	0.40765	0.06418	0.04221	0.02418	0.02418	0.11642	93.34516	0.96675	1.72503	nan	2.02013	nan	0.44312	0.28749	0.35094	0.00672	0.19914	0.0013	0.43396	0.36169	0.18896	54.20449	627.7438	643.00183	359.19932	647.48836	390.54286	423.66885	nan	536.05146	449.1135	458.88862	199.91331	374.63326	554.07333	480.94086	387.10189	448.95937	659.57084	541.9628	117.59964	88.03217	117.59964	12.60286	0.66981	58.58971	17.92293	8.04E-05	2.67843	1.02E-05	1.39E+07	7.22E-08	27.7478	190.5289	7.00E-05	0.00526	2.68E-05	2.44E-05
0.012	21.97097	11.33011	29.21189	25.75685	11.72117	95.12127	2.06762	0.69141	0.1608	0.6694	0.6512	0.4085	0.0646	0.0432	0.0241	0.0241	0.1209	93.05577	1.10112	1.7196	nan	2.0201	nan	0.4554	0.34361	0.3623	0.0064	0.2098	0.0015	0.43803	0.3753	0.19103	54.69966	626.18541	641.69744	364.69526	648.01206	390.04301	424.06762	nan	536.36844	444.45991	462.85168	204.3237	378.60914	554.06785	483.78144	391.13438	453.56335	659.87604	541.956	117.91204	86.02776	117.91204	13.08606	0.65931	58.5707	17.9171	8.02E-05	2.6791	1.02E-05	1.38E+07	7.26E-08	27.741	189.6799	6.97E-05	0.00529	2.67E-05	2.44E-05
0.0124	21.74167	12.26062	28.32679	24.54275	13.11837	94.88378	2.22949	0.74519	0.17916	0.68398	0.63909	0.40935	0.06502	0.04419	0.02402	0.02402	0.12538	92.76637	1.23549	1.71417	nan	2.02007	nan	0.46768	0.39973	0.37366	0.00608	0.22046	0.0017	0.44211	0.38891	0.19311	55.19483	624.62703	640.39306	370.1912	648.53576	389.54315	424.4664	nan	536.68542	439.80632	466.81473	208.73408	382.58503	554.06236	486.62202	395.16688	458.16733	660.18124	541.9492	118.22444	84.02335	118.22444	13.56926	0.6488	58.55169	17.91127	8.00E-05	2.67977	1.02E-05	1.38E+07	7.29E-08	27.7342	188.83089	6.94E-05	0.00532	2.67E-05	2.43E-05
0.0128	21.51237	13.19112	27.44169	23.32864	14.51558	94.64629	2.39136	0.79897	0.19752	0.69856	0.62698	0.4102	0.06544	0.04518	0.02394	0.02394	0.12986	92.47698	1.36986	1.70874	nan	2.02004	nan	0.47996	0.45585	0.38502	0.00576	0.23112	0.0019	0.44618	0.40252	0.19518	55.69	623.06864	639.08867	375.68714	649.05947	389.0433	424.86517	nan	537.0024	435.15272	470.77779	213.14446	386.56091	554.05687	489.4626	399.19938	462.77131	660.48644	541.9424	118.53684	82.01894	118.53684	14.05246	0.63829	58.53268	17.90544	7.99E-05	2.68044	1.02E-05	1.37E+07	7.33E-08	27.7274	187.98189	6.91E-05	0.00534	2.66E-05	2.43E-05
0.0132	21.28307	14.12162	26.55658	22.11454	15.91278	94.4088	2.55323	0.85275	0.21588	0.71314	0.61487	0.41105	0.06586	0.04617	0.02386	0.02386	0.13434	92.18759	1.50423	1.70331	nan	2.02001	nan	0.49224	0.51197	0.39638	0.00544	0.24178	0.0021	0.45025	0.41613	0.19725	56.18518	621.51025	637.78429	381.18309	649.58317	388.54344	425.26395	nan	537.31938	430.49913	474.74084	217.55485	390.53679	554.05138	492.30318	403.23187	467.37529	660.79164	541.9356	118.84924	80.01454	118.84924	14.53566	0.62779	58.51367	17.89961	7.97E-05	2.68111	1.02E-05	1.37E+07	7.36E-08	27.7206	187.13289	6.88E-05	0.00537	2.66E-05	2.42E-05
0.0136	21.05377	15.05213	25.67148	20.90043	17.30999	94.17131	2.7151	0.90653	0.23424	0.72772	0.60276	0.4119	0.06628	0.04716	0.02378	0.02378	0.13882	91.8982	1.6386	1.69788	nan	2.01998	nan	0.50452	0.56809	0.40774	0.00512	0.25244	0.0023	0.45433	0.42974	0.19933	56.68035	619.95187	636.4799	386.67903	650.10687	388.04359	425.66272	nan	537.63636	425.84554	478.7039	221.96523	394.51267	554.04589	495.14377	407.26437	471.97927	661.09684	541.9288	119.16164	78.01013	119.16164	15.01887	0.61728	58.49466	17.89378	7.95E-05	2.68178	1.02E-05	1.36E+07	7.39E-08	27.7138	186.28388	6.85E-05	0.00539	2.65E-05	2.42E-05
0.014	20.82447	15.98263	24.78638	19.68633	18.7072	93.93382	2.87697	0.96031	0.2526	0.7423	0.59065	0.41275	0.0667	0.04815	0.0237	0.0237	0.1433	91.60881	1.77297	1.69245	nan	2.01995	nan	0.5168	0.62421	0.4191	0.0048	0.2631	0.0025	0.4584	0.44335	0.2014	57.17552	618.39348	635.17552	392.17497	650.63057	387.54373	426.06149	nan	537.95334	421.19195	482.66695	226.37562	398.48856	554.0404	497.98435	411.29686	476.58324	661.40204	541.922	119.47404	76.00572	119.47404	15.50207	0.60677	58.47565	17.88795	7.94E-05	2.68245	1.02E-05	1.35E+07	7.43E-08	27.707	185.43488	6.83E-05	0.00542	2.64E-05	2.41E-05
0.0144	20.59517	16.91313	23.90127	18.47223	20.1044	93.69633	3.03884	1.01409	0.27096	0.75688	0.57854	0.4136	0.06712	0.04914	0.02362	0.02362	0.14778	91.31942	1.90734	1.68702	nan	2.01992	nan	0.52908	0.68033	0.43046	0.00448	0.27376	0.0027	0.46247	0.45696	0.20347	57.67069	616.8351	633.87113	397.67091	651.15428	387.04387	426.46027	nan	538.27033	416.53836	486.63001	230.786	402.46444	554.03491	500.82493	415.32936	481.18722	661.70724	541.9152	119.78644	74.00131	119.78644	15.98527	0.59626	58.45664	17.88212	7.92E-05	2.68312	1.02E-05	1.35E+07	7.46E-08	27.7002	184.58588	6.80E-05	0.00544	2.64E-05	2.41E-05
0.0148	20.36587	17.84364	23.01617	17.25812	21.50161	93.45883	3.20071	1.06787	0.28932	0.77146	0.56643	0.41445	0.06754	0.05013	0.02354	0.02354	0.15226	91.03003	2.04171	1.68159	nan	2.01989	nan	0.54136	0.73645	0.44182	0.00416	0.28442	0.0029	0.46655	0.47057	0.20555	58.16586	615.27671	632.56675	403.16685	651.67798	386.54402	426.85904	nan	538.58731	411.88476	490.59307	235.19639	406.44032	554.02943	503.66551	419.36186	485.7912	662.01245	541.9084	120.09885	71.9969	120.09885	16.46847	0.58576	58.43763	17.87629	7.90E-05	2.68379	1.02E-05	1.34E+07	7.50E-08	27.6934	183.73687	6.77E-05	0.00547	2.63E-05	2.40E-05
0.0152	20.13657	18.77414	22.13107	16.04402	22.89881	93.22134	3.36258	1.12165	0.30768	0.78604	0.55432	0.4153	0.06796	0.05112	0.02346	0.02346	0.15674	90.74064	2.17608	1.67616	nan	2.01986	nan	0.55364	0.79257	0.45318	0.00384	0.29508	0.0031	0.47062	0.48418	0.20762	58.66104	613.71832	631.26236	408.6628	652.20168	386.04416	427.25782	nan	538.90429	407.23117	494.55612	239.60677	410.4162	554.02394	506.50609	423.39435	490.39518	662.31765	541.9016	120.41125	69.9925	120.41125	16.95167	0.57525	58.41862	17.87046	7.89E-05	2.68446	1.02E-05	1.34E+07	7.53E-08	27.6866	182.88787	6.74E-05	0.00549	2.63E-05	2.40E-05
0.0156	19.90726	19.70465	21.24596	14.82991	24.29602	92.98385	3.52446	1.17543	0.32604	0.80062	0.54221	0.41615	0.06838	0.05211	0.02338	0.02338	0.16122	90.45124	2.31045	1.67073	nan	2.01983	nan	0.56592	0.84869	0.46454	0.00352	0.30574	0.0033	0.47469	0.49779	0.20969	59.15621	612.15994	629.95798	414.15874	652.72538	385.54431	427.65659	nan	539.22127	402.57758	498.51918	244.01715	414.39209	554.01845	509.34667	427.42685	494.99916	662.62285	541.8948	120.72365	67.98809	120.72365	17.43488	0.56474	58.39961	17.86463	7.87E-05	2.68513	1.02E-05	1.33E+07	7.56E-08	27.6798	182.03887	6.71E-05	0.00552	2.62E-05	2.39E-05
0.016	19.67796	20.63515	20.36086	13.61581	25.69322	92.74636	3.68633	1.22921	0.3444	0.8152	0.5301	0.417	0.0688	0.0531	0.0233	0.0233	0.1657	90.16185	2.44482	1.6653	nan	2.0198	nan	0.5782	0.90481	0.4759	0.0032	0.3164	0.0035	0.47877	0.5114	0.21177	59.65138	610.60155	628.65359	419.65468	653.24908	385.04445	428.05536	nan	539.53825	397.92399	502.48223	248.42754	418.36797	554.01296	512.18725	431.45935	499.60314	662.92805	541.888	121.03605	65.98368	121.03605	17.91808	0.55424	58.3806	17.8588	7.85E-05	2.6858	1.02E-05	1.32E+07	7.60E-08	27.673	181.18986	6.68E-05	0.00555	2.62E-05	2.39E-05
0.0164	19.44866	21.56565	19.47575	12.4017	27.09043	92.50887	3.8482	1.28299	0.36276	0.82978	0.51799	0.41785	0.06922	0.05409	0.02322	0.02322	0.17018	89.87246	2.57919	1.65987	nan	2.01977	nan	0.59048	0.96093	0.48726	0.00288	0.32706	0.0037	0.48284	0.52501	0.21384	60.14655	609.04316	627.34921	425.15062	653.77279	384.5446	428.45414	nan	539.85523	393.2704	506.44529	252.83792	422.34385	554.00747	515.02784	435.49184	504.20712	663.23325	541.8812	121.34845	63.97927	121.34845	18.40128	0.54373	58.36159	17.85297	7.84E-05	2.68647	1.02E-05	1.32E+07	7.63E-08	27.6662	180.34086	6.65E-05	0.00557	2.61E-05	2.38E-05
0.0168	19.21936	22.49616	18.59065	11.1876	28.48763	92.27138	4.01007	1.33677	0.38112	0.84436	0.50588	0.4187	0.06964	0.05508	0.02314	0.02314	0.17466	89.58307	2.71356	1.65444	nan	2.01974	nan	0.60276	1.01705	0.49862	0.00256	0.33772	0.0039	0.48691	0.53862	0.21591	60.64172	607.48478	626.04482	430.64656	654.29649	384.04474	428.85291	nan	540.17221	388.6168	510.40835	257.24831	426.31973	554.00198	517.86842	439.52434	508.81109	663.53845	541.8744	121.66085	61.97486	121.66085	18.88448	0.53322	58.34258	17.84714	7.82E-05	2.68714	1.02E-05	1.31E+07	7.67E-08	27.6594	179.49186	6.63E-05	0.0056	2.61E-05	2.38E-05
0.0172	18.99006	23.42666	17.70555	9.97349	29.88484	92.03389	4.17194	1.39055	0.39948	0.85894	0.49377	0.41955	0.07006	0.05607	0.02306	0.02306	0.17914	89.29368	2.84793	1.64901	nan	2.01971	nan	0.61504	1.07317	0.50998	0.00224	0.34838	0.0041	0.49099	0.55223	0.21799	61.1369	605.92639	624.74044	436.14251	654.82019	383.54489	429.25169	nan	540.48919	383.96321	514.3714	261.65869	430.29562	553.99649	520.709	443.55683	513.41507	663.84365	541.8676	121.97325	59.97046	121.97325	19.36768	0.52271	58.32357	17.84131	7.80E-05	2.68781	1.02E-05	1.31E+07	7.70E-08	27.6526	178.64285	6.60E-05	0.00562	2.60E-05	2.37E-05
0.0176	18.76076	24.35716	16.82044	8.75939	31.28205	91.7964	4.33381	1.44433	0.41784	0.87352	0.48166	0.4204	0.07048	0.05706	0.02298	0.02298	0.18362	89.00429	2.9823	1.64358	nan	2.01968	nan	0.62732	1.12929	0.52134	0.00192	0.35904	0.0043	0.49506	0.56584	0.22006	61.63207	604.36801	623.43605	441.63845	655.34389	383.04503	429.65046	nan	540.80618	379.30962	518.33446	266.06908	434.2715	553.99101	523.54958	447.58933	518.01905	664.14885	541.8608	122.28565	57.96605	122.28565	19.85089	0.51221	58.30456	17.83548	7.79E-05	2.68848	1.02E-05	1.30E+07	7.74E-08	27.6458	177.79385	6.57E-05	0.00565	2.59E-05	2.37E-05
0.018	18.53146	25.28767	15.93534	7.54528	32.67925	91.55891	4.49568	1.49811	0.4362	0.8881	0.46955	0.42125	0.0709	0.05805	0.0229	0.0229	0.1881	88.7149	3.11667	1.63815	nan	2.01965	nan	0.6396	1.18541	0.5327	0.0016	0.3697	0.0045	0.49913	0.57945	0.22213	62.12724	602.80962	622.13167	447.13439	655.86759	382.54518	430.04924	nan	541.12316	374.65603	522.29751	270.47946	438.24738	553.98552	526.39016	451.62183	522.62303	664.45405	541.854	122.59806	55.96164	122.59806	20.33409	0.5017	58.28555	17.82965	7.77E-05	2.68915	1.02E-05	1.29E+07	7.77E-08	27.639	176.94485	6.54E-05	0.00567	2.59E-05	2.36E-05
0.0184	18.30216	26.21817	15.05024	6.33118	34.07646	91.32142	4.65755	1.55189	0.45456	0.90268	0.45744	0.4221	0.07132	0.05904	0.02282	0.02282	0.19258	88.42551	3.25104	1.63272	nan	2.01962	nan	0.65188	1.24153	0.54406	0.00128	0.38036	0.0047	0.50321	0.59306	0.22421	62.62241	601.25123	620.82728	452.63033	656.3913	382.04532	430.44801	nan	541.44014	370.00244	526.26057	274.88984	442.22326	553.98003	529.23074	455.65432	527.22701	664.75926	541.8472	122.91046	53.95723	122.91046	20.81729	0.49119	58.26654	17.82382	7.75E-05	2.68982	1.02E-05	1.29E+07	7.80E-08	27.6322	176.09584	6.51E-05	0.0057	2.58E-05	2.36E-05
0.0188	18.07286	27.14867	14.16513	5.11707	35.47366	91.08393	4.81942	1.60567	0.47292	0.91726	0.44533	0.42295	0.07174	0.06003	0.02274	0.02274	0.19706	88.13612	3.38542	1.62729	nan	2.01959	nan	0.66416	1.29765	0.55542	9.60E-04	0.39102	0.0049	0.50728	0.60667	0.22628	63.11758	599.69285	619.52289	458.12627	656.915	381.54547	430.84678	nan	541.75712	365.34885	530.22363	279.30023	446.19915	553.97454	532.07132	459.68682	531.83099	665.06446	541.8404	123.22286	51.95282	123.22286	21.30049	0.48068	58.24753	17.81799	7.74E-05	2.69049	1.02E-05	1.28E+07	7.84E-08	27.6254	175.24684	6.48E-05	0.00572	2.58E-05	2.35E-05
0.0192	17.84356	28.07918	13.28003	3.90297	36.87087	90.84643	4.98129	1.65945	0.49128	0.93184	0.43322	0.4238	0.07216	0.06102	0.02266	0.02266	0.20154	87.84672	3.51979	1.62186	nan	2.01956	nan	0.67644	1.35377	0.56678	6.40E-04	0.40168	0.0051	0.51135	0.62028	0.22835	63.61276	598.13446	618.21851	463.62222	657.4387	381.04561	431.24556	nan	542.0741	360.69525	534.18668	283.71061	450.17503	553.96905	534.91191	463.71931	536.43496	665.36966	541.8336	123.53526	49.94842	123.53526	21.78369	0.47018	58.22852	17.81216	7.72E-05	2.69116	1.02E-05	1.28E+07	7.87E-08	27.6186	174.39784	6.45E-05	0.00575	2.57E-05	2.35E-05
0.0196	17.61426	29.00968	12.39493	2.68886	38.26807	90.60894	5.14316	1.71323	0.50964	0.94642	0.42111	0.42465	0.07258	0.06201	0.02258	0.02258	0.20602	87.55733	3.65416	1.61643	nan	2.01953	nan	0.68872	1.40989	0.57814	3.20E-04	0.41234	0.0053	0.51543	0.63389	0.23043	64.10793	596.57607	616.91412	469.11816	657.9624	380.54576	431.64433	nan	542.39108	356.04166	538.14974	288.121	454.15091	553.96356	537.75249	467.75181	541.03894	665.67486	541.8268	123.84766	47.94401	123.84766	22.26689	0.45967	58.20951	17.80633	7.70E-05	2.69183	1.02E-05	1.27E+07	7.91E-08	27.6118	173.54883	6.43E-05	0.00577	2.57E-05	2.34E-05
0.02	17.3849	29.94012	11.50998	1.47512	39.66487	90.37151	5.30498	1.767	0.528	0.961	0.409	0.4255	0.073	0.063	0.0225	0.0225	0.2105	87.268	3.7885	1.611	nan	2.0195	nan	0.701	1.46601	0.5895	4.70E-06	0.423	0.0055	0.5195	0.6475	0.2325	64.60304	595.01817	615.61009	474.61336	658.48595	380.04611	432.04311	nan	542.70769	351.38887	542.11111	292.53073	458.12493	553.95808	540.59234	471.78298	545.64161	665.97993	541.81999	124.15994	45.94013	124.15994	22.74997	0.44917	58.19048	17.80049	7.69E-05	2.6925	1.02E-05	1.27E+07	7.94E-08	27.605	172.7	6.40E-05	0.0058	2.56E-05	2.34E-05
0.0204	16.88838	30.52356	11.42798	2.09997	39.03499	90.42395	5.22975	1.78895	0.51983	0.95543	0.41731	0.42756	0.07245	0.06332	0.02268	0.02268	0.2121	87.27016	3.79488	1.61606	nan	2.01947	nan	0.68481	1.50497	0.57614	0.02348	0.40931	0.00563	0.51407	0.6518	0.23653	64.7975	595.84407	616.08381	476.39534	658.22075	380.60293	432.44188	nan	541.13424	350.71914	537.67796	293.65604	452.76737	553.95259	539.77283	469.19302	543.71177	665.63173	541.76999	123.86174	46.59433	123.86174	22.58957	0.45096	58.1004	17.77294	7.69E-05	2.69323	1.02E-05	1.27E+07	7.94E-08	27.60784	172.6776	6.40E-05	0.0058	2.56E-05	2.34E-05
0.0208	16.39186	31.107	11.34598	2.72481	38.40511	90.4764	5.15452	1.81089	0.51166	0.94986	0.42563	0.42962	0.0719	0.06364	0.02286	0.02286	0.21369	87.27232	3.80126	1.62111	nan	2.01944	nan	0.66862	1.54393	0.56279	0.04696	0.39562	0.00576	0.50864	0.6561	0.24057	64.99195	596.66998	616.55752	478.17732	657.95554	381.15975	432.84065	nan	539.56079	350.04942	533.2448	294.78135	447.40981	553.9471	538.95333	466.60305	541.78192	665.28353	541.71999	123.56354	47.24854	123.56354	22.42917	0.45275	58.01031	17.74538	7.69E-05	2.69396	1.02E-05	1.27E+07	7.94E-08	27.61068	172.6552	6.39E-05	0.0058	2.56E-05	2.34E-05
0.0212	15.89533	31.69044	11.26398	3.34965	37.77523	90.52884	5.07929	1.83284	0.50349	0.94429	0.43394	0.43168	0.07134	0.06396	0.02304	0.02304	0.21529	87.27448	3.80764	1.62617	nan	2.01941	nan	0.65244	1.58289	0.54943	0.07044	0.38193	0.00589	0.50321	0.6604	0.2446	65.18641	597.49589	617.03124	479.9593	657.69034	381.71657	433.23943	nan	537.98735	349.3797	528.81164	295.90666	442.05224	553.94161	538.13383	464.01308	539.85207	664.93533	541.66999	123.26534	47.90274	123.26534	22.26877	0.45454	57.92023	17.71783	7.70E-05	2.6947	1.02E-05	1.27E+07	7.94E-08	27.61352	172.6328	6.39E-05	0.00581	2.57E-05	2.34E-05
0.0216	15.39881	32.27389	11.18198	3.97449	37.14534	90.58129	5.00406	1.85478	0.49533	0.93873	0.44225	0.43374	0.07079	0.06428	0.02322	0.02322	0.21688	87.27664	3.81402	1.63123	nan	2.01938	nan	0.63625	1.62185	0.53607	0.09393	0.36825	0.00602	0.49779	0.6647	0.24863	65.38087	598.32179	617.50495	481.74128	657.42514	382.27338	433.6382	nan	536.4139	348.70998	524.37848	297.03198	436.69468	553.93612	537.31432	461.42312	537.92222	664.58712	541.61999	122.96714	48.55694	122.96714	22.10837	0.45633	57.83014	17.69027	7.70E-05	2.69543	1.02E-05	1.27E+07	7.94E-08	27.61636	172.6104	6.39E-05	0.00581	2.57E-05	2.34E-05
0.022	14.90229	32.85733	11.09998	4.59934	36.51546	90.63373	4.92882	1.87672	0.48716	0.93316	0.45056	0.4358	0.07024	0.0646	0.0234	0.0234	0.21848	87.2788	3.8204	1.63628	nan	2.01935	nan	0.62006	1.66081	0.52272	0.11741	0.35456	0.00615	0.49236	0.669	0.25267	65.57532	599.1477	617.97866	483.52326	657.15994	382.8302	434.03698	nan	534.84045	348.04025	519.94532	298.15729	431.33712	553.93063	536.49482	458.83315	535.99238	664.23892	541.56999	122.66893	49.21114	122.66893	21.94796	0.45812	57.74006	17.66271	7.71E-05	2.69616	1.02E-05	1.27E+07	7.95E-08	27.6192	172.588	6.39E-05	0.00581	2.57E-05	2.34E-05
0.0224	14.40577	33.44077	11.01798	5.22418	35.88558	90.68618	4.85359	1.89867	0.47899	0.92759	0.45887	0.43786	0.06969	0.06492	0.02358	0.02358	0.22008	87.28096	3.82678	1.64134	nan	2.01932	nan	0.60388	1.69977	0.50936	0.14089	0.34087	0.00628	0.48693	0.6733	0.2567	65.76978	599.97361	618.45238	485.30524	656.89474	383.38702	434.43575	nan	533.26701	347.37053	515.51217	299.2826	425.97956	553.92514	535.67532	456.24318	534.06253	663.89072	541.51999	122.37073	49.86535	122.37073	21.78756	0.45991	57.64998	17.63516	7.71E-05	2.69689	1.02E-05	1.27E+07	7.95E-08	27.62204	172.56559	6.38E-05	0.00581	2.57E-05	2.35E-05
0.0228	13.90925	34.02421	10.93598	5.84902	35.2557	90.73862	4.77836	1.92061	0.47082	0.92202	0.46719	0.43992	0.06914	0.06524	0.02376	0.02376	0.22167	87.28312	3.83316	1.64639	nan	2.01929	nan	0.58769	1.73873	0.496	0.16437	0.32718	0.00641	0.4815	0.6776	0.26073	65.96424	600.79952	618.92609	487.08722	656.62954	383.94384	434.83453	nan	531.69356	346.70081	511.07901	300.40791	420.622	553.91966	534.85581	453.65322	532.13268	663.54252	541.46999	122.07253	50.51955	122.07253	21.62716	0.4617	57.55989	17.6076	7.71E-05	2.69762	1.02E-05	1.27E+07	7.95E-08	27.62488	172.54319	6.38E-05	0.00581	2.57E-05	2.35E-05
0.0232	13.41272	34.60766	10.85398	6.47386	34.62581	90.79106	4.70313	1.94256	0.46265	0.91645	0.4755	0.44198	0.06858	0.06556	0.02394	0.02394	0.22327	87.28528	3.83954	1.65145	nan	2.01926	nan	0.5715	1.77769	0.48265	0.18785	0.31349	0.00654	0.47607	0.6819	0.26477	66.15869	601.62542	619.39981	488.8692	656.36434	384.50066	435.2333	nan	530.12011	346.03108	506.64585	301.53323	415.26444	553.91417	534.03631	451.06325	530.20283	663.19432	541.41999	121.77433	51.17375	121.77433	21.46676	0.46349	57.46981	17.58005	7.72E-05	2.69836	1.02E-05	1.27E+07	7.95E-08	27.62772	172.52079	6.38E-05	0.00582	2.57E-05	2.35E-05
0.0236	12.9162	35.1911	10.77198	7.09871	33.99593	90.84351	4.62789	1.9645	0.45449	0.91089	0.48381	0.44404	0.06803	0.06588	0.02412	0.02412	0.22486	87.28744	3.84592	1.65651	nan	2.01923	nan	0.55532	1.81665	0.46929	0.21133	0.2998	0.00667	0.47065	0.6862	0.2688	66.35315	602.45133	619.87352	490.65118	656.09914	385.05748	435.63207	nan	528.54667	345.36136	502.21269	302.65854	409.90688	553.90868	533.21681	448.47328	528.27298	662.84612	541.36999	121.47613	51.82795	121.47613	21.30636	0.46529	57.37972	17.55249	7.72E-05	2.69909	1.02E-05	1.27E+07	7.95E-08	27.63056	172.49839	6.38E-05	0.00582	2.57E-05	2.35E-05
0.024	12.41968	35.77454	10.68998	7.72355	33.36605	90.89595	4.55266	1.98645	0.44632	0.90532	0.49212	0.4461	0.06748	0.0662	0.0243	0.0243	0.22646	87.2896	3.8523	1.66156	nan	2.0192	nan	0.53913	1.85561	0.45594	0.23481	0.28612	0.0068	0.46522	0.6905	0.27283	66.54761	603.27724	620.34723	492.43316	655.83394	385.61429	436.03085	nan	526.97322	344.69164	497.77954	303.78385	404.54931	553.90319	532.3973	445.88332	526.34314	662.49792	541.31999	121.17793	52.48216	121.17793	21.14596	0.46708	57.28964	17.52493	7.73E-05	2.69982	1.02E-05	1.26E+07	7.95E-08	27.6334	172.47599	6.37E-05	0.00582	2.58E-05	2.35E-05
0.0244	11.92316	36.35798	10.60798	8.34839	32.73617	90.9484	4.47743	2.00839	0.43815	0.89975	0.50043	0.44816	0.06693	0.06652	0.02448	0.02448	0.22806	87.29176	3.85868	1.66662	nan	2.01917	nan	0.52294	1.89457	0.44258	0.25829	0.27243	0.00693	0.45979	0.6948	0.27687	66.74206	604.10315	620.82095	494.21514	655.56874	386.17111	436.42962	nan	525.39978	344.02192	493.34638	304.90916	399.19175	553.8977	531.5778	443.29335	524.41329	662.14972	541.26999	120.87973	53.13636	120.87973	20.98556	0.46887	57.19955	17.49738	7.73E-05	2.70055	1.02E-05	1.26E+07	7.95E-08	27.63624	172.45359	6.37E-05	0.00582	2.58E-05	2.35E-05
0.0248	11.42664	36.94142	10.52598	8.97323	32.10628	91.00084	4.4022	2.03033	0.42998	0.89418	0.50875	0.45022	0.06638	0.06684	0.02466	0.02466	0.22965	87.29392	3.86506	1.67167	nan	2.01914	nan	0.50676	1.93353	0.42922	0.28177	0.25874	0.00706	0.45436	0.6991	0.2809	66.93652	604.92905	621.29466	495.99712	655.30353	386.72793	436.8284	nan	523.82633	343.35219	488.91322	306.03448	393.83419	553.89221	530.7583	440.70339	522.48344	661.80151	541.21999	120.58153	53.79056	120.58153	20.82516	0.47066	57.10947	17.46982	7.73E-05	2.70128	1.02E-05	1.26E+07	7.95E-08	27.63908	172.43119	6.37E-05	0.00582	2.58E-05	2.35E-05
0.0252	10.93011	37.52487	10.44398	9.59808	31.4764	91.05329	4.32697	2.05228	0.42181	0.88861	0.51706	0.45228	0.06582	0.06716	0.02484	0.02484	0.23125	87.29608	3.87144	1.67673	nan	2.01911	nan	0.49057	1.97249	0.41587	0.30525	0.24505	0.00719	0.44893	0.7034	0.28493	67.13098	605.75496	621.76838	497.7791	655.03833	387.28475	437.22717	nan	522.25288	342.68247	484.48006	307.15979	388.47663	553.88672	529.93879	438.11342	520.55359	661.45331	541.16999	120.28332	54.44476	120.28332	20.66476	0.47245	57.01939	17.44227	7.74E-05	2.70202	1.02E-05	1.26E+07	7.95E-08	27.64192	172.40879	6.37E-05	0.00582	2.58E-05	2.35E-05
0.0256	10.43359	38.10831	10.36198	10.22292	30.84652	91.10573	4.25173	2.07422	0.41365	0.88305	0.52537	0.45434	0.06527	0.06748	0.02502	0.02502	0.23284	87.29824	3.87782	1.68179	nan	2.01908	nan	0.47438	2.01145	0.40251	0.32873	0.23136	0.00732	0.44351	0.7077	0.28897	67.32543	606.58087	622.24209	499.56108	654.77313	387.84157	437.62594	nan	520.67944	342.01275	480.04691	308.2851	383.11907	553.88124	529.11929	435.52345	518.62375	661.10511	541.11999	119.98512	55.09897	119.98512	20.50436	0.47424	56.9293	17.41471	7.74E-05	2.70275	1.02E-05	1.26E+07	7.95E-08	27.64476	172.38639	6.36E-05	0.00583	2.58E-05	2.36E-05
0.026	9.93707	38.69175	10.27998	10.84776	30.21664	91.15817	4.1765	2.09617	0.40548	0.87748	0.53368	0.4564	0.06472	0.0678	0.0252	0.0252	0.23444	87.3004	3.8842	1.68684	nan	2.01905	nan	0.4582	2.05041	0.38916	0.35221	0.21768	0.00745	0.43808	0.712	0.293	67.51989	607.40677	622.7158	501.34306	654.50793	388.39838	438.02472	nan	519.10599	341.34303	475.61375	309.41041	377.76151	553.87575	528.29979	432.93349	516.6939	660.75691	541.06999	119.68692	55.75317	119.68692	20.34396	0.47603	56.83922	17.38715	7.75E-05	2.70348	1.02E-05	1.26E+07	7.95E-08	27.6476	172.36399	6.36E-05	0.00583	2.58E-05	2.36E-05
0.0264	9.44055	39.27519	10.19798	11.4726	29.58675	91.21062	4.10127	2.11811	0.39731	0.87191	0.54199	0.45846	0.06417	0.06812	0.02538	0.02538	0.23604	87.30256	3.89058	1.6919	nan	2.01902	nan	0.44201	2.08937	0.3758	0.37569	0.20399	0.00758	0.43265	0.7163	0.29703	67.71435	608.23268	623.18952	503.12504	654.24273	388.9552	438.42349	nan	517.53254	340.6733	471.18059	310.53573	372.40395	553.87026	527.48028	430.34352	514.76405	660.40871	541.01999	119.38872	56.40737	119.38872	20.18356	0.47782	56.74913	17.3596	7.75E-05	2.70421	1.02E-05	1.26E+07	7.95E-08	27.65044	172.34159	6.36E-05	0.00583	2.58E-05	2.36E-05
0.0268	8.94403	39.85864	10.11598	12.09745	28.95687	91.26306	4.02604	2.14005	0.38914	0.86634	0.55031	0.46052	0.06362	0.06844	0.02556	0.02556	0.23763	87.30472	3.89696	1.69695	nan	2.01899	nan	0.42582	2.12833	0.36244	0.39917	0.1903	0.00771	0.42722	0.7206	0.30107	67.9088	609.05859	623.66323	504.90702	653.97753	389.51202	438.82227	nan	515.9591	340.00358	466.74743	311.66104	367.04638	553.86477	526.66078	427.75355	512.8342	660.06051	540.96999	119.09052	57.06158	119.09052	20.02316	0.47961	56.65905	17.33204	7.75E-05	2.70494	1.02E-05	1.26E+07	7.95E-08	27.65328	172.31919	6.36E-05	0.00583	2.58E-05	2.36E-05
0.0272	8.4475	40.44208	10.03398	12.72229	28.32699	91.31551	3.9508	2.162	0.38097	0.86077	0.55862	0.46258	0.06306	0.06876	0.02574	0.02574	0.23923	87.30688	3.90334	1.70201	nan	2.01896	nan	0.40964	2.16729	0.34909	0.42265	0.17661	0.00784	0.42179	0.7249	0.3051	68.10326	609.8845	624.13694	506.689	653.71233	390.06884	439.22104	nan	514.38565	339.33386	462.31427	312.78635	361.68882	553.85928	525.84128	425.16359	510.90436	659.71231	540.91999	118.79232	57.71578	118.79232	19.86276	0.4814	56.56896	17.30448	7.76E-05	2.70568	1.02E-05	1.26E+07	7.96E-08	27.65612	172.29679	6.35E-05	0.00583	2.59E-05	2.36E-05
0.0276	7.95098	41.02552	9.95198	13.34713	27.69711	91.36795	3.87557	2.18394	0.37281	0.85521	0.56693	0.46464	0.06251	0.06908	0.02592	0.02592	0.24082	87.30904	3.90972	1.70707	nan	2.01893	nan	0.39345	2.20625	0.33573	0.44613	0.16292	0.00797	0.41637	0.7292	0.30913	68.29772	610.7104	624.61066	508.47099	653.44713	390.62566	439.61981	nan	512.81221	338.66414	457.88112	313.91166	356.33126	553.85379	525.02177	422.57362	508.97451	659.3641	540.86999	118.49412	58.36998	118.49412	19.70236	0.4832	56.47888	17.27693	7.76E-05	2.70641	1.02E-05	1.26E+07	7.96E-08	27.65896	172.27439	6.35E-05	0.00584	2.59E-05	2.36E-05
0.028	7.45446	41.60896	9.86998	13.97197	27.06722	91.42039	3.80034	2.20589	0.36464	0.84964	0.57524	0.4667	0.06196	0.0694	0.0261	0.0261	0.24242	87.3112	3.9161	1.71212	nan	2.0189	nan	0.37726	2.24521	0.32238	0.46961	0.14924	0.0081	0.41094	0.7335	0.31317	68.49217	611.53631	625.08437	510.25297	653.18193	391.18248	440.01859	nan	511.23876	337.99441	453.44796	315.03698	350.9737	553.84831	524.20227	419.98365	507.04466	659.0159	540.81999	118.19592	59.02418	118.19592	19.54196	0.48499	56.38879	17.24937	7.77E-05	2.70714	1.02E-05	1.26E+07	7.96E-08	27.6618	172.25199	6.35E-05	0.00584	2.59E-05	2.36E-05
0.0284	6.95794	42.19241	9.78798	14.59682	26.43734	91.47284	3.72511	2.22783	0.35647	0.84407	0.58355	0.46876	0.06141	0.06972	0.02628	0.02628	0.24402	87.31336	3.92248	1.71718	nan	2.01887	nan	0.36108	2.28417	0.30902	0.49309	0.13555	0.00823	0.40551	0.7378	0.3172	68.68663	612.36222	625.55809	512.03495	652.91672	391.73929	440.41736	nan	509.66531	337.32469	449.0148	316.16229	345.61614	553.84282	523.38277	417.39369	505.11481	658.6677	540.76999	117.89772	59.67839	117.89772	19.38155	0.48678	56.29871	17.22182	7.77E-05	2.70787	1.02E-05	1.26E+07	7.96E-08	27.66464	172.22959	6.35E-05	0.00584	2.59E-05	2.36E-05
0.0288	6.46142	42.77585	9.70598	15.22166	25.80746	91.52528	3.64987	2.24977	0.3483	0.8385	0.59187	0.47082	0.06086	0.07004	0.02646	0.02646	0.24561	87.31552	3.92886	1.72223	nan	2.01884	nan	0.34489	2.32313	0.29566	0.51657	0.12186	0.00836	0.40008	0.7421	0.32123	68.88109	613.18813	626.0318	513.81693	652.65152	392.29611	440.81614	nan	508.09187	336.65497	444.58164	317.2876	340.25858	553.83733	522.56326	414.80372	503.18496	658.3195	540.71999	117.59951	60.33259	117.59951	19.22115	0.48857	56.20863	17.19426	7.77E-05	2.7086	1.02E-05	1.26E+07	7.96E-08	27.66748	172.20719	6.35E-05	0.00584	2.59E-05	2.37E-05
0.0292	5.9649	43.35929	9.62398	15.8465	25.17758	91.57773	3.57464	2.27172	0.34013	0.83293	0.60018	0.47288	0.0603	0.07036	0.02664	0.02664	0.24721	87.31768	3.93524	1.72729	nan	2.01881	nan	0.3287	2.36209	0.28231	0.54005	0.10817	0.00849	0.39465	0.7464	0.32527	69.07554	614.01403	626.50551	515.59891	652.38632	392.85293	441.21491	nan	506.51842	335.98524	440.14849	318.41291	334.90102	553.83184	521.74376	412.21376	501.25512	657.9713	540.66999	117.30131	60.98679	117.30131	19.06075	0.49036	56.11854	17.1667	7.78E-05	2.70934	1.02E-05	1.26E+07	7.96E-08	27.67032	172.18479	6.34E-05	0.00584	2.59E-05	2.37E-05
0.0296	5.46837	43.94273	9.54198	16.47134	24.54769	91.63017	3.49941	2.29366	0.33197	0.82737	0.60849	0.47494	0.05975	0.07068	0.02682	0.02682	0.2488	87.31984	3.94162	1.73235	nan	2.01878	nan	0.31252	2.40105	0.26895	0.56353	0.09448	0.00862	0.38923	0.7507	0.3293	69.27	614.83994	626.97923	517.38089	652.12112	393.40975	441.61369	nan	504.94497	335.31552	435.71533	319.53823	329.54345	553.82635	520.92426	409.62379	499.32527	657.6231	540.61999	117.00311	61.64099	117.00311	18.90035	0.49215	56.02846	17.13915	7.78E-05	2.71007	1.02E-05	1.26E+07	7.96E-08	27.67316	172.16239	6.34E-05	0.00585	2.59E-05	2.37E-05
0.03	4.97226	44.52564	9.46003	17.09618	23.91789	91.68263	3.42419	2.31558	0.3238	0.8218	0.6168	0.477	0.0592	0.071	0.027	0.027	0.2504	87.32206	3.94797	1.73741	nan	2.01875	nan	0.29633	2.43997	0.2556	0.58699	0.0808	0.00875	0.3838	0.755	0.33333	69.46446	615.66578	627.45294	519.16274	651.856	393.96639	442.01246	nan	503.37231	334.64711	431.28274	320.66154	324.18834	553.82086	520.10528	407.03433	497.39558	657.27494	540.57005	116.70489	62.29538	116.70488	18.73987	0.49394	55.93845	17.11161	7.79E-05	2.7108	1.02E-05	1.26E+07	7.96E-08	27.676	172.14016	6.34E-05	0.00585	2.60E-05	2.37E-05
0.0304	5.85312	43.31913	9.5555	17.68327	23.56077	91.79069	3.38589	2.25751	0.31909	0.81494	0.62145	0.47628	0.05929	0.06984	0.02713	0.02713	0.24576	87.51763	3.84087	1.77445	nan	2.01872	nan	0.29828	2.34917	0.25922	0.56351	0.08461	0.00848	0.38329	0.7429	0.32844	69.67945	616.25033	627.91089	520.5029	651.84237	393.93992	442.41123	nan	504.40561	338.36285	428.75406	315.12076	326.99949	553.81537	521.03874	406.14733	495.98394	657.07967	540.74005	116.33962	63.56679	116.30441	18.30413	0.49246	56.10173	17.16158	7.79E-05	2.70985	1.02E-05	1.27E+07	7.94E-08	27.67789	172.66789	6.36E-05	0.00583	2.60E-05	2.37E-05
0.0308	6.73398	42.11262	9.65096	18.27037	23.20365	91.89875	3.34759	2.19943	0.31437	0.80808	0.6261	0.47556	0.05937	0.06868	0.02727	0.02727	0.24111	87.71321	3.73378	1.81149	nan	2.01869	nan	0.30023	2.25837	0.26283	0.54003	0.08842	0.00821	0.38278	0.73081	0.32355	69.89443	616.83488	628.36885	521.84307	651.82874	393.91345	442.81001	nan	505.43892	342.07858	426.22537	309.57998	329.81065	553.80989	521.97221	405.26033	494.57231	656.88441	540.91005	115.97435	64.83819	115.90394	17.8684	0.49097	56.265	17.21154	7.80E-05	2.7089	1.02E-05	1.27E+07	7.92E-08	27.67979	173.19563	6.38E-05	0.00581	2.60E-05	2.37E-05
0.0312	7.61483	40.9061	9.74643	18.85746	22.84653	92.0068	3.30928	2.14135	0.30966	0.80122	0.63075	0.47484	0.05946	0.06752	0.0274	0.0274	0.23647	87.90878	3.62669	1.84852	nan	2.01866	nan	0.30217	2.16757	0.26645	0.51655	0.09223	0.00794	0.38226	0.71872	0.31865	70.10942	617.41943	628.82681	523.18323	651.81512	393.88698	443.20878	nan	506.47222	345.79432	423.69669	304.03921	332.6218	553.8044	522.90567	404.37333	493.16068	656.68914	541.08005	115.60909	66.1096	115.50348	17.43266	0.48949	56.42828	17.2615	7.81E-05	2.70794	1.02E-05	1.27E+07	7.89E-08	27.68168	173.72336	6.39E-05	0.00579	2.60E-05	2.38E-05
0.0316	8.49569	39.69959	9.8419	19.44456	22.48941	92.11486	3.27098	2.08327	0.30495	0.79436	0.63539	0.47412	0.05954	0.06636	0.02753	0.02753	0.23183	88.10436	3.51959	1.88556	nan	2.01863	nan	0.30412	2.07677	0.27007	0.49307	0.09603	0.00767	0.38175	0.70662	0.31376	70.3244	618.00398	629.28476	524.5234	651.80149	393.86051	443.60756	nan	507.50553	349.51005	421.16801	298.49843	335.43295	553.79891	523.83913	403.48633	491.74905	656.49387	541.25005	115.24382	67.381	115.10301	16.99693	0.488	56.59156	17.31147	7.81E-05	2.70699	1.02E-05	1.28E+07	7.87E-08	27.68357	174.2511	6.41E-05	0.00578	2.60E-05	2.38E-05
0.032	9.37655	38.49308	9.93736	20.03165	22.13229	92.22291	3.23268	2.02519	0.30024	0.7875	0.64004	0.4734	0.05963	0.0652	0.02767	0.02767	0.22719	88.29993	3.4125	1.9226	nan	2.0186	nan	0.30607	1.98597	0.27368	0.46959	0.09984	0.0074	0.38124	0.69453	0.30887	70.53939	618.58853	629.74272	525.86356	651.78786	393.83404	444.00633	nan	508.53883	353.22579	418.63932	292.95765	338.2441	553.79342	524.7726	402.59933	490.33741	656.2986	541.42005	114.87855	68.65241	114.70254	16.56119	0.48652	56.75484	17.36143	7.82E-05	2.70604	1.02E-05	1.28E+07	7.85E-08	27.68547	174.77884	6.43E-05	0.00576	2.61E-05	2.38E-05
0.0324	10.25741	37.28657	10.03283	20.61875	21.77516	92.33097	3.19438	1.96712	0.29553	0.78065	0.64469	0.47268	0.05971	0.06404	0.0278	0.0278	0.22254	88.4955	3.30541	1.95964	nan	2.01857	nan	0.30801	1.89517	0.2773	0.44611	0.10365	0.00713	0.38073	0.68244	0.30397	70.75437	619.17309	630.20068	527.20373	651.77424	393.80758	444.4051	nan	509.57213	356.94152	416.11064	287.41688	341.05525	553.78793	525.70606	401.71233	488.92578	656.10334	541.59006	114.51328	69.92381	114.30207	16.12546	0.48503	56.91812	17.41139	7.83E-05	2.70509	1.02E-05	1.29E+07	7.83E-08	27.68736	175.30657	6.45E-05	0.00574	2.61E-05	2.38E-05
0.0328	11.13826	36.08006	10.1283	21.20585	21.41804	92.43903	3.15608	1.90904	0.29081	0.77379	0.64934	0.47196	0.0598	0.06288	0.02793	0.02793	0.2179	88.69108	3.19831	1.99667	nan	2.01854	nan	0.30996	1.80437	0.28091	0.42263	0.10746	0.00686	0.38022	0.67034	0.29908	70.96936	619.75764	630.65863	528.54389	651.76061	393.78111	444.80388	nan	510.60544	360.65726	413.58196	281.8761	343.8664	553.78244	526.63953	400.82533	487.51415	655.90807	541.76006	114.14801	71.19522	113.9016	15.68972	0.48355	57.08139	17.46136	7.84E-05	2.70414	1.02E-05	1.29E+07	7.80E-08	27.68925	175.83431	6.47E-05	0.00572	2.61E-05	2.38E-05
0.0332	12.01912	34.87355	10.22377	21.79294	21.06092	92.54708	3.11778	1.85096	0.2861	0.76693	0.65399	0.47124	0.05988	0.06172	0.02807	0.02807	0.21326	88.88665	3.09122	2.03371	nan	2.01851	nan	0.31191	1.71357	0.28453	0.39915	0.11127	0.00659	0.3797	0.65825	0.29419	71.18434	620.34219	631.11659	529.88406	651.74698	393.75464	445.20265	nan	511.63874	364.37299	411.05327	276.33532	346.67755	553.77695	527.57299	399.93833	486.10252	655.7128	541.93006	113.78275	72.46662	113.50113	15.25399	0.48207	57.24467	17.51132	7.84E-05	2.70318	1.02E-05	1.29E+07	7.78E-08	27.69115	176.36204	6.49E-05	0.0057	2.61E-05	2.39E-05
0.0336	12.89998	33.66703	10.31923	22.38004	20.7038	92.65514	3.07948	1.79288	0.28139	0.76007	0.65863	0.47052	0.05997	0.06056	0.0282	0.0282	0.20861	89.08223	2.98412	2.07075	nan	2.01848	nan	0.31385	1.62277	0.28815	0.37567	0.11507	0.00632	0.37919	0.64616	0.28929	71.39933	620.92674	631.57455	531.22422	651.73336	393.72817	445.60143	nan	512.67205	368.08873	408.52459	270.79455	349.4887	553.77147	528.50645	399.05133	484.69089	655.51753	542.10006	113.41748	73.73803	113.10067	14.81825	0.48058	57.40795	17.56128	7.85E-05	2.70223	1.02E-05	1.30E+07	7.76E-08	27.69304	176.88978	6.51E-05	0.00569	2.62E-05	2.39E-05
0.034	13.78083	32.46052	10.4147	22.96713	20.34668	92.7632	3.04117	1.73481	0.27668	0.75321	0.66328	0.4698	0.06005	0.0594	0.02833	0.02833	0.20397	89.2778	2.87703	2.10779	nan	2.01845	nan	0.3158	1.53197	0.29176	0.35219	0.11888	0.00605	0.37868	0.63406	0.2844	71.61431	621.51129	632.0325	532.56439	651.71973	393.7017	446.0002	nan	513.70535	371.80446	405.99591	265.25377	352.29986	553.76598	529.43992	398.16433	483.27925	655.32227	542.27006	113.05221	75.00943	112.7002	14.38252	0.4791	57.57123	17.61124	7.86E-05	2.70128	1.02E-05	1.30E+07	7.74E-08	27.69493	177.41751	6.53E-05	0.00567	2.62E-05	2.39E-05
0.0344	14.66169	31.25401	10.51017	23.55423	19.98956	92.87125	3.00287	1.67673	0.27197	0.74635	0.66793	0.46908	0.06014	0.05824	0.02847	0.02847	0.19933	89.47337	2.76994	2.14482	nan	2.01842	nan	0.31775	1.44117	0.29538	0.32871	0.12269	0.00578	0.37817	0.62197	0.2795	71.8293	622.09584	632.49046	533.90455	651.7061	393.67523	446.39897	nan	514.73866	375.5202	403.46722	259.71299	355.11101	553.76049	530.37338	397.27732	481.86762	655.127	542.44006	112.68694	76.28084	112.29973	13.94678	0.47761	57.73451	17.66121	7.86E-05	2.70033	1.02E-05	1.30E+07	7.72E-08	27.69683	177.94525	6.54E-05	0.00565	2.62E-05	2.39E-05
0.0348	15.54255	30.0475	10.60563	24.14132	19.63244	92.97931	2.96457	1.61865	0.26725	0.73949	0.67258	0.46836	0.06022	0.05708	0.0286	0.0286	0.19469	89.66895	2.66284	2.18186	nan	2.01839	nan	0.31969	1.35037	0.29899	0.30523	0.1265	0.00551	0.37766	0.60988	0.27461	72.04428	622.6804	632.94842	535.24472	651.69248	393.64876	446.79775	nan	515.77196	379.23593	400.93854	254.17222	357.92216	553.755	531.30684	396.39032	480.45599	654.93173	542.61006	112.32167	77.55224	111.89926	13.51105	0.47613	57.89778	17.71117	7.87E-05	2.69938	1.02E-05	1.31E+07	7.69E-08	27.69872	178.47298	6.56E-05	0.00563	2.62E-05	2.39E-05
0.0352	16.4234	28.84099	10.7011	24.72842	19.27531	93.08737	2.92627	1.56057	0.26254	0.73263	0.67723	0.46764	0.06031	0.05592	0.02873	0.02873	0.19004	89.86452	2.55575	2.2189	nan	2.01836	nan	0.32164	1.25957	0.30261	0.28175	0.13031	0.00524	0.37714	0.59778	0.26972	72.25927	623.26495	633.40637	536.58489	651.67885	393.62229	447.19652	nan	516.80526	382.95167	398.40986	248.63144	360.73331	553.74951	532.24031	395.50332	479.04436	654.73646	542.78006	111.9564	78.82365	111.49879	13.07531	0.47464	58.06106	17.76113	7.88E-05	2.69842	1.02E-05	1.31E+07	7.67E-08	27.70061	179.00072	6.58E-05	0.00562	2.63E-05	2.40E-05
0.0356	17.30426	27.63448	10.79657	25.31552	18.91819	93.19542	2.88797	1.5025	0.25783	0.72578	0.68187	0.46692	0.06039	0.05476	0.02887	0.02887	0.1854	90.0601	2.44866	2.25594	nan	2.01833	nan	0.32359	1.16877	0.30623	0.25827	0.13411	0.00497	0.37663	0.58569	0.26482	72.47425	623.8495	633.86433	537.92505	651.66522	393.59582	447.5953	nan	517.83857	386.6674	395.88117	243.09066	363.54446	553.74402	533.17377	394.61632	477.63272	654.5412	542.95006	111.59114	80.09505	111.09832	12.63958	0.47316	58.22434	17.8111	7.88E-05	2.69747	1.02E-05	1.31E+07	7.65E-08	27.70251	179.52845	6.60E-05	0.0056	2.63E-05	2.40E-05
0.036	18.18512	26.42797	10.89203	25.90261	18.56107	93.30348	2.84967	1.44442	0.25312	0.71892	0.68652	0.4662	0.06048	0.0536	0.029	0.029	0.18076	90.25567	2.34156	2.29297	nan	2.0183	nan	0.32553	1.07797	0.30984	0.23479	0.13792	0.0047	0.37612	0.5736	0.25993	72.68924	624.43405	634.32228	539.26522	651.6516	393.56935	447.99407	nan	518.87187	390.38314	393.35249	237.54989	366.35561	553.73854	534.10724	393.72932	476.22109	654.34593	543.12006	111.22587	81.36646	110.69786	12.20384	0.47167	58.38762	17.86106	7.89E-05	2.69652	1.02E-05	1.32E+07	7.63E-08	27.7044	180.05619	6.62E-05	0.00558	2.63E-05	2.40E-05
0.0364	19.06597	25.22145	10.9875	26.48971	18.20395	93.41154	2.81136	1.38634	0.24841	0.71206	0.69117	0.46548	0.06057	0.05244	0.02913	0.02913	0.17612	90.45124	2.23447	2.33001	nan	2.01827	nan	0.32748	0.98717	0.31346	0.21131	0.14173	0.00443	0.37561	0.5615	0.25504	72.90422	625.0186	634.78024	540.60538	651.63797	393.54288	448.39285	nan	519.90518	394.09887	390.82381	232.00911	369.16676	553.73305	535.0407	392.84232	474.80946	654.15066	543.29006	110.8606	82.63786	110.29739	11.76811	0.47019	58.5509	17.91102	7.90E-05	2.69557	1.02E-05	1.32E+07	7.60E-08	27.70629	180.58393	6.64E-05	0.00556	2.63E-05	2.40E-05
0.0368	19.94683	24.01494	11.08297	27.0768	17.84683	93.51959	2.77306	1.32826	0.24369	0.7052	0.69582	0.46476	0.06065	0.05128	0.02927	0.02927	0.17147	90.64682	2.12737	2.36705	nan	2.01824	nan	0.32943	0.89637	0.31707	0.18783	0.14554	0.00416	0.3751	0.54941	0.25014	73.11921	625.60315	635.2382	541.94555	651.62434	393.51641	448.79162	nan	520.93848	397.81461	388.29512	226.46833	371.97791	553.72756	535.97416	391.95532	473.39783	653.95539	543.46006	110.49533	83.90927	109.89692	11.33237	0.46871	58.71417	17.96098	7.91E-05	2.69462	1.02E-05	1.32E+07	7.58E-08	27.70819	181.11166	6.66E-05	0.00554	2.64E-05	2.40E-05
0.0372	20.82769	22.80843	11.17844	27.6639	17.48971	93.62765	2.73476	1.27019	0.23898	0.69834	0.70047	0.46404	0.06074	0.05012	0.0294	0.0294	0.16683	90.84239	2.02028	2.40409	nan	2.01821	nan	0.33137	0.80557	0.32069	0.16435	0.14935	0.00389	0.37458	0.53732	0.24525	73.33419	626.18771	635.69615	543.28571	651.61071	393.48994	449.19039	nan	521.97178	401.53034	385.76644	220.92755	374.78907	553.72207	536.90763	391.06832	471.98619	653.76013	543.63006	110.13006	85.18067	109.49645	10.89664	0.46722	58.87745	18.01095	7.91E-05	2.69366	1.02E-05	1.33E+07	7.56E-08	27.71008	181.6394	6.68E-05	0.00553	2.64E-05	2.41E-05
0.0376	21.70854	21.60192	11.2739	28.25099	17.13259	93.7357	2.69646	1.21211	0.23427	0.69148	0.70511	0.46332	0.06082	0.04896	0.02953	0.02953	0.16219	91.03797	1.91319	2.44112	nan	2.01818	nan	0.33332	0.71477	0.32431	0.14087	0.15315	0.00362	0.37407	0.52522	0.24036	73.54918	626.77226	636.15411	544.62588	651.59709	393.46347	449.58917	nan	523.00509	405.24608	383.23776	215.38678	377.60022	553.71658	537.84109	390.18132	470.57456	653.56486	543.80006	109.7648	86.45208	109.09598	10.4609	0.46574	59.04073	18.06091	7.92E-05	2.69271	1.02E-05	1.33E+07	7.54E-08	27.71197	182.16713	6.69E-05	0.00551	2.64E-05	2.41E-05
0.038	22.5894	20.39541	11.36937	28.83809	16.77546	93.84376	2.65816	1.15403	0.22956	0.68462	0.70976	0.4626	0.06091	0.0478	0.02967	0.02967	0.15754	91.23354	1.80609	2.47816	nan	2.01815	nan	0.33527	0.62397	0.32792	0.11739	0.15696	0.00335	0.37356	0.51313	0.23546	73.76416	627.35681	636.61207	545.96604	651.58346	393.437	449.98794	nan	524.03839	408.96181	380.70907	209.846	380.41137	553.71109	538.77455	389.29432	469.16293	653.36959	543.97006	109.39953	87.72348	108.69551	10.02517	0.46425	59.20401	18.11087	7.93E-05	2.69176	1.02E-05	1.33E+07	7.51E-08	27.71387	182.69487	6.71E-05	0.00549	2.64E-05	2.41E-05
0.0384	23.47026	19.1889	11.46484	29.42519	16.41834	93.95182	2.61986	1.09595	0.22485	0.67777	0.71441	0.46188	0.06099	0.04664	0.0298	0.0298	0.1529	91.42912	1.699	2.5152	nan	2.01812	nan	0.33721	0.53317	0.33154	0.09391	0.16077	0.00308	0.37305	0.50104	0.23057	73.97915	627.94136	637.07002	547.30621	651.56983	393.41053	450.38672	nan	525.0717	412.67755	378.18039	204.30522	383.22252	553.7056	539.70802	388.40732	467.7513	653.17433	544.14007	109.03426	88.99489	108.29505	9.58943	0.46277	59.36729	18.16084	7.93E-05	2.69081	1.02E-05	1.34E+07	7.49E-08	27.71576	183.2226	6.73E-05	0.00547	2.64E-05	2.41E-05
0.0388	24.35112	17.98239	11.5603	30.01228	16.06122	94.05987	2.58156	1.03788	0.22013	0.67091	0.71906	0.46116	0.06108	0.04548	0.02993	0.02993	0.14826	91.62469	1.59191	2.55224	nan	2.01809	nan	0.33916	0.44236	0.33515	0.07043	0.16458	0.00281	0.37254	0.48894	0.22568	74.19413	628.52591	637.52798	548.64637	651.55621	393.38406	450.78549	nan	526.105	416.39328	375.65171	198.76445	386.03367	553.70012	540.64148	387.52031	466.33967	652.97906	544.31007	108.66899	90.26629	107.89458	9.1537	0.46128	59.53056	18.2108	7.94E-05	2.68986	1.02E-05	1.34E+07	7.47E-08	27.71765	183.75034	6.75E-05	0.00545	2.65E-05	2.42E-05
0.0392	25.23197	16.77587	11.65577	30.59938	15.7041	94.16793	2.54325	0.9798	0.21542	0.66405	0.72371	0.46044	0.06116	0.04432	0.03007	0.03007	0.14362	91.82026	1.48481	2.58927	nan	2.01806	nan	0.34111	0.35156	0.33877	0.04695	0.16839	0.00254	0.37202	0.47685	0.22078	74.40912	629.11046	637.98594	549.98654	651.54258	393.35759	451.18426	nan	527.13831	420.10902	373.12302	193.22367	388.84482	553.69463	541.57495	386.63331	464.92803	652.78379	544.48007	108.30372	91.5377	107.49411	8.71796	0.4598	59.69384	18.26076	7.95E-05	2.6889	1.02E-05	1.34E+07	7.45E-08	27.71955	184.27807	6.77E-05	0.00544	2.65E-05	2.42E-05
0.0396	26.11283	15.56936	11.75124	31.18647	15.34698	94.27599	2.50495	0.92172	0.21071	0.65719	0.72835	0.45972	0.06125	0.04316	0.0302	0.0302	0.13897	92.01584	1.37772	2.62631	nan	2.01803	nan	0.34305	0.26076	0.34239	0.02347	0.17219	0.00227	0.37151	0.46476	0.21589	74.6241	629.69502	638.44389	551.3267	651.52895	393.33113	451.58304	nan	528.17161	423.82475	370.59434	187.68289	391.65597	553.68914	542.50841	385.74631	463.5164	652.58852	544.65007	107.93846	92.8091	107.09364	8.28223	0.45831	59.85712	18.31072	7.95E-05	2.68795	1.02E-05	1.35E+07	7.43E-08	27.72144	184.80581	6.79E-05	0.00542	2.65E-05	2.42E-05
0.04	26.99293	14.36347	11.84651	31.77343	14.99033	94.38395	2.4667	0.86368	0.206	0.65033	0.733	0.459	0.06133	0.042	0.03033	0.03033	0.13433	92.21126	1.27071	2.66332	nan	2.018	nan	0.345	0.17003	0.346	1.36E-05	0.176	0.002	0.371	0.45267	0.211	74.8388	630.27884	638.90136	552.66474	651.51537	393.30486	451.98181	nan	529.20423	427.53862	368.06602	182.14556	394.46577	553.68365	543.44044	384.86102	462.1058	652.39344	544.81992	107.57351	94.07943	106.69353	7.84685	0.45683	60.02026	18.36064	7.96E-05	2.687	1.02E-05	1.35E+07	7.40E-08	27.72333	185.33317	6.81E-05	0.0054	2.65E-05	2.42E-05
0.0404	25.97828	14.71054	11.46053	32.00404	15.81273	94.25909	2.55845	0.8868	0.21653	0.65049	0.73044	0.46333	0.06043	0.04195	0.03047	0.03047	0.13576	92.03648	1.38339	2.64068	nan	2.01797	nan	0.34732	0.23613	0.35225	0.03412	0.18284	0.00205	0.37475	0.46615	0.21881	74.34074	629.0552	638.14609	548.68962	651.60382	393.7819	452.38059	nan	528.52126	426.59649	366.43714	185.2161	393.891	553.67816	540.78722	388.24508	463.26873	652.6502	544.62742	108.02278	92.66403	107.178	8.31119	0.46181	59.83659	18.30445	7.95E-05	2.68735	1.02E-05	1.35E+07	7.42E-08	27.71971	184.91526	6.79E-05	0.00541	2.65E-05	2.42E-05
0.0408	24.96362	15.05761	11.07455	32.23465	16.63514	94.13423	2.65021	0.90993	0.22706	0.65064	0.72788	0.46766	0.05953	0.04191	0.0306	0.0306	0.13719	91.8617	1.49606	2.61803	nan	2.01794	nan	0.34964	0.30224	0.3585	0.06823	0.18968	0.0021	0.37849	0.47962	0.22662	73.84268	627.83156	637.39083	544.7145	651.69227	394.25895	452.77936	nan	527.83829	425.65436	364.80827	188.28665	393.31623	553.67267	538.13399	391.62913	464.43166	652.90697	544.43492	108.47205	91.24862	107.66246	8.77552	0.46679	59.65292	18.24825	7.94E-05	2.6877	1.02E-05	1.35E+07	7.45E-08	27.71609	184.49735	6.78E-05	0.00543	2.65E-05	2.42E-05
0.0412	23.94897	15.40468	10.68856	32.46526	17.45754	94.00938	2.74196	0.93306	0.23758	0.65079	0.72532	0.472	0.05864	0.04186	0.03074	0.03074	0.13861	91.68692	1.60873	2.59538	nan	2.01791	nan	0.35196	0.36835	0.36475	0.10234	0.19652	0.00215	0.38223	0.49309	0.23443	73.34462	626.60792	636.63556	540.73938	651.78072	394.73599	453.17813	nan	527.15532	424.71223	363.1794	191.35719	392.74146	553.66718	535.48077	395.01319	465.59459	653.16374	544.24242	108.92132	89.83322	108.14693	9.23986	0.47177	59.46925	18.19205	7.93E-05	2.68805	1.02E-05	1.34E+07	7.47E-08	27.71247	184.07945	6.77E-05	0.00544	2.64E-05	2.41E-05
0.0416	22.93432	15.75174	10.30258	32.69587	18.27994	93.88452	2.83371	0.95619	0.24811	0.65094	0.72276	0.47633	0.05774	0.04182	0.03087	0.03087	0.14004	91.51214	1.72141	2.57273	nan	2.01788	nan	0.35428	0.43445	0.37099	0.13645	0.20336	0.0022	0.38598	0.50657	0.24224	72.84656	625.38428	635.88029	536.76425	651.86917	395.21303	453.57691	nan	526.47235	423.77011	361.55052	194.42773	392.16669	553.6617	532.82755	398.39724	466.75752	653.42051	544.04992	109.37059	88.41781	108.6314	9.70419	0.47674	59.28558	18.13585	7.92E-05	2.68839	1.02E-05	1.34E+07	7.49E-08	27.70886	183.66154	6.75E-05	0.00546	2.64E-05	2.41E-05
0.042	21.91967	16.09881	9.9166	32.92648	19.10235	93.75966	2.92546	0.97931	0.25863	0.6511	0.7202	0.48066	0.05684	0.04177	0.03101	0.03101	0.14147	91.33736	1.83408	2.55009	nan	2.01785	nan	0.3566	0.50056	0.37724	0.17056	0.2102	0.00225	0.38972	0.52004	0.25005	72.34851	624.16064	635.12502	532.78913	651.95762	395.69008	453.97568	nan	525.78938	422.82798	359.92165	197.49827	391.59193	553.65621	530.17433	401.7813	467.92046	653.67727	543.85742	109.81986	87.00241	109.11587	10.16853	0.48172	59.1019	18.07965	7.91E-05	2.68874	1.02E-05	1.34E+07	7.51E-08	27.70524	183.24363	6.74E-05	0.00547	2.64E-05	2.41E-05
0.0424	20.90502	16.44588	9.53062	33.15709	19.92475	93.6348	3.01721	1.00244	0.26916	0.65125	0.71764	0.48499	0.05594	0.04173	0.03114	0.03114	0.14289	91.16258	1.94675	2.52744	nan	2.01782	nan	0.35892	0.56667	0.38349	0.20467	0.21704	0.0023	0.39347	0.53351	0.25786	71.85045	622.937	634.36975	528.81401	652.04607	396.16712	454.37446	nan	525.10641	421.88585	358.29278	200.56881	391.01716	553.65072	527.5211	405.16535	469.08339	653.93404	543.66492	110.26912	85.587	109.60034	10.63286	0.4867	58.91823	18.02345	7.90E-05	2.68909	1.02E-05	1.33E+07	7.53E-08	27.70162	182.82573	6.72E-05	0.00549	2.63E-05	2.40E-05
0.0428	19.89037	16.79295	9.14463	33.3877	20.74715	93.50995	3.10896	1.02557	0.27968	0.6514	0.71508	0.48932	0.05504	0.04168	0.03128	0.03128	0.14432	90.98781	2.05943	2.50479	nan	2.01779	nan	0.36124	0.63277	0.38974	0.23878	0.22388	0.00235	0.39721	0.54699	0.26567	71.35239	621.71336	633.61448	524.83889	652.13452	396.64416	454.77323	nan	524.42344	420.94372	356.6639	203.63935	390.44239	553.64523	524.86788	408.54941	470.24632	654.19081	543.47242	110.71839	84.17159	110.08481	11.0972	0.49168	58.73456	17.96726	7.89E-05	2.68944	1.02E-05	1.33E+07	7.55E-08	27.698	182.40782	6.71E-05	0.0055	2.63E-05	2.40E-05
0.0432	18.87571	17.14002	8.75865	33.61831	21.56956	93.38509	3.20071	1.0487	0.29021	0.65155	0.71252	0.49365	0.05414	0.04163	0.03142	0.03142	0.14575	90.81303	2.1721	2.48214	nan	2.01776	nan	0.36356	0.69888	0.39599	0.27289	0.23072	0.0024	0.40095	0.56046	0.27348	70.85433	620.48972	632.85921	520.86376	652.22297	397.12121	455.17201	nan	523.74047	420.00159	355.03503	206.7099	389.86762	553.63974	522.21466	411.93346	471.40925	654.44758	543.27992	111.16766	82.75619	110.56928	11.56153	0.49665	58.55089	17.91106	7.88E-05	2.68979	1.02E-05	1.33E+07	7.57E-08	27.69438	181.98991	6.70E-05	0.00552	2.63E-05	2.40E-05
0.0436	17.86106	17.48708	8.37267	33.84892	22.39196	93.26023	3.29246	1.07183	0.30074	0.6517	0.70996	0.49798	0.05324	0.04159	0.03155	0.03155	0.14717	90.63825	2.28478	2.45949	nan	2.01773	nan	0.36588	0.76499	0.40223	0.307	0.23756	0.00245	0.4047	0.57393	0.28129	70.35627	619.26607	632.10394	516.88864	652.31142	397.59825	455.57078	nan	523.0575	419.05946	353.40616	209.78044	389.29285	553.63425	519.56144	415.31752	472.57218	654.70435	543.08742	111.61693	81.34078	111.05374	12.02587	0.50163	58.36722	17.85486	7.87E-05	2.69014	1.02E-05	1.32E+07	7.59E-08	27.69076	181.57201	6.68E-05	0.00553	2.62E-05	2.39E-05
0.044	16.84641	17.83415	7.98669	34.07953	23.21436	93.13537	3.38421	1.09495	0.31126	0.65186	0.7074	0.50232	0.05234	0.04154	0.03169	0.03169	0.1486	90.46347	2.39745	2.43685	nan	2.0177	nan	0.3682	0.8311	0.40848	0.34112	0.2444	0.0025	0.40844	0.58741	0.2891	69.85821	618.04243	631.34867	512.91352	652.39987	398.0753	455.96955	nan	522.37453	418.11733	351.77728	212.85098	388.71808	553.62877	516.90821	418.70157	473.73511	654.96111	542.89492	112.0662	79.92538	111.53821	12.4902	0.50661	58.18355	17.79866	7.86E-05	2.69049	1.02E-05	1.32E+07	7.62E-08	27.68714	181.1541	6.67E-05	0.00554	2.62E-05	2.39E-05
0.0444	15.83176	18.18122	7.6007	34.31014	24.03677	93.01052	3.47596	1.11808	0.32179	0.65201	0.70484	0.50665	0.05144	0.0415	0.03182	0.03182	0.15003	90.28869	2.51012	2.4142	nan	2.01767	nan	0.37052	0.8972	0.41473	0.37523	0.25124	0.00255	0.41219	0.60088	0.29691	69.36015	616.81879	630.5934	508.9384	652.48832	398.55234	456.36833	nan	521.69156	417.1752	350.14841	215.92152	388.14331	553.62328	514.25499	422.08563	474.89804	655.21788	542.70241	112.51547	78.50997	112.02268	12.95454	0.51159	57.99988	17.74246	7.85E-05	2.69083	1.02E-05	1.32E+07	7.64E-08	27.68352	180.7362	6.65E-05	0.00556	2.62E-05	2.39E-05
0.0448	14.81711	18.52829	7.21472	34.54075	24.85917	92.88566	3.56771	1.14121	0.33231	0.65216	0.70228	0.51098	0.05054	0.04145	0.03196	0.03196	0.15145	90.11391	2.6228	2.39155	nan	2.01764	nan	0.37284	0.96331	0.42098	0.40934	0.25808	0.0026	0.41593	0.61435	0.30472	68.86209	615.59515	629.83813	504.96327	652.57677	399.02938	456.7671	nan	521.00859	416.23307	348.51954	218.99206	387.56854	553.61779	511.60177	425.46969	476.06097	655.47465	542.50991	112.96473	77.09457	112.50715	13.41887	0.51657	57.81621	17.68626	7.84E-05	2.69118	1.02E-05	1.31E+07	7.66E-08	27.6799	180.31829	6.64E-05	0.00557	2.61E-05	2.38E-05
0.0452	13.80246	18.87536	6.82874	34.77136	25.68157	92.7608	3.65946	1.16434	0.34284	0.65231	0.69972	0.51531	0.04965	0.04141	0.03209	0.03209	0.15288	89.93913	2.73547	2.3689	nan	2.01761	nan	0.37516	1.02942	0.42723	0.44345	0.26492	0.00265	0.41967	0.62783	0.31253	68.36403	614.37151	629.08286	500.98815	652.66522	399.50643	457.16588	nan	520.32562	415.29094	346.89066	222.06261	386.99377	553.6123	508.94854	428.85374	477.22391	655.73142	542.31741	113.414	75.67916	112.99162	13.88321	0.52154	57.63253	17.63007	7.83E-05	2.69153	1.02E-05	1.31E+07	7.68E-08	27.67628	179.90038	6.63E-05	0.00559	2.61E-05	2.38E-05
0.0456	12.7878	19.22242	6.44276	35.00197	26.50398	92.63594	3.75122	1.18746	0.35336	0.65247	0.69716	0.51964	0.04875	0.04136	0.03223	0.03223	0.15431	89.76435	2.84814	2.34626	nan	2.01758	nan	0.37748	1.09552	0.43347	0.47756	0.27176	0.0027	0.42342	0.6413	0.32034	67.86597	613.14787	628.32759	497.01303	652.75367	399.98347	457.56465	nan	519.64266	414.34881	345.26179	225.13315	386.419	553.60681	506.29532	432.2378	478.38684	655.98818	542.12491	113.86327	74.26375	113.47609	14.34755	0.52652	57.44886	17.57387	7.82E-05	2.69188	1.02E-05	1.31E+07	7.70E-08	27.67267	179.48248	6.61E-05	0.0056	2.61E-05	2.38E-05
0.046	11.77315	19.56949	6.05677	35.23258	27.32638	92.51109	3.84297	1.21059	0.36389	0.65262	0.6946	0.52397	0.04785	0.04131	0.03236	0.03236	0.15573	89.58957	2.96082	2.32361	nan	2.01755	nan	0.3798	1.16163	0.43972	0.51167	0.2786	0.00275	0.42716	0.65477	0.32815	67.36791	611.92423	627.57232	493.0379	652.84212	400.46051	457.96342	nan	518.95969	413.40668	343.63292	228.20369	385.84424	553.60132	503.6421	435.62185	479.54977	656.24495	541.93241	114.31254	72.84835	113.96056	14.81188	0.5315	57.26519	17.51767	7.81E-05	2.69223	1.02E-05	1.30E+07	7.72E-08	27.66905	179.06457	6.60E-05	0.00562	2.60E-05	2.37E-05
0.0464	10.7585	19.91656	5.67079	35.46319	28.14878	92.38623	3.93472	1.23372	0.37442	0.65277	0.69204	0.5283	0.04695	0.04127	0.0325	0.0325	0.15716	89.41479	3.07349	2.30096	nan	2.01752	nan	0.38212	1.22774	0.44597	0.54578	0.28544	0.0028	0.43091	0.66825	0.33596	66.86985	610.70059	626.81705	489.06278	652.93057	400.93756	458.3622	nan	518.27672	412.46455	342.00404	231.27423	385.26947	553.59583	500.98888	439.00591	480.7127	656.50172	541.73991	114.76181	71.43294	114.44502	15.27622	0.53648	57.08152	17.46147	7.80E-05	2.69258	1.02E-05	1.30E+07	7.74E-08	27.66543	178.64666	6.58E-05	0.00563	2.60E-05	2.37E-05
0.0468	9.74385	20.26363	5.28481	35.6938	28.97118	92.26137	4.02647	1.25685	0.38494	0.65292	0.68948	0.53264	0.04605	0.04122	0.03263	0.03263	0.15859	89.24001	3.18617	2.27831	nan	2.01749	nan	0.38444	1.29384	0.45222	0.57989	0.29228	0.00285	0.43465	0.68172	0.34377	66.3718	609.47695	626.06178	485.08766	653.01902	401.4146	458.76097	nan	517.59375	411.52242	340.37517	234.34477	384.6947	553.59035	498.33565	442.38996	481.87563	656.75849	541.54741	115.21108	70.01754	114.92949	15.74055	0.54146	56.89785	17.40527	7.79E-05	2.69293	1.02E-05	1.30E+07	7.76E-08	27.66181	178.22876	6.57E-05	0.00565	2.60E-05	2.37E-05
0.0472	8.7292	20.6107	4.89883	35.92441	29.79359	92.13651	4.11822	1.27997	0.39547	0.65308	0.68692	0.53697	0.04515	0.04118	0.03277	0.03277	0.16001	89.06523	3.29884	2.25567	nan	2.01746	nan	0.38676	1.35995	0.45847	0.614	0.29912	0.0029	0.43839	0.69519	0.35158	65.87374	608.2533	625.30651	481.11254	653.10747	401.89165	459.15975	nan	516.91078	410.58029	338.7463	237.41531	384.11993	553.58486	495.68243	445.77402	483.03856	657.01525	541.35491	115.66035	68.60213	115.41396	16.20489	0.54643	56.71418	17.34907	7.78E-05	2.69327	1.02E-05	1.29E+07	7.79E-08	27.65819	177.81085	6.56E-05	0.00566	2.59E-05	2.37E-05
0.0476	7.71455	20.95777	4.51284	36.15502	30.61599	92.01165	4.20997	1.3031	0.40599	0.65323	0.68436	0.5413	0.04425	0.04113	0.0329	0.0329	0.16144	88.89045	3.41151	2.23302	nan	2.01743	nan	0.38908	1.42606	0.46471	0.64811	0.30596	0.00295	0.44214	0.70867	0.35939	65.37568	607.02966	624.55124	477.13741	653.19592	402.36869	459.55852	nan	516.22781	409.63816	337.11742	240.48586	383.54516	553.57937	493.02921	449.15807	484.20149	657.27202	541.16241	116.10961	67.18673	115.89843	16.66922	0.55141	56.53051	17.29288	7.77E-05	2.69362	1.02E-05	1.29E+07	7.81E-08	27.65457	177.39294	6.54E-05	0.00567	2.59E-05	2.36E-05
0.048	6.69989	21.30483	4.12686	36.38563	31.43839	91.8868	4.30172	1.32623	0.41652	0.65338	0.6818	0.54563	0.04335	0.04109	0.03304	0.03304	0.16287	88.71567	3.52419	2.21037	nan	2.0174	nan	0.3914	1.49217	0.47096	0.68222	0.3128	0.003	0.44588	0.72214	0.3672	64.87762	605.80602	623.79597	473.16229	653.28437	402.84573	459.95729	nan	515.54484	408.69603	335.48855	243.5564	382.97039	553.57388	490.37599	452.54213	485.36442	657.52879	540.96991	116.55888	65.77132	116.3829	17.13356	0.55639	56.34684	17.23668	7.76E-05	2.69397	1.02E-05	1.29E+07	7.83E-08	27.65095	176.97504	6.53E-05	0.00569	2.59E-05	2.36E-05
0.0484	5.68524	21.6519	3.74088	36.61624	32.2608	91.76194	4.39347	1.34936	0.42705	0.65353	0.67924	0.54996	0.04245	0.04104	0.03317	0.03317	0.16429	88.54089	3.63686	2.18772	nan	2.01737	nan	0.39372	1.55827	0.47721	0.71633	0.31964	0.00305	0.44963	0.73561	0.37501	64.37956	604.58238	623.0407	469.18717	653.37282	403.32278	460.35607	nan	514.86187	407.7539	333.85968	246.62694	382.39562	553.56839	487.72276	455.92618	486.52736	657.78556	540.77741	117.00815	64.35591	116.86737	17.59789	0.56137	56.16316	17.18048	7.75E-05	2.69432	1.02E-05	1.28E+07	7.85E-08	27.64733	176.55713	6.52E-05	0.0057	2.58E-05	2.36E-05
0.0488	4.67059	21.99897	3.3549	36.84686	33.0832	91.63708	4.48522	1.37249	0.43757	0.65369	0.67668	0.55429	0.04155	0.04099	0.03331	0.03331	0.16572	88.36611	3.74953	2.16507	nan	2.01734	nan	0.39604	1.62438	0.48346	0.75044	0.32648	0.0031	0.45337	0.74909	0.38282	63.8815	603.35874	622.28543	465.21205	653.46127	403.79982	460.75484	nan	514.1789	406.81177	332.23081	249.69748	381.82085	553.5629	485.06954	459.31024	487.69029	658.04233	540.58491	117.45742	62.94051	117.35184	18.06223	0.56634	55.97949	17.12428	7.74E-05	2.69467	1.02E-05	1.28E+07	7.87E-08	27.64371	176.13922	6.50E-05	0.00572	2.58E-05	2.35E-05
0.0492	3.65594	22.34604	2.96891	37.07747	33.9056	91.51222	4.57697	1.39561	0.4481	0.65384	0.67412	0.55862	0.04065	0.04095	0.03344	0.03344	0.16715	88.19133	3.86221	2.14243	nan	2.01731	nan	0.39836	1.69049	0.48971	0.78455	0.33332	0.00315	0.45711	0.76256	0.39063	63.38344	602.1351	621.53016	461.23692	653.54972	404.27687	461.15362	nan	513.49593	405.86965	330.60193	252.76802	381.24608	553.55741	482.41632	462.6943	488.85322	658.29909	540.39241	117.90669	61.5251	117.83631	18.52656	0.57132	55.79582	17.06808	7.73E-05	2.69502	1.02E-05	1.28E+07	7.89E-08	27.64009	175.72132	6.49E-05	0.00573	2.58E-05	2.35E-05
0.0496	2.64129	22.69311	2.58293	37.30808	34.72801	91.38737	4.66872	1.41874	0.45862	0.65399	0.67156	0.56296	0.03976	0.0409	0.03358	0.03358	0.16857	88.01655	3.97488	2.11978	nan	2.01728	nan	0.40068	1.75659	0.49596	0.81866	0.34016	0.0032	0.46086	0.77603	0.39844	62.88538	600.91146	620.77489	457.2618	653.63817	404.75391	461.55239	nan	512.81296	404.92752	328.97306	255.83856	380.67131	553.55193	479.7631	466.07835	490.01615	658.55586	540.1999	118.35596	60.1097	118.32077	18.9909	0.5763	55.61215	17.01188	7.72E-05	2.69537	1.02E-05	1.27E+07	7.91E-08	27.63647	175.30341	6.47E-05	0.00575	2.57E-05	2.35E-05
0.05	1.62752	23.04021	2.19722	37.53793	35.54997	91.26256	4.76043	1.44187	0.46914	0.65415	0.669	0.56728	0.03886	0.04086	0.03371	0.03371	0.17	87.84185	4.08748	2.09715	nan	2.01725	nan	0.403	1.82265	0.50221	0.85273	0.347	0.00325	0.4646	0.78949	0.40625	62.38751	599.68819	620.02002	453.29068	653.72684	405.23033	461.95117	nan	512.1309	403.9851	327.34585	258.90808	380.09854	553.54644	477.11247	469.46015	491.17904	658.81266	540.00739	118.80527	58.69555	118.80527	19.455	0.58127	55.42863	16.95573	7.71E-05	2.69571	1.02E-05	1.27E+07	7.93E-08	27.63286	174.88567	6.46E-05	0.00576	2.57E-05	2.34E-05
0.0504	2.38684	23.45941	2.36034	36.26399	35.48177	91.24742	4.75575	1.45963	0.46858	0.66506	0.66202	0.56205	0.0402	0.04186	0.03335	0.03335	0.17204	87.82315	4.0422	2.10856	nan	2.01722	nan	0.40004	1.78206	0.5235	0.8199	0.3497	0.00336	0.46584	0.77371	0.4018	62.26511	599.21337	620.05664	457.31255	654.25624	404.4581	462.34994	nan	513.25855	402.46596	329.03729	259.92412	383.50792	553.54095	479.64629	468.32972	492.26143	659.13856	539.79069	119.34787	59.80156	119.34787	19.4468	0.57515	55.54755	16.99212	7.71E-05	2.69581	1.02E-05	1.27E+07	7.93E-08	27.63274	174.80625	6.46E-05	0.00576	2.57E-05	2.34E-05
0.0508	3.14616	23.87861	2.52345	34.99004	35.41357	91.23228	4.75107	1.4774	0.46801	0.67598	0.65504	0.55682	0.04155	0.04287	0.03298	0.03298	0.17408	87.80446	3.99692	2.11998	nan	2.01719	nan	0.39708	1.74147	0.54479	0.78707	0.3524	0.00347	0.46707	0.75793	0.39735	62.1427	598.73855	620.09326	461.33442	654.78563	403.68586	462.74871	nan	514.3862	400.94682	330.72874	260.94016	386.9173	553.53546	482.18011	467.19928	493.34381	659.46447	539.57399	119.89048	60.90756	119.89048	19.4386	0.56903	55.66647	17.02852	7.71E-05	2.6959	1.02E-05	1.27E+07	7.93E-08	27.63263	174.72682	6.45E-05	0.00576	2.57E-05	2.34E-05
0.0512	3.90547	24.29781	2.68657	33.71609	35.34537	91.21714	4.74639	1.49516	0.46745	0.68689	0.64806	0.55159	0.04289	0.04387	0.03261	0.03261	0.17612	87.78576	3.95164	2.13139	nan	2.01716	nan	0.39412	1.70089	0.56609	0.75424	0.3551	0.00358	0.46831	0.74215	0.3929	62.0203	598.26373	620.12988	465.35629	655.31503	402.91363	463.14749	nan	515.51385	399.42768	332.42019	261.9562	390.32668	553.52997	484.71393	466.06885	494.42619	659.79037	539.35729	120.43308	62.01357	120.43308	19.4304	0.56291	55.78538	17.06491	7.71E-05	2.69599	1.02E-05	1.27E+07	7.93E-08	27.63251	174.64739	6.45E-05	0.00576	2.57E-05	2.34E-05
0.0516	4.66479	24.71702	2.84968	32.44214	35.27716	91.20199	4.74172	1.51293	0.46688	0.69781	0.64108	0.54636	0.04424	0.04488	0.03224	0.03224	0.17816	87.76707	3.90636	2.14281	nan	2.01713	nan	0.39116	1.6603	0.58738	0.72141	0.3578	0.00369	0.46954	0.72637	0.38845	61.8979	597.78891	620.1665	469.37816	655.84443	402.1414	463.54626	nan	516.6415	397.90854	334.11163	262.97224	393.73606	553.52448	487.24776	464.93842	495.50858	660.11627	539.14059	120.97568	63.11957	120.97568	19.4222	0.55679	55.9043	17.1013	7.71E-05	2.69608	1.02E-05	1.27E+07	7.93E-08	27.6324	174.56796	6.45E-05	0.00577	2.57E-05	2.35E-05
0.052	5.42411	25.13622	3.0128	31.16819	35.20896	91.18685	4.73704	1.53069	0.46631	0.70872	0.6341	0.54113	0.04559	0.04589	0.03187	0.03187	0.1802	87.74838	3.86108	2.15422	nan	2.0171	nan	0.3882	1.61971	0.60867	0.68858	0.3605	0.0038	0.47078	0.71059	0.384	61.77549	597.3141	620.20312	473.40002	656.37383	401.36917	463.94504	nan	517.76915	396.3894	335.80308	263.98829	397.14544	553.519	489.78158	463.80798	496.59096	660.44217	538.92389	121.51828	64.22558	121.51828	19.414	0.55067	56.02322	17.13769	7.71E-05	2.69617	1.02E-05	1.27E+07	7.93E-08	27.63229	174.48853	6.45E-05	0.00577	2.57E-05	2.35E-05
0.0524	6.18343	25.55542	3.17591	29.89425	35.14076	91.17171	4.73236	1.54846	0.46575	0.71963	0.62712	0.53589	0.04693	0.04689	0.0315	0.0315	0.18224	87.72968	3.8158	2.16563	nan	2.01707	nan	0.38524	1.57913	0.62996	0.65575	0.3632	0.00391	0.47202	0.69481	0.37955	61.65309	596.83928	620.23974	477.42189	656.90323	400.59694	464.34381	nan	518.8968	394.87026	337.49453	265.00433	400.55482	553.51351	492.3154	462.67755	497.67335	660.76807	538.70719	122.06088	65.33158	122.06088	19.4058	0.54455	56.14214	17.17408	7.71E-05	2.69626	1.02E-05	1.27E+07	7.93E-08	27.63217	174.4091	6.44E-05	0.00577	2.57E-05	2.35E-05
0.0528	6.94274	25.97462	3.33903	28.6203	35.07256	91.15656	4.72769	1.56623	0.46518	0.73055	0.62014	0.53066	0.04828	0.0479	0.03113	0.03113	0.18428	87.71099	3.77052	2.17705	nan	2.01704	nan	0.38228	1.53854	0.65126	0.62292	0.3659	0.00402	0.47325	0.67903	0.3751	61.53069	596.36446	620.27636	481.44376	657.43263	399.82471	464.74258	nan	520.02446	393.35112	339.18597	266.02037	403.9642	553.50802	494.84922	461.54712	498.75573	661.09397	538.49049	122.60349	66.43758	122.60349	19.3976	0.53844	56.26105	17.21047	7.71E-05	2.69635	1.02E-05	1.27E+07	7.93E-08	27.63206	174.32967	6.44E-05	0.00577	2.57E-05	2.35E-05
0.0532	7.70206	26.39382	3.50214	27.34635	35.00436	91.14142	4.72301	1.58399	0.46462	0.74146	0.61316	0.52543	0.04962	0.0489	0.03077	0.03077	0.18632	87.69229	3.72524	2.18846	nan	2.01701	nan	0.37932	1.49795	0.67255	0.59009	0.3686	0.00413	0.47449	0.66325	0.37065	61.40828	595.88964	620.31298	485.46563	657.96203	399.05247	465.14136	nan	521.15211	391.83197	340.87742	267.03641	407.37358	553.50253	497.38304	460.41668	499.83812	661.41987	538.27378	123.14609	67.54359	123.14609	19.3894	0.53232	56.37997	17.24687	7.71E-05	2.69645	1.02E-05	1.27E+07	7.93E-08	27.63194	174.25024	6.44E-05	0.00577	2.57E-05	2.35E-05
0.0536	8.46138	26.81302	3.66526	26.0724	34.93616	91.12628	4.71833	1.60176	0.46405	0.75238	0.60618	0.5202	0.05097	0.04991	0.0304	0.0304	0.18836	87.6736	3.67996	2.19988	nan	2.01698	nan	0.37636	1.45736	0.69384	0.55726	0.3713	0.00424	0.47572	0.64747	0.3662	61.28588	595.41482	620.3496	489.4875	658.49143	398.28024	465.54013	nan	522.27976	390.31283	342.56887	268.05245	410.78296	553.49704	499.91687	459.28625	500.9205	661.74577	538.05708	123.68869	68.64959	123.68869	19.3812	0.5262	56.49889	17.28326	7.71E-05	2.69654	1.02E-05	1.27E+07	7.93E-08	27.63183	174.17081	6.44E-05	0.00577	2.57E-05	2.35E-05
0.054	9.2207	27.23223	3.82837	24.79845	34.86796	91.11113	4.71365	1.61952	0.46349	0.76329	0.5992	0.51497	0.05232	0.05091	0.03003	0.03003	0.1904	87.6549	3.63468	2.21129	nan	2.01695	nan	0.3734	1.41678	0.71513	0.52443	0.374	0.00435	0.47696	0.63169	0.36175	61.16348	594.94	620.38622	493.50937	659.02083	397.50801	465.93891	nan	523.40741	388.79369	344.26031	269.06849	414.19234	553.49155	502.45069	458.15582	502.00288	662.07168	537.84038	124.23129	69.7556	124.23129	19.373	0.52008	56.61781	17.31965	7.71E-05	2.69663	1.02E-05	1.27E+07	7.93E-08	27.63171	174.09139	6.43E-05	0.00577	2.57E-05	2.35E-05
0.0544	9.98001	27.65143	3.99149	23.52451	34.79976	91.09599	4.70898	1.63729	0.46292	0.77421	0.59222	0.50974	0.05366	0.05192	0.02966	0.02966	0.19244	87.63621	3.5894	2.22271	nan	2.01692	nan	0.37044	1.37619	0.73642	0.4916	0.3767	0.00446	0.4782	0.61591	0.3573	61.04107	594.46518	620.42284	497.53124	659.55023	396.73578	466.33768	nan	524.53506	387.27455	345.95176	270.08453	417.60172	553.48606	504.98451	457.02539	503.08527	662.39758	537.62368	124.7739	70.8616	124.7739	19.3648	0.51396	56.73672	17.35604	7.72E-05	2.69672	1.02E-05	1.27E+07	7.92E-08	27.6316	174.01196	6.43E-05	0.00577	2.57E-05	2.35E-05
0.0548	10.73933	28.07063	4.1546	22.25056	34.73156	91.08085	4.7043	1.65506	0.46235	0.78512	0.58524	0.50451	0.05501	0.05293	0.02929	0.02929	0.19448	87.61752	3.54412	2.23412	nan	2.01689	nan	0.36748	1.3356	0.75772	0.45877	0.3794	0.00457	0.47943	0.60013	0.35285	60.91867	593.99036	620.45946	501.55311	660.07963	395.96355	466.73645	nan	525.66271	385.75541	347.64321	271.10057	421.0111	553.48058	507.51833	455.89495	504.16765	662.72348	537.40698	125.3165	71.96761	125.3165	19.3566	0.50784	56.85564	17.39243	7.72E-05	2.69681	1.02E-05	1.27E+07	7.92E-08	27.63149	173.93253	6.43E-05	0.00577	2.57E-05	2.35E-05
0.0552	11.49865	28.48983	4.31772	20.97661	34.66336	91.06571	4.69962	1.67282	0.46179	0.79603	0.57826	0.49927	0.05635	0.05393	0.02892	0.02892	0.19652	87.59882	3.49884	2.24553	nan	2.01686	nan	0.36452	1.29502	0.77901	0.42594	0.3821	0.00468	0.48067	0.58435	0.3484	60.79627	593.51554	620.49608	505.57498	660.60903	395.19132	467.13523	nan	526.79036	384.23627	349.33465	272.11662	424.42048	553.47509	510.05215	454.76452	505.25004	663.04938	537.19028	125.8591	73.07361	125.8591	19.3484	0.50172	56.97456	17.42882	7.72E-05	2.6969	1.02E-05	1.27E+07	7.92E-08	27.63137	173.8531	6.43E-05	0.00577	2.57E-05	2.35E-05
0.0556	12.25797	28.90903	4.48083	19.70266	34.59516	91.05056	4.69495	1.69059	0.46122	0.80695	0.57128	0.49404	0.0577	0.05494	0.02855	0.02855	0.19856	87.58013	3.45355	2.25695	nan	2.01683	nan	0.36156	1.25443	0.8003	0.39311	0.3848	0.00479	0.4819	0.56857	0.34395	60.67386	593.04072	620.5327	509.59685	661.13843	394.41908	467.534	nan	527.91801	382.71713	351.0261	273.13266	427.82986	553.4696	512.58598	453.63409	506.33242	663.37528	536.97358	126.4017	74.17961	126.4017	19.3402	0.4956	57.09348	17.46521	7.72E-05	2.69699	1.02E-05	1.27E+07	7.92E-08	27.63126	173.77367	6.42E-05	0.00577	2.57E-05	2.35E-05
0.056	13.01728	29.32823	4.64395	18.42872	34.52696	91.03542	4.69027	1.70835	0.46066	0.81786	0.5643	0.48881	0.05904	0.05594	0.02819	0.02819	0.2006	87.56143	3.40827	2.26836	nan	2.0168	nan	0.3586	1.21384	0.82159	0.36028	0.3875	0.0049	0.48314	0.55279	0.3395	60.55146	592.56591	620.56932	513.61872	661.66783	393.64685	467.93278	nan	529.04566	381.19799	352.71755	274.1487	431.23924	553.46411	515.1198	452.50365	507.41481	663.70118	536.75688	126.9443	75.28562	126.9443	19.332	0.48948	57.2124	17.50161	7.72E-05	2.69709	1.02E-05	1.27E+07	7.92E-08	27.63114	173.69424	6.42E-05	0.00578	2.57E-05	2.35E-05
0.0564	13.7766	29.74744	4.80706	17.15477	34.45876	91.02028	4.68559	1.72612	0.46009	0.82878	0.55732	0.48358	0.06039	0.05695	0.02782	0.02782	0.20264	87.54274	3.36299	2.27978	nan	2.01677	nan	0.35564	1.17326	0.84288	0.32745	0.3902	0.00501	0.48438	0.53701	0.33505	60.42906	592.09109	620.60594	517.64059	662.19722	392.87462	468.33155	nan	530.17332	379.67885	354.40899	275.16474	434.64862	553.45862	517.65362	451.37322	508.49719	664.02708	536.54018	127.48691	76.39162	127.48691	19.3238	0.48336	57.33131	17.538	7.72E-05	2.69718	1.02E-05	1.27E+07	7.92E-08	27.63103	173.61481	6.42E-05	0.00578	2.57E-05	2.35E-05
0.0568	14.53592	30.16664	4.97018	15.88082	34.39056	91.00513	4.68091	1.74388	0.45953	0.83969	0.55034	0.47835	0.06174	0.05795	0.02745	0.02745	0.20468	87.52404	3.31771	2.29119	nan	2.01674	nan	0.35268	1.13267	0.86418	0.29462	0.3929	0.00512	0.48561	0.52123	0.3306	60.30665	591.61627	620.64256	521.66246	662.72662	392.10239	468.73033	nan	531.30097	378.15971	356.10044	276.18078	438.058	553.45313	520.18744	450.24279	509.57957	664.35299	536.32348	128.02951	77.49763	128.02951	19.3156	0.47724	57.45023	17.57439	7.72E-05	2.69727	1.02E-05	1.27E+07	7.92E-08	27.63091	173.53538	6.41E-05	0.00578	2.57E-05	2.35E-05
0.0572	15.29523	30.58584	5.13329	14.60687	34.32236	90.98999	4.67624	1.76165	0.45896	0.85061	0.54336	0.47312	0.06308	0.05896	0.02708	0.02708	0.20672	87.50535	3.27243	2.30261	nan	2.01671	nan	0.34972	1.09208	0.88547	0.26179	0.3956	0.00523	0.48685	0.50545	0.32615	60.18425	591.14145	620.67918	525.68433	663.25602	391.33016	469.1291	nan	532.42862	376.64057	357.79189	277.19682	441.46738	553.44764	522.72127	449.11235	510.66196	664.67889	536.10678	128.57211	78.60363	128.57211	19.3074	0.47112	57.56915	17.61078	7.72E-05	2.69736	1.02E-05	1.27E+07	7.92E-08	27.6308	173.45595	6.41E-05	0.00578	2.57E-05	2.35E-05
0.0576	16.05455	31.00504	5.29641	13.33292	34.25416	90.97485	4.67156	1.77942	0.45839	0.86152	0.53638	0.46789	0.06443	0.05997	0.02671	0.02671	0.20876	87.48665	3.22715	2.31402	nan	2.01668	nan	0.34676	1.0515	0.90676	0.22896	0.3983	0.00534	0.48808	0.48967	0.3217	60.06185	590.66663	620.7158	529.7062	663.78542	390.55793	469.52787	nan	533.55627	375.12143	359.48333	278.21286	444.87676	553.44216	525.25509	447.98192	511.74434	665.00479	535.89008	129.11471	79.70964	129.11471	19.2992	0.465	57.68807	17.64717	7.72E-05	2.69745	1.02E-05	1.27E+07	7.92E-08	27.63069	173.37653	6.41E-05	0.00578	2.57E-05	2.35E-05
0.058	16.81387	31.42424	5.45952	12.05898	34.18596	90.95971	4.66688	1.79718	0.45783	0.87243	0.5294	0.46265	0.06577	0.06097	0.02634	0.02634	0.2108	87.46796	3.18187	2.32544	nan	2.01665	nan	0.3438	1.01091	0.92805	0.19613	0.401	0.00545	0.48932	0.47389	0.31725	59.93944	590.19181	620.75242	533.72807	664.31482	389.78569	469.92665	nan	534.68392	373.60229	361.17478	279.2289	448.28614	553.43667	527.78891	446.85149	512.82673	665.33069	535.67337	129.65731	80.81564	129.65731	19.291	0.45888	57.80698	17.68356	7.72E-05	2.69754	1.02E-05	1.27E+07	7.92E-08	27.63057	173.2971	6.41E-05	0.00578	2.57E-05	2.35E-05
0.0584	17.57319	31.84344	5.62264	10.78503	34.11776	90.94456	4.66221	1.81495	0.45726	0.88335	0.52242	0.45742	0.06712	0.06198	0.02597	0.02597	0.21284	87.44927	3.13659	2.33685	nan	2.01662	nan	0.34084	0.97032	0.94934	0.1633	0.4037	0.00556	0.49056	0.45811	0.3128	59.81704	589.71699	620.78904	537.74994	664.84422	389.01346	470.32542	nan	535.81157	372.08315	362.86623	280.24494	451.69552	553.43118	530.32273	445.72105	513.90911	665.65659	535.45667	130.19992	81.92165	130.19992	19.2828	0.45276	57.9259	17.71996	7.72E-05	2.69763	1.02E-05	1.27E+07	7.92E-08	27.63046	173.21767	6.40E-05	0.00578	2.57E-05	2.35E-05
0.0588	18.3325	32.26265	5.78575	9.51108	34.04956	90.92942	4.65753	1.83271	0.4567	0.89426	0.51544	0.45219	0.06846	0.06298	0.02561	0.02561	0.21488	87.43057	3.09131	2.34826	nan	2.01659	nan	0.33788	0.92974	0.97064	0.13047	0.4064	0.00567	0.49179	0.44233	0.30835	59.69464	589.24217	620.82566	541.7718	665.37362	388.24123	470.7242	nan	536.93922	370.56401	364.55767	281.26099	455.1049	553.42569	532.85655	444.59062	514.9915	665.98249	535.23997	130.74252	83.02765	130.74252	19.2746	0.44664	58.04482	17.75635	7.72E-05	2.69773	1.02E-05	1.26E+07	7.92E-08	27.63034	173.13824	6.40E-05	0.00578	2.57E-05	2.35E-05
0.0592	19.09182	32.68185	5.94887	8.23713	33.98136	90.91428	4.65285	1.85048	0.45613	0.90518	0.50846	0.44696	0.06981	0.06399	0.02524	0.02524	0.21692	87.41188	3.04603	2.35968	nan	2.01656	nan	0.33492	0.88915	0.99193	0.09764	0.4091	0.00578	0.49303	0.42655	0.3039	59.57223	588.76735	620.86228	545.79367	665.90302	387.469	471.12297	nan	538.06687	369.04487	366.24912	282.27703	458.51429	553.4202	535.39038	443.46019	516.07388	666.30839	535.02327	131.28512	84.13365	131.28512	19.2664	0.44052	58.16374	17.79274	7.73E-05	2.69782	1.02E-05	1.26E+07	7.92E-08	27.63023	173.05881	6.40E-05	0.00578	2.57E-05	2.35E-05
0.0596	19.85114	33.10105	6.11198	6.96318	33.91316	90.89913	4.64817	1.86824	0.45557	0.91609	0.50148	0.44173	0.07116	0.06499	0.02487	0.02487	0.21896	87.39318	3.00075	2.37109	nan	2.01653	nan	0.33196	0.84856	1.01322	0.06481	0.4118	0.00589	0.49426	0.41077	0.29945	59.44983	588.29253	620.8989	549.81554	666.43242	386.69677	471.52174	nan	539.19453	367.52573	367.94057	283.29307	461.92367	553.41471	537.9242	442.32975	517.15627	666.63429	534.80657	131.82772	85.23966	131.82772	19.2582	0.4344	58.28265	17.82913	7.73E-05	2.69791	1.02E-05	1.26E+07	7.91E-08	27.63011	172.97938	6.40E-05	0.00578	2.58E-05	2.35E-05
0.06	20.61042	33.51969	6.27512	5.69028	33.84448	90.88408	4.64344	1.88598	0.45499	0.927	0.4945	0.4365	0.0725	0.066	0.0245	0.0245	0.221	87.37461	2.95545	2.3825	nan	2.0165	nan	0.329	0.80798	1.03448	0.032	0.4145	0.006	0.4955	0.395	0.295	59.32706	587.81849	620.93596	553.83127	666.96113	385.92498	471.92052	nan	540.32155	366.00881	369.63337	284.30785	465.33007	553.40923	540.45654	441.19797	518.23691	666.95979	534.59017	132.36961	86.34503	132.36961	19.24994	0.42829	58.40153	17.86551	7.73E-05	2.698	1.02E-05	1.26E+07	7.91E-08	27.63	172.90028	6.39E-05	0.00578	2.58E-05	2.35E-05
0.0604	21.31314	33.01033	6.4746	6.16365	32.97788	91.02302	4.54527	1.85557	0.44378	0.9209	0.50188	0.43498	0.07273	0.06555	0.02458	0.02458	0.2187	87.55357	2.87861	2.37841	nan	2.01647	nan	0.33612	0.78284	1.00941	0.03138	0.41025	0.00642	0.49012	0.39438	0.28859	58.58855	588.64086	621.70235	547.61565	666.3473	385.8968	472.31929	nan	540.40577	368.19046	373.58659	283.23218	463.78636	553.40374	540.52307	437.81929	516.41953	666.60238	534.87917	131.72321	86.39043	131.72321	19.14574	0.43205	58.45101	17.88063	7.74E-05	2.69765	1.02E-05	1.27E+07	7.89E-08	27.634	173.36188	6.41E-05	0.00577	2.58E-05	2.35E-05
0.0608	22.01587	32.50097	6.67408	6.63701	32.11127	91.16196	4.4471	1.82517	0.43256	0.9148	0.50926	0.43347	0.07296	0.0651	0.02467	0.02467	0.21641	87.73254	2.80177	2.37431	nan	2.01644	nan	0.34324	0.75769	0.98434	0.03076	0.406	0.00684	0.48474	0.39377	0.28218	57.85005	589.46324	622.46874	541.40002	665.73347	385.86861	472.71807	nan	540.48999	370.37211	377.5398	282.15651	462.24264	553.39825	540.5896	434.4406	514.60215	666.24498	535.16818	131.07681	86.43583	131.07681	19.04154	0.43582	58.5005	17.89576	7.75E-05	2.6973	1.02E-05	1.27E+07	7.87E-08	27.638	173.82348	6.42E-05	0.00576	2.58E-05	2.36E-05
0.0612	22.71859	31.99161	6.87356	7.11037	31.24467	91.30089	4.34892	1.79476	0.42135	0.90871	0.51664	0.43195	0.07318	0.06466	0.02475	0.02475	0.21411	87.9115	2.72492	2.37022	nan	2.01641	nan	0.35036	0.73254	0.95927	0.03014	0.40175	0.00726	0.47936	0.39315	0.27577	57.11155	590.28561	623.23513	535.1844	665.11963	385.84043	473.11684	nan	540.57421	372.55377	381.49302	281.08083	460.69893	553.39276	540.65613	431.06192	512.78477	665.88758	535.45718	130.4304	86.48123	130.4304	18.93734	0.43958	58.54998	17.91088	7.76E-05	2.69694	1.02E-05	1.27E+07	7.85E-08	27.642	174.28508	6.44E-05	0.00574	2.59E-05	2.36E-05
0.0616	23.42131	31.48225	7.07304	7.58373	30.37807	91.43983	4.25075	1.76435	0.41013	0.90261	0.52402	0.43044	0.07341	0.06421	0.02484	0.02484	0.21181	88.09047	2.64808	2.36613	nan	2.01638	nan	0.35748	0.7074	0.9342	0.02952	0.3975	0.00768	0.47398	0.39254	0.26936	56.37305	591.10798	624.00152	528.96877	664.5058	385.81225	473.51561	nan	540.65843	374.73542	385.44624	280.00516	459.15521	553.38727	540.72266	427.68323	510.96739	665.53018	535.74618	129.784	86.52663	129.784	18.83314	0.44335	58.59947	17.92601	7.77E-05	2.69659	1.02E-05	1.28E+07	7.83E-08	27.646	174.74668	6.45E-05	0.00573	2.59E-05	2.36E-05
0.062	24.12404	30.97288	7.27252	8.05709	29.51146	91.57877	4.15258	1.73394	0.39891	0.89652	0.5314	0.42892	0.07364	0.06376	0.02492	0.02492	0.20952	88.26943	2.57123	2.36204	nan	2.01635	nan	0.3646	0.68225	0.90913	0.0289	0.39325	0.0081	0.4686	0.39192	0.26295	55.63454	591.93035	624.76792	522.75315	663.89197	385.78406	473.91439	nan	540.74265	376.91707	389.39945	278.92948	457.61149	553.38178	540.78919	424.30455	509.15001	665.17278	536.03518	129.1376	86.57203	129.1376	18.72894	0.44711	58.64895	17.94113	7.78E-05	2.69624	1.02E-05	1.28E+07	7.81E-08	27.65	175.20829	6.47E-05	0.00571	2.59E-05	2.37E-05
0.0624	24.82676	30.46352	7.472	8.53046	28.64486	91.7177	4.05441	1.70353	0.3877	0.89042	0.53878	0.4274	0.07387	0.06331	0.025	0.025	0.20722	88.4484	2.49439	2.35795	nan	2.01632	nan	0.37172	0.6571	0.88406	0.02828	0.389	0.00852	0.46322	0.3913	0.25654	54.89604	592.75272	625.53431	516.53752	663.27814	385.75588	474.31316	nan	540.82687	379.09873	393.35267	277.85381	456.06778	553.37629	540.85572	420.92586	507.33263	664.81538	536.32418	128.4912	86.61743	128.4912	18.62473	0.45087	58.69843	17.95625	7.79E-05	2.69589	1.02E-05	1.28E+07	7.79E-08	27.654	175.66989	6.48E-05	0.0057	2.60E-05	2.37E-05
0.0628	25.52948	29.95416	7.67149	9.00382	27.77826	91.85664	3.95623	1.67312	0.37648	0.88432	0.54616	0.42589	0.0741	0.06286	0.02509	0.02509	0.20493	88.62736	2.41754	2.35385	nan	2.01629	nan	0.37884	0.63196	0.85899	0.02766	0.38475	0.00894	0.45784	0.39069	0.25013	54.15754	593.57509	626.3007	510.3219	662.6643	385.72769	474.71194	nan	540.91109	381.28038	397.30588	276.77813	454.52406	553.37081	540.92225	417.54717	505.51525	664.45798	536.61318	127.84479	86.66283	127.84479	18.52053	0.45464	58.74792	17.97138	7.80E-05	2.69554	1.02E-05	1.29E+07	7.77E-08	27.658	176.13149	6.50E-05	0.00569	2.60E-05	2.37E-05
0.0632	26.2322	29.4448	7.87097	9.47718	26.91165	91.99558	3.85806	1.64272	0.36526	0.87823	0.55354	0.42437	0.07432	0.06242	0.02517	0.02517	0.20263	88.80633	2.3407	2.34976	nan	2.01626	nan	0.38596	0.60681	0.83392	0.02704	0.3805	0.00936	0.45246	0.39007	0.24372	53.41903	594.39746	627.06709	504.10627	662.05047	385.69951	475.11071	nan	540.99531	383.46203	401.2591	275.70246	452.98034	553.36532	540.98878	414.16849	503.69786	664.10057	536.90218	127.19839	86.70823	127.19839	18.41633	0.4584	58.7974	17.9865	7.81E-05	2.69518	1.02E-05	1.29E+07	7.75E-08	27.662	176.59309	6.51E-05	0.00567	2.60E-05	2.38E-05
0.0636	26.93493	28.93544	8.07045	9.95054	26.04505	92.13451	3.75989	1.61231	0.35405	0.87213	0.56092	0.42286	0.07455	0.06197	0.02526	0.02526	0.20033	88.98529	2.26386	2.34567	nan	2.01623	nan	0.39308	0.58166	0.80885	0.02642	0.37625	0.00978	0.44708	0.38946	0.23731	52.68053	595.21984	627.83348	497.89065	661.43664	385.67133	475.50949	nan	541.07953	385.64368	405.21231	274.62679	451.43663	553.35983	541.05531	410.7898	501.88048	663.74317	537.19118	126.55199	86.75363	126.55199	18.31213	0.46217	58.84689	18.00163	7.82E-05	2.69483	1.02E-05	1.30E+07	7.73E-08	27.666	177.05469	6.53E-05	0.00566	2.61E-05	2.38E-05
0.064	27.63765	28.42607	8.26993	10.4239	25.17845	92.27345	3.66172	1.5819	0.34283	0.86604	0.5683	0.42134	0.07478	0.06152	0.02534	0.02534	0.19804	89.16425	2.18701	2.34158	nan	2.0162	nan	0.4002	0.55652	0.78378	0.0258	0.372	0.0102	0.4417	0.38884	0.2309	51.94203	596.04221	628.59987	491.67502	660.82281	385.64314	475.90826	nan	541.16375	387.82534	409.16553	273.55111	449.89291	553.35434	541.12184	407.41112	500.0631	663.38577	537.48018	125.90559	86.79903	125.90559	18.20793	0.46593	58.89637	18.01675	7.83E-05	2.69448	1.02E-05	1.30E+07	7.71E-08	27.67	177.5163	6.55E-05	0.00564	2.61E-05	2.38E-05
0.0644	28.34037	27.91671	8.46941	10.89726	24.31184	92.41239	3.56354	1.55149	0.33162	0.85994	0.57568	0.41982	0.07501	0.06107	0.02542	0.02542	0.19574	89.34322	2.11017	2.33749	nan	2.01617	nan	0.40732	0.53137	0.75871	0.02518	0.36775	0.01062	0.43632	0.38822	0.22449	51.20352	596.86458	629.36626	485.4594	660.20897	385.61496	476.30703	nan	541.24797	390.00699	413.11875	272.47544	448.3492	553.34885	541.18837	404.03243	498.24572	663.02837	537.76919	125.25918	86.84443	125.25918	18.10373	0.4697	58.94586	18.03187	7.84E-05	2.69413	1.02E-05	1.30E+07	7.69E-08	27.674	177.9779	6.56E-05	0.00563	2.61E-05	2.38E-05
0.0648	29.0431	27.40735	8.66889	11.37063	23.44524	92.55132	3.46537	1.52108	0.3204	0.85384	0.58306	0.41831	0.07524	0.06062	0.02551	0.02551	0.19345	89.52218	2.03332	2.33339	nan	2.01614	nan	0.41444	0.50622	0.73364	0.02456	0.3635	0.01104	0.43094	0.38761	0.21808	50.46502	597.68695	630.13265	479.24377	659.59514	385.58677	476.70581	nan	541.33219	392.18864	417.07196	271.39976	446.80548	553.34336	541.2549	400.65375	496.42834	662.67097	538.05819	124.61278	86.88983	124.61278	17.99953	0.47346	58.99534	18.047	7.85E-05	2.69378	1.02E-05	1.31E+07	7.67E-08	27.678	178.4395	6.58E-05	0.00561	2.62E-05	2.39E-05
0.0652	29.74582	26.89799	8.86837	11.84399	22.57863	92.69026	3.3672	1.49068	0.30918	0.84775	0.59044	0.41679	0.07546	0.06018	0.02559	0.02559	0.19115	89.70115	1.95648	2.3293	nan	2.01611	nan	0.42156	0.48108	0.70857	0.02394	0.35925	0.01146	0.42556	0.38699	0.21167	49.72652	598.50932	630.89904	473.02815	658.98131	385.55859	477.10458	nan	541.41641	394.37029	421.02518	270.32409	445.26176	553.33788	541.32143	397.27506	494.61096	662.31357	538.34719	123.96638	86.93523	123.96638	17.89533	0.47723	59.04482	18.06212	7.86E-05	2.69342	1.02E-05	1.31E+07	7.65E-08	27.682	178.9011	6.59E-05	0.0056	2.62E-05	2.39E-05
0.0656	30.44854	26.38863	9.06785	12.31735	21.71203	92.8292	3.26903	1.46027	0.29797	0.84165	0.59782	0.41528	0.07569	0.05973	0.02568	0.02568	0.18885	89.88011	1.87963	2.32521	nan	2.01608	nan	0.42868	0.45593	0.6835	0.02332	0.355	0.01188	0.42018	0.38638	0.20526	48.98802	599.33169	631.66543	466.81252	658.36748	385.53041	477.50336	nan	541.50064	396.55195	424.97839	269.24841	443.71805	553.33239	541.38796	393.89638	492.79358	661.95617	538.63619	123.31998	86.98063	123.31998	17.79113	0.48099	59.09431	18.07725	7.87E-05	2.69307	1.02E-05	1.31E+07	7.63E-08	27.686	179.3627	6.61E-05	0.00559	2.62E-05	2.39E-05
0.066	31.15126	25.87926	9.26733	12.79071	20.84543	92.96813	3.17086	1.42986	0.28675	0.83556	0.6052	0.41376	0.07592	0.05928	0.02576	0.02576	0.18656	90.05908	1.80279	2.32112	nan	2.01605	nan	0.4358	0.43078	0.65843	0.0227	0.35075	0.0123	0.4148	0.38576	0.19885	48.24951	600.15406	632.43183	460.5969	657.75364	385.50222	477.90213	nan	541.58486	398.7336	428.93161	268.17274	442.17433	553.3269	541.45449	390.51769	490.9762	661.59876	538.92519	122.67357	87.02603	122.67357	17.68693	0.48476	59.14379	18.09237	7.88E-05	2.69272	1.02E-05	1.32E+07	7.61E-08	27.69	179.8243	6.62E-05	0.00557	2.63E-05	2.40E-05
0.0664	31.85399	25.3699	9.46681	13.26407	19.97882	93.10707	3.07268	1.39945	0.27554	0.82946	0.61258	0.41224	0.07615	0.05883	0.02584	0.02584	0.18426	90.23804	1.72594	2.31703	nan	2.01602	nan	0.44292	0.40564	0.63336	0.02208	0.3465	0.01272	0.40942	0.38514	0.19244	47.51101	600.97643	633.19822	454.38127	657.13981	385.47404	478.3009	nan	541.66908	400.91525	432.88482	267.09707	440.63061	553.32141	541.52102	387.139	489.15882	661.24136	539.21419	122.02717	87.07143	122.02717	17.58273	0.48852	59.19328	18.10749	7.89E-05	2.69237	1.02E-05	1.32E+07	7.59E-08	27.694	180.28591	6.64E-05	0.00556	2.63E-05	2.40E-05
0.0668	32.55671	24.86054	9.66629	13.73744	19.11222	93.246	2.97451	1.36904	0.26432	0.82336	0.61996	0.41073	0.07638	0.05838	0.02593	0.02593	0.18197	90.41701	1.6491	2.31293	nan	2.01599	nan	0.45004	0.38049	0.60829	0.02146	0.34225	0.01314	0.40404	0.38453	0.18603	46.77251	601.79881	633.96461	448.16565	656.52598	385.44585	478.69968	nan	541.7533	403.09691	436.83804	266.02139	439.0869	553.31592	541.58755	383.76032	487.34144	660.88396	539.50319	121.38077	87.11683	121.38077	17.47853	0.49228	59.24276	18.12262	7.90E-05	2.69202	1.02E-05	1.32E+07	7.57E-08	27.698	180.74751	6.65E-05	0.00554	2.63E-05	2.40E-05
0.0672	33.25943	24.35118	9.86577	14.2108	18.24562	93.38494	2.87634	1.33864	0.2531	0.81727	0.62734	0.40921	0.0766	0.05794	0.02601	0.02601	0.17967	90.59597	1.57226	2.30884	nan	2.01596	nan	0.45716	0.35534	0.58322	0.02084	0.338	0.01356	0.39866	0.38391	0.17962	46.034	602.62118	634.731	441.95002	655.91215	385.41767	479.09845	nan	541.83752	405.27856	440.79126	264.94572	437.54318	553.31043	541.65408	380.38163	485.52406	660.52656	539.79219	120.73437	87.16223	120.73437	17.37433	0.49605	59.29225	18.13774	7.91E-05	2.69166	1.02E-05	1.33E+07	7.56E-08	27.702	181.20911	6.67E-05	0.00553	2.64E-05	2.41E-05
0.0676	33.96216	23.84182	10.06525	14.68416	17.37901	93.52388	2.77817	1.30823	0.24189	0.81117	0.63472	0.40769	0.07683	0.05749	0.0261	0.0261	0.17737	90.77494	1.49541	2.30475	nan	2.01593	nan	0.46428	0.3302	0.55815	0.02022	0.33375	0.01398	0.39328	0.3833	0.17321	45.2955	603.44355	635.49739	435.7344	655.29832	385.38948	479.49723	nan	541.92174	407.46021	444.74447	263.87004	435.99947	553.30494	541.72061	377.00295	483.70668	660.16916	540.0812	120.08796	87.20763	120.08796	17.27013	0.49981	59.34173	18.15287	7.92E-05	2.69131	1.02E-05	1.33E+07	7.54E-08	27.706	181.67071	6.68E-05	0.00552	2.64E-05	2.41E-05
0.068	34.66488	23.33245	10.26474	15.15752	16.51241	93.66281	2.67999	1.27782	0.23067	0.80508	0.64211	0.40618	0.07706	0.05704	0.02618	0.02618	0.17508	90.9539	1.41857	2.30066	nan	2.0159	nan	0.4714	0.30505	0.53308	0.0196	0.3295	0.0144	0.3879	0.38268	0.1668	44.557	604.26592	636.26378	429.51877	654.68448	385.3613	479.896	nan	542.00596	409.64186	448.69769	262.79437	434.45575	553.29946	541.78715	373.62426	481.8893	659.81176	540.3702	119.44156	87.25303	119.44156	17.16593	0.50358	59.39121	18.16799	7.93E-05	2.69096	1.02E-05	1.33E+07	7.52E-08	27.71	182.13231	6.70E-05	0.0055	2.64E-05	2.41E-05
0.0684	35.3676	22.82309	10.46422	15.63088	15.64581	93.80175	2.58182	1.24741	0.21946	0.79898	0.64949	0.40466	0.07729	0.05659	0.02626	0.02626	0.17278	91.13287	1.34172	2.29657	nan	2.01587	nan	0.47852	0.2799	0.50801	0.01898	0.32525	0.01482	0.38252	0.38206	0.16039	43.81849	605.08829	637.03017	423.30315	654.07065	385.33312	480.29478	nan	542.09018	411.82352	452.6509	261.71869	432.91203	553.29397	541.85368	370.24558	480.07192	659.45436	540.6592	118.79516	87.29843	118.79516	17.06173	0.50734	59.4407	18.18311	7.94E-05	2.69061	1.02E-05	1.34E+07	7.50E-08	27.714	182.59392	6.71E-05	0.00549	2.65E-05	2.42E-05
0.0688	36.07032	22.31373	10.6637	16.10425	14.7792	93.94069	2.48365	1.217	0.20824	0.79288	0.65687	0.40315	0.07752	0.05614	0.02635	0.02635	0.17049	91.31183	1.26488	2.29247	nan	2.01584	nan	0.48564	0.25476	0.48294	0.01836	0.321	0.01524	0.37714	0.38145	0.15398	43.07999	605.91066	637.79656	417.08752	653.45682	385.30493	480.69355	nan	542.1744	414.00517	456.60412	260.64302	431.36832	553.28848	541.92021	366.86689	478.25454	659.09695	540.9482	118.14876	87.34383	118.14876	16.95753	0.51111	59.49018	18.19824	7.95E-05	2.69026	1.02E-05	1.34E+07	7.48E-08	27.718	183.05552	6.73E-05	0.00547	2.65E-05	2.42E-05
0.0692	36.77305	21.80437	10.86318	16.57761	13.9126	94.07962	2.38548	1.18659	0.19702	0.78679	0.66425	0.40163	0.07774	0.0557	0.02643	0.02643	0.16819	91.4908	1.18803	2.28838	nan	2.01581	nan	0.49276	0.22961	0.45787	0.01774	0.31675	0.01566	0.37176	0.38083	0.14757	42.34149	606.73303	638.56295	410.8719	652.84299	385.27675	481.09232	nan	542.25862	416.18682	460.55734	259.56735	429.8246	553.28299	541.98674	363.48821	476.43716	658.73955	541.2372	117.50235	87.38923	117.50235	16.85333	0.51487	59.53967	18.21336	7.96E-05	2.6899	1.02E-05	1.34E+07	7.46E-08	27.722	183.51712	6.74E-05	0.00546	2.65E-05	2.42E-05
0.0696	37.47577	21.29501	11.06266	17.05097	13.046	94.21856	2.2873	1.15619	0.18581	0.78069	0.67163	0.40011	0.07797	0.05525	0.02652	0.02652	0.16589	91.66976	1.11119	2.28429	nan	2.01578	nan	0.49988	0.20446	0.4328	0.01712	0.3125	0.01608	0.36638	0.38022	0.14116	41.60299	607.5554	639.32935	404.65627	652.22915	385.24856	481.4911	nan	542.34284	418.36847	464.51055	258.49167	428.28089	553.2775	542.05327	360.10952	474.61978	658.38215	541.5262	116.85595	87.43463	116.85595	16.74913	0.51864	59.58915	18.22849	7.97E-05	2.68955	1.02E-05	1.35E+07	7.44E-08	27.726	183.97872	6.76E-05	0.00544	2.66E-05	2.42E-05
0.07	38.17722	20.78585	11.26207	17.52436	12.1805	94.35735	2.18926	1.1258	0.17461	0.7746	0.679	0.3986	0.0782	0.0548	0.0266	0.0266	0.1636	91.84854	1.03448	2.28019	nan	2.01575	nan	0.50699	0.17939	0.40776	0.0165	0.30825	0.0165	0.361	0.37961	0.13476	40.86589	608.37744	640.09479	398.44591	651.61581	385.22052	481.88987	nan	542.42627	420.54893	468.4585	257.41615	426.73762	553.27201	542.11789	356.73562	472.80475	658.02496	541.81489	116.21007	87.47975	116.21007	16.6449	0.5224	59.63853	18.24358	7.98E-05	2.6892	1.02E-05	1.35E+07	7.42E-08	27.73	184.43989	6.77E-05	0.00543	2.66E-05	2.43E-05
0.0704	37.0625	20.57251	11.36669	18.0318	12.8962	94.28017	2.26819	1.12246	0.18358	0.771	0.67643	0.4026	0.07709	0.0542	0.0267	0.0267	0.16274	91.76807	1.14816	2.26248	nan	2.01572	nan	0.49645	0.26234	0.42009	0.01656	0.30767	0.01596	0.36727	0.38915	0.14242	42.13869	608.71431	639.50509	399.74213	651.69812	385.39417	482.28865	nan	541.39012	421.01684	464.88374	256.56309	425.83238	553.26652	539.46278	360.19197	474.35903	657.96769	541.66029	116.30767	87.11641	116.30767	16.49776	0.52469	59.53725	18.2126	7.97E-05	2.68907	1.02E-05	1.35E+07	7.43E-08	27.727	184.28729	6.77E-05	0.00544	2.66E-05	2.43E-05
0.0708	35.94777	20.35917	11.47131	18.53924	13.61191	94.20299	2.34712	1.11911	0.19256	0.76741	0.67386	0.40659	0.07598	0.0536	0.02679	0.02679	0.16187	91.6876	1.26184	2.24477	nan	2.01569	nan	0.4859	0.34529	0.43242	0.01662	0.30708	0.01542	0.37354	0.3987	0.15008	43.41148	609.05118	638.91539	401.03836	651.78043	385.56781	482.68742	nan	540.35397	421.48474	461.30899	255.71003	424.92715	553.26104	536.80767	363.64831	475.91331	657.91043	541.50569	116.40527	86.75308	116.40527	16.35063	0.52697	59.43598	18.18163	7.97E-05	2.68894	1.02E-05	1.35E+07	7.44E-08	27.724	184.13469	6.76E-05	0.00544	2.66E-05	2.42E-05
0.0712	34.83305	20.14583	11.57593	19.04668	14.32761	94.12582	2.42605	1.11577	0.20153	0.76382	0.67129	0.41059	0.07488	0.05299	0.02689	0.02689	0.16101	91.60712	1.37551	2.22706	nan	2.01566	nan	0.47535	0.42823	0.44475	0.01668	0.3065	0.01488	0.3798	0.40824	0.15775	44.68428	609.38806	638.32569	402.33458	651.86274	385.74146	483.08619	nan	539.31782	421.95265	457.73423	254.85696	424.02192	553.25555	534.15256	367.10466	477.46759	657.85316	541.35109	116.50287	86.38974	116.50287	16.2035	0.52926	59.33471	18.15066	7.96E-05	2.68882	1.02E-05	1.35E+07	7.45E-08	27.721	183.98209	6.76E-05	0.00545	2.65E-05	2.42E-05
0.0716	33.71832	19.93249	11.68055	19.55412	15.04331	94.04864	2.50498	1.11243	0.21051	0.76022	0.66872	0.41459	0.07377	0.05239	0.02698	0.02698	0.16014	91.52665	1.48919	2.20936	nan	2.01563	nan	0.46481	0.51118	0.45708	0.01674	0.30592	0.01434	0.38607	0.41779	0.16541	45.95707	609.72493	637.73599	403.63081	651.94505	385.9151	483.48497	nan	538.28167	422.42056	454.15948	254.0039	423.11668	553.25006	531.49745	370.561	479.02187	657.79589	541.19649	116.60047	86.02641	116.60047	16.05636	0.53155	59.23343	18.11968	7.95E-05	2.68869	1.02E-05	1.34E+07	7.46E-08	27.718	183.82949	6.76E-05	0.00545	2.65E-05	2.42E-05
0.072	32.6036	19.71915	11.78518	20.06157	15.75902	93.97146	2.58392	1.10909	0.21949	0.75663	0.66615	0.41858	0.07266	0.05179	0.02708	0.02708	0.15928	91.44617	1.60287	2.19165	nan	2.0156	nan	0.45426	0.59413	0.46941	0.0168	0.30533	0.0138	0.39234	0.42734	0.17307	47.22987	610.0618	637.14629	404.92703	652.02736	386.08875	483.88374	nan	537.24552	422.88847	450.58473	253.15084	422.21145	553.24457	528.84234	374.01735	480.57615	657.73863	541.04189	116.69807	85.66307	116.69807	15.90923	0.53383	59.13216	18.08871	7.95E-05	2.68856	1.02E-05	1.34E+07	7.47E-08	27.715	183.67689	6.75E-05	0.00546	2.65E-05	2.42E-05
0.0724	31.48887	19.50581	11.8898	20.56901	16.47472	93.89429	2.66285	1.10575	0.22846	0.75303	0.66358	0.42258	0.07155	0.05119	0.02718	0.02718	0.15842	91.3657	1.71655	2.17394	nan	2.01557	nan	0.44371	0.67707	0.48174	0.01686	0.30475	0.01326	0.3986	0.43688	0.18074	48.50266	610.39868	636.55659	406.22326	652.10967	386.26239	484.28252	nan	536.20937	423.35637	447.00997	252.29777	421.30621	553.23908	526.18723	377.47369	482.13043	657.68136	540.88729	116.79567	85.29974	116.79567	15.76209	0.53612	59.03088	18.05773	7.94E-05	2.68843	1.02E-05	1.34E+07	7.48E-08	27.712	183.52429	6.75E-05	0.00546	2.65E-05	2.41E-05
0.0728	30.37415	19.29246	11.99442	21.07645	17.19042	93.81711	2.74178	1.1024	0.23744	0.74944	0.66101	0.42657	0.07044	0.05059	0.02727	0.02727	0.15755	91.28522	1.83022	2.15623	nan	2.01554	nan	0.43317	0.76002	0.49407	0.01692	0.30417	0.01272	0.40487	0.44643	0.1884	49.77546	610.73555	635.96688	407.51948	652.19198	386.43603	484.68129	nan	535.17322	423.82428	443.43522	251.44471	420.40098	553.23359	523.53212	380.93004	483.68471	657.62409	540.73269	116.89327	84.9364	116.89327	15.61496	0.53841	58.92961	18.02676	7.93E-05	2.6883	1.02E-05	1.34E+07	7.49E-08	27.709	183.37169	6.74E-05	0.00547	2.64E-05	2.41E-05
0.0732	29.25942	19.07912	12.09904	21.58389	17.90612	93.73994	2.82071	1.09906	0.24641	0.74585	0.65844	0.43057	0.06934	0.04998	0.02737	0.02737	0.15669	91.20475	1.9439	2.13852	nan	2.01551	nan	0.42262	0.84297	0.5064	0.01698	0.30358	0.01218	0.41114	0.45597	0.19606	51.04825	611.07242	635.37718	408.81571	652.27429	386.60968	485.08006	nan	534.13707	424.29219	439.86046	250.59165	419.49575	553.22811	520.87701	384.38639	485.23899	657.56682	540.57809	116.99087	84.57307	116.99087	15.46783	0.54069	58.82833	17.99579	7.92E-05	2.68818	1.02E-05	1.34E+07	7.50E-08	27.706	183.21909	6.74E-05	0.00547	2.64E-05	2.41E-05
0.0736	28.1447	18.86578	12.20366	22.09133	18.62183	93.66276	2.89965	1.09572	0.25539	0.74225	0.65587	0.43457	0.06823	0.04938	0.02746	0.02746	0.15582	91.12427	2.05758	2.12081	nan	2.01548	nan	0.41207	0.92591	0.51873	0.01704	0.303	0.01164	0.4174	0.46552	0.20373	52.32105	611.4093	634.78748	410.11193	652.3566	386.78332	485.47884	nan	533.10092	424.7601	436.28571	249.73858	418.59051	553.22262	518.2219	387.84273	486.79327	657.50956	540.42349	117.08847	84.20973	117.08847	15.32069	0.54298	58.72706	17.96481	7.92E-05	2.68805	1.02E-05	1.34E+07	7.51E-08	27.703	183.06649	6.73E-05	0.00548	2.64E-05	2.41E-05
0.074	27.02998	18.65244	12.30828	22.59878	19.33753	93.58558	2.97858	1.09238	0.26437	0.73866	0.6533	0.43856	0.06712	0.04878	0.02756	0.02756	0.15496	91.0438	2.17126	2.10311	nan	2.01545	nan	0.40153	1.00886	0.53106	0.0171	0.30242	0.0111	0.42367	0.47507	0.21139	53.59384	611.74617	634.19778	411.40816	652.43891	386.95697	485.87761	nan	532.06477	425.22801	432.71095	248.88552	417.68528	553.21713	515.56679	391.29908	488.34755	657.45229	540.26889	117.18607	83.8464	117.18607	15.17356	0.54527	58.62579	17.93384	7.91E-05	2.68792	1.02E-05	1.34E+07	7.52E-08	27.7	182.91389	6.73E-05	0.00549	2.64E-05	2.41E-05
0.0744	25.91525	18.4391	12.4129	23.10622	20.05323	93.50841	3.05751	1.08904	0.27334	0.73506	0.65073	0.44256	0.06601	0.04818	0.02766	0.02766	0.1541	90.96333	2.28494	2.0854	nan	2.01542	nan	0.39098	1.09181	0.54339	0.01716	0.30183	0.01056	0.42994	0.48461	0.21905	54.86664	612.08304	633.60808	412.70438	652.52122	387.13061	486.27639	nan	531.02862	425.69591	429.1362	248.03246	416.78005	553.21164	512.91167	394.75542	489.90183	657.39502	540.11428	117.28367	83.48306	117.28367	15.02642	0.54755	58.52451	17.90286	7.90E-05	2.68779	1.02E-05	1.33E+07	7.53E-08	27.697	182.76129	6.73E-05	0.00549	2.63E-05	2.40E-05
0.0748	24.80053	18.22576	12.51752	23.61366	20.76894	93.43123	3.13644	1.08569	0.28232	0.73147	0.64816	0.44655	0.0649	0.04758	0.02775	0.02775	0.15323	90.88285	2.39861	2.06769	nan	2.01539	nan	0.38043	1.17476	0.55572	0.01722	0.30125	0.01002	0.4362	0.49416	0.22672	56.13943	612.41992	633.01838	414.00061	652.60353	387.30426	486.67516	nan	529.99246	426.16382	425.56145	247.17939	415.87481	553.20615	510.25656	398.21177	491.45611	657.33776	539.95968	117.38127	83.11973	117.38127	14.87929	0.54984	58.42324	17.87189	7.89E-05	2.68766	1.02E-05	1.33E+07	7.54E-08	27.694	182.60869	6.72E-05	0.0055	2.63E-05	2.40E-05
0.0752	23.6858	18.01242	12.62214	24.1211	21.48464	93.35405	3.21538	1.08235	0.29129	0.72788	0.64559	0.45055	0.0638	0.04697	0.02785	0.02785	0.15237	90.80238	2.51229	2.04998	nan	2.01536	nan	0.36989	1.2577	0.56805	0.01728	0.30067	0.00948	0.44247	0.50371	0.23438	57.41223	612.75679	632.42868	415.29683	652.68584	387.4779	487.07394	nan	528.95631	426.63173	421.98669	246.32633	414.96958	553.20066	507.60145	401.66812	493.01039	657.28049	539.80508	117.47887	82.75639	117.47887	14.73216	0.55213	58.32196	17.84091	7.89E-05	2.68754	1.02E-05	1.33E+07	7.55E-08	27.691	182.45609	6.72E-05	0.0055	2.63E-05	2.40E-05
0.0756	22.57108	17.79908	12.72676	24.62854	22.20034	93.27688	3.29431	1.07901	0.30027	0.72428	0.64302	0.45455	0.06269	0.04637	0.02794	0.02794	0.1515	90.7219	2.62597	2.03227	nan	2.01533	nan	0.35934	1.34065	0.58038	0.01734	0.30008	0.00894	0.44874	0.51325	0.24204	58.68502	613.09366	631.83898	416.59306	652.76815	387.65155	487.47271	nan	527.92016	427.09964	418.41194	245.47327	414.06435	553.19517	504.94634	405.12446	494.56467	657.22322	539.65048	117.57647	82.39306	117.57647	14.58502	0.55441	58.22069	17.80994	7.88E-05	2.68741	1.02E-05	1.33E+07	7.56E-08	27.688	182.30348	6.71E-05	0.00551	2.63E-05	2.40E-05
0.076	21.45635	17.58574	12.83138	25.13599	22.91604	93.1997	3.37324	1.07567	0.30925	0.72069	0.64045	0.45854	0.06158	0.04577	0.02804	0.02804	0.15064	90.64143	2.73965	2.01457	nan	2.0153	nan	0.34879	1.4236	0.59271	0.0174	0.2995	0.0084	0.455	0.5228	0.24971	59.95782	613.43054	631.24928	417.88929	652.85046	387.82519	487.87148	nan	526.88401	427.56755	414.83718	244.6202	413.15911	553.18969	502.29123	408.58081	496.11895	657.16596	539.49588	117.67407	82.02972	117.67407	14.43789	0.5567	58.11941	17.77897	7.87E-05	2.68728	1.02E-05	1.33E+07	7.57E-08	27.685	182.15088	6.71E-05	0.00551	2.62E-05	2.39E-05
0.0764	20.34163	17.3724	12.936	25.64343	23.63175	93.12253	3.45217	1.07233	0.31822	0.71709	0.63788	0.46254	0.06047	0.04517	0.02814	0.02814	0.14978	90.56095	2.85332	1.99686	nan	2.01527	nan	0.33825	1.50654	0.60504	0.01746	0.29892	0.00786	0.46127	0.53234	0.25737	61.23061	613.76741	630.65958	419.18551	652.93277	387.99884	488.27026	nan	525.84786	428.03545	411.26243	243.76714	412.25388	553.1842	499.63612	412.03715	497.67323	657.10869	539.34128	117.77167	81.66639	117.77167	14.29075	0.55899	58.01814	17.74799	7.87E-05	2.68715	1.02E-05	1.33E+07	7.58E-08	27.682	181.99828	6.70E-05	0.00552	2.62E-05	2.39E-05
0.0768	19.2269	17.15906	13.04062	26.15087	24.34745	93.04535	3.5311	1.06898	0.3272	0.7135	0.63531	0.46654	0.05936	0.04457	0.02823	0.02823	0.14891	90.48048	2.967	1.97915	nan	2.01524	nan	0.3277	1.58949	0.61737	0.01752	0.29833	0.00732	0.46754	0.54189	0.26503	62.50341	614.10428	630.06988	420.48174	653.01508	388.17248	488.66903	nan	524.81171	428.50336	407.68767	242.91407	411.34864	553.17871	496.98101	415.4935	499.22751	657.05142	539.18668	117.86927	81.30305	117.86927	14.14362	0.56127	57.91686	17.71702	7.86E-05	2.68702	1.02E-05	1.33E+07	7.59E-08	27.679	181.84568	6.70E-05	0.00553	2.62E-05	2.39E-05
0.0772	18.11218	16.94572	13.14524	26.65831	25.06315	92.96817	3.61004	1.06564	0.33617	0.70991	0.63274	0.47053	0.05826	0.04396	0.02833	0.02833	0.14805	90.40001	3.08068	1.96144	nan	2.01521	nan	0.31715	1.67244	0.6297	0.01758	0.29775	0.00678	0.4738	0.55144	0.2727	63.7762	614.44116	629.48018	421.77796	653.09739	388.34613	489.06781	nan	523.77556	428.97127	404.11292	242.06101	410.44341	553.17322	494.3259	418.94984	500.78179	656.99416	539.03208	117.96688	80.93972	117.96688	13.99649	0.56356	57.81559	17.68604	7.85E-05	2.6869	1.02E-05	1.32E+07	7.60E-08	27.676	181.69308	6.69E-05	0.00553	2.62E-05	2.39E-05
0.0776	16.99745	16.73237	13.24986	27.16575	25.77886	92.891	3.68897	1.0623	0.34515	0.70631	0.63017	0.47453	0.05715	0.04336	0.02842	0.02842	0.14718	90.31953	3.19436	1.94373	nan	2.01518	nan	0.30661	1.75538	0.64203	0.01764	0.29717	0.00624	0.48007	0.56098	0.28036	65.049	614.77803	628.89048	423.07419	653.1797	388.51977	489.46658	nan	522.73941	429.43918	400.53817	241.20795	409.53818	553.16773	491.67079	422.40619	502.33607	656.93689	538.87748	118.06448	80.57638	118.06448	13.84935	0.56585	57.71432	17.65507	7.84E-05	2.68677	1.02E-05	1.32E+07	7.61E-08	27.673	181.54048	6.69E-05	0.00554	2.61E-05	2.39E-05
0.078	15.88273	16.51903	13.35448	27.6732	26.49456	92.81382	3.7679	1.05896	0.35413	0.70272	0.6276	0.47852	0.05604	0.04276	0.02852	0.02852	0.14632	90.23906	3.30804	1.92603	nan	2.01515	nan	0.29606	1.83833	0.65436	0.0177	0.29658	0.0057	0.48634	0.57053	0.28802	66.32179	615.1149	628.30078	424.37041	653.26201	388.69342	489.86535	nan	521.70326	429.90708	396.96341	240.35488	408.63294	553.16224	489.01568	425.86254	503.89035	656.87962	538.72288	118.16208	80.21305	118.16208	13.70222	0.56813	57.61304	17.6241	7.84E-05	2.68664	1.02E-05	1.32E+07	7.62E-08	27.67	181.38788	6.69E-05	0.00554	2.61E-05	2.38E-05
0.0784	14.76801	16.30569	13.4591	28.18064	27.21026	92.73664	3.84683	1.05562	0.3631	0.69912	0.62503	0.48252	0.05493	0.04216	0.02862	0.02862	0.14546	90.15858	3.42171	1.90832	nan	2.01512	nan	0.28551	1.92128	0.66669	0.01776	0.296	0.00516	0.4926	0.58007	0.29569	67.59459	615.45178	627.71108	425.66664	653.34432	388.86706	490.26413	nan	520.66711	430.37499	393.38866	239.50182	407.72771	553.15675	486.36057	429.31888	505.44463	656.82236	538.56828	118.25968	79.84972	118.25968	13.55508	0.57042	57.51177	17.59312	7.83E-05	2.68651	1.02E-05	1.32E+07	7.63E-08	27.667	181.23528	6.68E-05	0.00555	2.61E-05	2.38E-05
0.0788	13.65328	16.09235	13.56372	28.68808	27.92596	92.65947	3.92577	1.05227	0.37208	0.69553	0.62246	0.48652	0.05382	0.04156	0.02871	0.02871	0.14459	90.07811	3.53539	1.89061	nan	2.01509	nan	0.27497	2.00423	0.67902	0.01782	0.29542	0.00462	0.49887	0.58962	0.30335	68.86738	615.78865	627.12138	426.96286	653.42663	389.0407	490.6629	nan	519.63096	430.8429	389.8139	238.64876	406.82248	553.15127	483.70546	432.77523	506.9989	656.76509	538.41368	118.35728	79.48638	118.35728	13.40795	0.57271	57.41049	17.56215	7.82E-05	2.68638	1.02E-05	1.32E+07	7.64E-08	27.664	181.08268	6.68E-05	0.00555	2.61E-05	2.38E-05
0.0792	12.53856	15.87901	13.66834	29.19552	28.64167	92.58229	4.0047	1.04893	0.38106	0.69194	0.61989	0.49051	0.05272	0.04095	0.02881	0.02881	0.14373	89.99763	3.64907	1.8729	nan	2.01506	nan	0.26442	2.08717	0.69135	0.01788	0.29483	0.00408	0.50514	0.59917	0.31101	70.14018	616.12552	626.53168	428.25909	653.50895	389.21435	491.06168	nan	518.59481	431.31081	386.23915	237.79569	405.91724	553.14578	481.05035	436.23157	508.55318	656.70782	538.25908	118.45488	79.12305	118.45488	13.26082	0.57499	57.30922	17.53117	7.82E-05	2.68626	1.02E-05	1.32E+07	7.65E-08	27.661	180.93008	6.67E-05	0.00556	2.61E-05	2.38E-05
0.0796	11.42383	15.66567	13.77296	29.70296	29.35737	92.50511	4.08363	1.04559	0.39003	0.68834	0.61732	0.49451	0.05161	0.04035	0.0289	0.0289	0.14286	89.91716	3.76275	1.85519	nan	2.01503	nan	0.25387	2.17012	0.70368	0.01794	0.29425	0.00354	0.5114	0.60871	0.31868	71.41297	616.4624	625.94198	429.55531	653.59126	389.38799	491.46045	nan	517.55866	431.77872	382.66439	236.94263	405.01201	553.14029	478.39524	439.68792	510.10746	656.65055	538.10448	118.55248	78.75971	118.55248	13.11368	0.57728	57.20794	17.5002	7.81E-05	2.68613	1.02E-05	1.32E+07	7.66E-08	27.658	180.77748	6.67E-05	0.00556	2.60E-05	2.37E-05
0.08	10.3099	15.45276	13.87866	30.20952	30.07166	92.4281	4.1624	1.04225	0.39899	0.68475	0.61475	0.4985	0.0505	0.03975	0.029	0.029	0.142	89.83684	3.87621	1.8375	nan	2.015	nan	0.24334	2.25297	0.716	0.018	0.29368	0.003	0.51766	0.61824	0.32633	72.68304	616.79843	625.35346	430.84926	653.67163	389.56181	491.85922	nan	516.52375	432.24258	379.09787	236.09634	404.11135	553.1348	475.74399	443.13849	511.65732	656.59341	537.95006	118.65001	78.39671	118.65001	12.96679	0.57956	57.10688	17.46929	7.80E-05	2.686	1.02E-05	1.31E+07	7.66E-08	27.655	180.62531	6.66E-05	0.00557	2.60E-05	2.37E-05
0.0804	10.1845	15.78247	15.32456	29.61052	29.01995	92.55873	4.04002	1.0481	0.38537	0.68658	0.61292	0.4926	0.0512	0.04056	0.0285	0.0285	0.14274	89.94619	3.72626	1.83814	nan	2.01497	nan	0.24627	2.21977	0.7118	0.01728	0.30853	0.00312	0.50459	0.60335	0.31615	70.54102	616.08166	626.23513	429.29303	651.32912	389.94507	492.258	nan	517.05083	427.64933	385.809	243.70372	408.91786	553.12931	477.91308	439.38086	507.68505	656.68754	538.02966	118.66441	78.45498	118.66441	13.11545	0.57743	57.27463	17.52062	7.81E-05	2.68604	1.02E-05	1.32E+07	7.64E-08	27.6596	181.01631	6.68E-05	0.00556	2.60E-05	2.38E-05
0.0808	10.0591	16.11217	16.77047	29.01152	27.96825	92.68935	3.91764	1.05395	0.37175	0.68841	0.61109	0.4867	0.0519	0.04137	0.028	0.028	0.14348	90.05554	3.57631	1.83878	nan	2.01494	nan	0.2492	2.18657	0.7076	0.01656	0.32339	0.00324	0.49152	0.58846	0.30598	68.399	615.3649	627.1168	427.7368	648.98661	390.32833	492.65677	nan	517.57791	423.05608	392.52012	251.3111	413.72438	553.12382	480.08218	435.62322	503.71277	656.78168	538.10926	118.67881	78.51325	118.67881	13.26412	0.5753	57.44239	17.57195	7.83E-05	2.68608	1.02E-05	1.32E+07	7.62E-08	27.6642	181.40732	6.69E-05	0.00555	2.61E-05	2.38E-05
0.0812	9.9337	16.44187	18.21637	28.41251	26.91655	92.81997	3.79526	1.0598	0.35813	0.69024	0.60926	0.4808	0.0526	0.04218	0.0275	0.0275	0.14422	90.16489	3.42635	1.83942	nan	2.01491	nan	0.25214	2.15337	0.7034	0.01584	0.33824	0.00336	0.47846	0.57357	0.29581	66.25698	614.64814	627.99848	426.18058	646.6441	390.71159	493.05555	nan	518.10498	418.46283	399.23125	258.91848	418.5309	553.11834	482.25128	431.86559	499.74049	656.87581	538.18886	118.69321	78.57151	118.69321	13.41279	0.57316	57.61014	17.62328	7.84E-05	2.68612	1.02E-05	1.33E+07	7.60E-08	27.6688	181.79832	6.70E-05	0.00553	2.61E-05	2.38E-05
0.0816	9.8083	16.77157	19.66228	27.81351	25.86484	92.95059	3.67288	1.06565	0.34451	0.69207	0.60743	0.4749	0.0533	0.04299	0.027	0.027	0.14496	90.27424	3.2764	1.84006	nan	2.01488	nan	0.25507	2.12017	0.6992	0.01512	0.35309	0.00348	0.46539	0.55868	0.28563	64.11496	613.93138	628.88015	424.62435	644.30159	391.09485	493.45432	nan	518.63206	413.86958	405.94238	266.52586	423.33742	553.11285	484.42038	428.10795	495.76822	656.96994	538.26846	118.70761	78.62978	118.70761	13.56145	0.57103	57.77789	17.67461	7.85E-05	2.68616	1.02E-05	1.33E+07	7.58E-08	27.6734	182.18932	6.71E-05	0.00552	2.62E-05	2.39E-05
0.082	9.6829	17.10127	21.10819	27.21451	24.81314	93.08121	3.5505	1.0715	0.33089	0.6939	0.6056	0.469	0.054	0.0438	0.0265	0.0265	0.1457	90.38359	3.12644	1.8407	nan	2.01485	nan	0.258	2.08697	0.695	0.0144	0.36795	0.0036	0.45232	0.54379	0.27546	61.97294	613.21461	629.76182	423.06812	641.95908	391.47811	493.8531	nan	519.15913	409.27633	412.6535	274.13324	428.14394	553.10736	486.58948	424.35032	491.79594	657.06408	538.34807	118.72201	78.68805	118.72201	13.71012	0.5689	57.94564	17.72594	7.86E-05	2.6862	1.02E-05	1.33E+07	7.56E-08	27.678	182.58032	6.73E-05	0.00551	2.62E-05	2.39E-05
0.0824	9.5575	17.43097	22.55409	26.61551	23.76143	93.21183	3.42812	1.07735	0.31727	0.69573	0.60377	0.4631	0.0547	0.04461	0.026	0.026	0.14644	90.49294	2.97649	1.84134	nan	2.01482	nan	0.26094	2.05377	0.6908	0.01368	0.3828	0.00372	0.43926	0.5289	0.26528	59.83092	612.49785	630.6435	421.5119	639.61657	391.86138	494.25187	nan	519.68621	404.68309	419.36463	281.74062	432.95046	553.10187	488.75858	420.59268	487.82367	657.15821	538.42767	118.73641	78.74631	118.73641	13.85879	0.56676	58.11339	17.77727	7.87E-05	2.68624	1.02E-05	1.34E+07	7.54E-08	27.6826	182.97132	6.74E-05	0.0055	2.62E-05	2.39E-05
0.0828	9.4321	17.76067	24	26.0165	22.70973	93.34245	3.30574	1.0832	0.30365	0.69756	0.60194	0.4572	0.0554	0.04542	0.0255	0.0255	0.14718	90.60229	2.82654	1.84198	nan	2.01479	nan	0.26387	2.02057	0.6866	0.01296	0.39765	0.00384	0.42619	0.51401	0.25511	57.68891	611.78109	631.52517	419.95567	637.27406	392.24464	494.65064	nan	520.21328	400.08984	426.07576	289.348	437.75698	553.09638	490.92768	416.83505	483.85139	657.25234	538.50727	118.75081	78.80458	118.75081	14.00746	0.56463	58.28114	17.8286	7.89E-05	2.68628	1.02E-05	1.34E+07	7.52E-08	27.6872	183.36232	6.75E-05	0.00549	2.63E-05	2.40E-05
0.0832	9.3067	18.09037	25.4459	25.4175	21.65802	93.47307	3.18336	1.08905	0.29003	0.69939	0.60011	0.4513	0.0561	0.04623	0.025	0.025	0.14792	90.71164	2.67658	1.84262	nan	2.01476	nan	0.2668	1.98737	0.6824	0.01224	0.41251	0.00396	0.41312	0.49912	0.24494	55.54689	611.06432	632.40684	418.39945	634.93155	392.6279	495.04942	nan	520.74036	395.49659	432.78688	296.95538	442.5635	553.09089	493.09677	413.07741	479.87912	657.34648	538.58687	118.76521	78.86285	118.76521	14.15612	0.5625	58.44889	17.87993	7.90E-05	2.68632	1.02E-05	1.34E+07	7.50E-08	27.6918	183.75333	6.77E-05	0.00548	2.63E-05	2.40E-05
0.0836	9.1813	18.42008	26.89181	24.8185	20.60632	93.60369	3.06098	1.0949	0.27641	0.70122	0.59828	0.4454	0.0568	0.04704	0.0245	0.0245	0.14866	90.82099	2.52663	1.84326	nan	2.01473	nan	0.26974	1.95417	0.6782	0.01152	0.42736	0.00408	0.40006	0.48423	0.23476	53.40487	610.34756	633.28852	416.84322	632.58904	393.01116	495.44819	nan	521.26743	390.90334	439.49801	304.56276	447.37002	553.0854	495.26587	409.31978	475.90684	657.44061	538.66647	118.77961	78.92112	118.77961	14.30479	0.56036	58.61664	17.93126	7.91E-05	2.68636	1.02E-05	1.35E+07	7.48E-08	27.6964	184.14433	6.78E-05	0.00546	2.64E-05	2.41E-05
0.084	9.05589	18.74978	28.33771	24.2195	19.55462	93.73431	2.9386	1.10075	0.26279	0.70305	0.59645	0.4395	0.0575	0.04785	0.024	0.024	0.1494	90.93034	2.37667	1.8439	nan	2.0147	nan	0.27267	1.92097	0.674	0.0108	0.44221	0.0042	0.38699	0.46934	0.22459	51.26285	609.6308	634.17019	415.28699	630.24653	393.39442	495.84697	nan	521.79451	386.31009	446.20914	312.17014	452.17654	553.07992	497.43497	405.56214	471.93456	657.53475	538.74607	118.79401	78.97938	118.79401	14.45346	0.55823	58.78439	17.98259	7.92E-05	2.6864	1.02E-05	1.35E+07	7.46E-08	27.701	184.53533	6.79E-05	0.00545	2.64E-05	2.41E-05
0.0844	8.93049	19.07948	29.78362	23.62049	18.50291	93.86493	2.81622	1.1066	0.24917	0.70488	0.59462	0.4336	0.0582	0.04866	0.0235	0.0235	0.15014	91.03969	2.22672	1.84454	nan	2.01467	nan	0.2756	1.88777	0.6698	0.01008	0.45707	0.00432	0.37392	0.45445	0.21442	49.12083	608.91404	635.05186	413.73077	627.90402	393.77768	496.24574	nan	522.32158	381.71684	452.92026	319.77752	456.98306	553.07443	499.60407	401.80451	467.96229	657.62888	538.82567	118.80841	79.03765	118.80841	14.60213	0.5561	58.95214	18.03392	7.94E-05	2.68644	1.02E-05	1.35E+07	7.44E-08	27.7056	184.92633	6.80E-05	0.00544	2.65E-05	2.41E-05
0.0848	8.80509	19.40918	31.22953	23.02149	17.45121	93.99555	2.69384	1.11245	0.23555	0.70671	0.59279	0.42769	0.0589	0.04947	0.023	0.023	0.15088	91.14904	2.07677	1.84518	nan	2.01464	nan	0.27854	1.85457	0.6656	0.00936	0.47192	0.00444	0.36086	0.43956	0.20424	46.97881	608.19727	635.93354	412.17454	625.56151	394.16095	496.64451	nan	522.84866	377.12359	459.63139	327.3849	461.78958	553.06894	501.77317	398.04687	463.99001	657.72301	538.90527	118.82281	79.09592	118.82281	14.75079	0.55396	59.11989	18.08525	7.95E-05	2.68648	1.02E-05	1.36E+07	7.42E-08	27.7102	185.31733	6.82E-05	0.00543	2.65E-05	2.42E-05
0.0852	8.67969	19.73888	32.67543	22.42249	16.3995	94.12617	2.57146	1.1183	0.22193	0.70854	0.59096	0.42179	0.0596	0.05028	0.0225	0.0225	0.15162	91.25839	1.92681	1.84582	nan	2.01461	nan	0.28147	1.82137	0.6614	0.00864	0.48677	0.00456	0.34779	0.42467	0.19407	44.8368	607.48051	636.81521	410.61831	623.219	394.54421	497.04329	nan	523.37574	372.53035	466.34252	334.99228	466.5961	553.06345	503.94227	394.28924	460.01774	657.81715	538.98487	118.83721	79.15418	118.83721	14.89946	0.55183	59.28764	18.13658	7.96E-05	2.68652	1.02E-05	1.36E+07	7.40E-08	27.7148	185.70833	6.83E-05	0.00542	2.65E-05	2.42E-05
0.0856	8.55429	20.06858	34.12134	21.82349	15.3478	94.25679	2.44908	1.12416	0.20831	0.71037	0.58913	0.41589	0.0603	0.05109	0.022	0.022	0.15236	91.36774	1.77686	1.84646	nan	2.01458	nan	0.2844	1.78817	0.6572	0.00792	0.50163	0.00468	0.33472	0.40978	0.1839	42.69478	606.76375	637.69688	409.06209	620.87649	394.92747	497.44206	nan	523.90281	367.9371	473.05364	342.59966	471.40261	553.05796	506.11137	390.5316	456.04546	657.91128	539.06447	118.85161	79.21245	118.85161	15.04813	0.5497	59.45539	18.18791	7.97E-05	2.68656	1.02E-05	1.36E+07	7.37E-08	27.7194	186.09933	6.84E-05	0.0054	2.66E-05	2.42E-05
0.086	8.42889	20.39828	35.56724	21.22448	14.2961	94.38741	2.32669	1.13001	0.19469	0.7122	0.5873	0.40999	0.061	0.0519	0.0215	0.0215	0.1531	91.47709	1.6269	1.8471	nan	2.01455	nan	0.28734	1.75497	0.653	0.0072	0.51648	0.0048	0.32166	0.39489	0.17372	40.55276	606.04698	638.57856	407.50586	618.53399	395.31073	497.84084	nan	524.42989	363.34385	479.76477	350.20704	476.20913	553.05247	508.28047	386.77397	452.07318	658.00541	539.14407	118.86601	79.27072	118.86601	15.19679	0.54756	59.62314	18.23924	7.98E-05	2.6866	1.02E-05	1.37E+07	7.35E-08	27.724	186.49034	6.85E-05	0.00539	2.66E-05	2.43E-05
0.0864	8.30349	20.72798	37.01315	20.62548	13.24439	94.51803	2.20431	1.13586	0.18107	0.71403	0.58547	0.40409	0.0617	0.05271	0.021	0.021	0.15384	91.58644	1.47695	1.84774	nan	2.01452	nan	0.29027	1.72177	0.6488	0.00648	0.53133	0.00492	0.30859	0.38	0.16355	38.41074	605.33022	639.46023	405.94964	616.19148	395.69399	498.23961	nan	524.95696	358.7506	486.4759	357.81442	481.01565	553.04698	510.44956	383.01633	448.10091	658.09955	539.22367	118.88041	79.32898	118.88041	15.34546	0.54543	59.79089	18.29057	8.00E-05	2.68664	1.02E-05	1.37E+07	7.33E-08	27.7286	186.88134	6.87E-05	0.00538	2.67E-05	2.43E-05
0.0868	8.17809	21.05769	38.45906	20.02648	12.19269	94.64865	2.08193	1.14171	0.16745	0.71586	0.58364	0.39819	0.0624	0.05352	0.0205	0.0205	0.15458	91.69579	1.327	1.84838	nan	2.01449	nan	0.2932	1.68857	0.6446	0.00576	0.54619	0.00504	0.29552	0.36511	0.15338	36.26872	604.61346	640.34191	404.39341	613.84897	396.07725	498.63838	nan	525.48404	354.15735	493.18703	365.4218	485.82217	553.0415	512.61866	379.2587	444.12863	658.19368	539.30327	118.89481	79.38725	118.89481	15.49413	0.5433	59.95865	18.3419	8.01E-05	2.68668	1.02E-05	1.37E+07	7.31E-08	27.7332	187.27234	6.88E-05	0.00537	2.67E-05	2.44E-05
0.0872	8.05269	21.38739	39.90496	19.42748	11.14098	94.77927	1.95955	1.14756	0.15383	0.71769	0.58181	0.39229	0.0631	0.05433	0.02	0.02	0.15532	91.80515	1.17704	1.84902	nan	2.01446	nan	0.29614	1.65537	0.6404	0.00504	0.56104	0.00516	0.28246	0.35022	0.1432	34.1267	603.89669	641.22358	402.83718	611.50646	396.46051	499.03716	nan	526.01111	349.5641	499.89815	373.02918	490.62869	553.03601	514.78776	375.50106	440.15636	658.28782	539.38287	118.90921	79.44552	118.90921	15.6428	0.54116	60.1264	18.39323	8.02E-05	2.68672	1.02E-05	1.38E+07	7.29E-08	27.7378	187.66334	6.89E-05	0.00536	2.67E-05	2.44E-05
0.0876	7.92729	21.71709	41.35087	18.82848	10.08928	94.90989	1.83717	1.15341	0.14021	0.71952	0.57998	0.38639	0.0638	0.05514	0.0195	0.0195	0.15606	91.9145	1.02709	1.84966	nan	2.01443	nan	0.29907	1.62217	0.6362	0.00432	0.57589	0.00528	0.26939	0.33533	0.13303	31.98468	603.17993	642.10525	401.28096	609.16395	396.84378	499.43593	nan	526.53819	344.97086	506.60928	380.63656	495.43521	553.03052	516.95686	371.74343	436.18408	658.38195	539.46247	118.92361	79.50378	118.92361	15.79146	0.53903	60.29415	18.44456	8.03E-05	2.68676	1.02E-05	1.38E+07	7.27E-08	27.7424	188.05434	6.90E-05	0.00535	2.68E-05	2.44E-05
0.088	7.80189	22.04679	42.79677	18.22947	9.03757	95.04051	1.71479	1.15926	0.12659	0.72135	0.57815	0.38049	0.0645	0.05595	0.019	0.019	0.1568	92.02385	0.87713	1.8503	nan	2.0144	nan	0.302	1.58897	0.632	0.0036	0.59075	0.0054	0.25632	0.32044	0.12286	29.84267	602.46317	642.98693	399.72473	606.82144	397.22704	499.83471	nan	527.06526	340.37761	513.32041	388.24394	500.24173	553.02503	519.12596	367.98579	432.2118	658.47608	539.54207	118.93801	79.56205	118.93801	15.94013	0.5369	60.4619	18.4959	8.05E-05	2.6868	1.02E-05	1.38E+07	7.25E-08	27.747	188.44534	6.92E-05	0.00533	2.68E-05	2.45E-05
0.0884	7.67649	22.37649	44.24268	17.63047	7.98587	95.17114	1.59241	1.16511	0.11297	0.72318	0.57632	0.37459	0.0652	0.05676	0.0185	0.0185	0.15754	92.1332	0.72718	1.85094	nan	2.01437	nan	0.30494	1.55577	0.6278	0.00288	0.6056	0.00552	0.24326	0.30555	0.11268	27.70065	601.74641	643.8686	398.1685	604.47893	397.6103	500.23348	nan	527.59234	335.78436	520.03153	395.85132	505.04825	553.01954	521.29506	364.22816	428.23953	658.57022	539.62167	118.95241	79.62032	118.95241	16.0888	0.53476	60.62965	18.54723	8.06E-05	2.68684	1.02E-05	1.39E+07	7.23E-08	27.7516	188.83635	6.93E-05	0.00532	2.69E-05	2.45E-05
0.0888	7.55109	22.70619	45.68858	17.03147	6.93417	95.30176	1.47003	1.17096	0.09935	0.72501	0.57449	0.36869	0.0659	0.05757	0.018	0.018	0.15828	92.24255	0.57723	1.85158	nan	2.01434	nan	0.30787	1.52257	0.6236	0.00216	0.62045	0.00564	0.23019	0.29066	0.10251	25.55863	601.02964	644.75027	396.61228	602.13642	397.99356	500.63226	nan	528.11941	331.19111	526.74266	403.45871	509.85477	553.01405	523.46416	360.47052	424.26725	658.66435	539.70127	118.96681	79.67859	118.96681	16.23747	0.53263	60.7974	18.59856	8.07E-05	2.68688	1.02E-05	1.39E+07	7.21E-08	27.7562	189.22735	6.94E-05	0.00531	2.69E-05	2.45E-05
0.0892	7.42569	23.03589	47.13449	16.43247	5.88246	95.43238	1.34765	1.17681	0.08573	0.72684	0.57266	0.36279	0.0666	0.05838	0.0175	0.0175	0.15902	92.3519	0.42727	1.85222	nan	2.01431	nan	0.3108	1.48937	0.6194	0.00144	0.63531	0.00576	0.21712	0.27577	0.09234	23.41661	600.31288	645.63195	395.05605	599.79391	398.37682	501.03103	nan	528.64649	326.59786	533.45379	411.06609	514.66129	553.00857	525.63325	356.71289	420.29498	658.75848	539.78087	118.98121	79.73685	118.98121	16.38613	0.53049	60.96515	18.64989	8.08E-05	2.68692	1.02E-05	1.40E+07	7.19E-08	27.7608	189.61835	6.95E-05	0.0053	2.69E-05	2.46E-05
0.0896	7.30029	23.3656	48.5804	15.83346	4.83076	95.563	1.22527	1.18266	0.07211	0.72867	0.57083	0.35689	0.0673	0.05919	0.017	0.017	0.15976	92.46125	0.27732	1.85286	nan	2.01428	nan	0.31374	1.45617	0.6152	7.19E-04	0.65016	0.00588	0.20405	0.26088	0.08216	21.27459	599.59612	646.51362	393.49983	597.4514	398.76008	501.4298	nan	529.17357	322.00461	540.16491	418.67347	519.46781	553.00308	527.80235	352.95525	416.3227	658.85262	539.86047	118.99561	79.79512	118.99561	16.5348	0.52836	61.1329	18.70122	8.09E-05	2.68696	1.02E-05	1.40E+07	7.17E-08	27.7654	190.00935	6.97E-05	0.00529	2.70E-05	2.46E-05
0.09	7.17535	23.69468	50.02444	15.23516	3.78037	95.69346	1.10304	1.18849	0.0585	0.7305	0.569	0.351	0.068	0.06	0.0165	0.0165	0.1605	92.5705	0.12754	1.85351	nan	2.01425	nan	0.31667	1.42297	0.611	0	0.66499	0.006	0.19101	0.24601	0.072	19.13468	598.87971	647.39423	391.95047	595.11302	399.13885	501.82858	nan	529.70064	317.41761	546.86709	426.26852	524.26501	552.99759	529.96955	349.20236	412.35866	658.94675	539.94007	119.01001	79.85339	119.01001	16.68347	0.52623	61.30043	18.75248	8.11E-05	2.687	1.02E-05	1.40E+07	7.15E-08	27.77	190.3999	6.98E-05	0.00528	2.70E-05	2.47E-05
0.0904	7.56462	23.34128	49.40731	15.40829	4.18837	95.65303	1.15186	1.1758	0.06383	0.73015	0.56949	0.35263	0.06793	0.05955	0.01669	0.01669	0.15948	92.57103	0.17156	1.86328	nan	2.01422	nan	0.3196	1.38977	0.6072	0	0.65107	0.00584	0.19683	0.25229	0.07426	19.33335	598.55193	647.09425	398.02685	597.35683	394.52764	502.22735	nan	530.22772	319.76212	543.63886	420.17567	518.72531	552.9921	530.02783	350.71026	417.53908	659.04089	540.01967	119.02441	79.91165	119.02441	16.83213	0.52712	61.22284	18.72873	8.10E-05	2.68673	1.02E-05	1.40E+07	7.15E-08	27.7684	190.2839	6.98E-05	0.00528	2.70E-05	2.46E-05
0.0908	7.95389	22.98788	48.79017	15.58142	4.59637	95.6126	1.20067	1.16312	0.06916	0.72979	0.56999	0.35425	0.06787	0.05909	0.01689	0.01689	0.15846	92.57155	0.21558	1.87304	nan	2.01419	nan	0.32254	1.35657	0.6034	0	0.63715	0.00568	0.20266	0.25857	0.07651	19.53203	598.22416	646.79427	404.10324	599.60064	389.91644	502.62613	nan	530.75479	322.10663	540.41063	414.08283	513.18561	552.98661	530.0861	352.21817	422.7195	659.13502	540.09927	119.03881	79.96992	119.03881	16.9808	0.528	61.14524	18.70497	8.10E-05	2.68647	1.02E-05	1.40E+07	7.16E-08	27.7668	190.16789	6.97E-05	0.00528	2.70E-05	2.46E-05
0.0912	8.34316	22.63448	48.17304	15.75456	5.00437	95.57216	1.24948	1.15043	0.07448	0.72944	0.57048	0.35588	0.0678	0.05864	0.01708	0.01708	0.15744	92.57208	0.2596	1.88281	nan	2.01416	nan	0.32547	1.32337	0.5996	0	0.62323	0.00552	0.20849	0.26485	0.07876	19.7307	597.89638	646.49429	410.17962	601.84445	385.30523	503.0249	nan	531.28187	324.45114	537.1824	407.98998	507.64591	552.98112	530.14437	353.72608	427.89992	659.22915	540.17887	119.05321	80.02819	119.05321	17.12947	0.52889	61.06765	18.68122	8.09E-05	2.6862	1.02E-05	1.40E+07	7.17E-08	27.7652	190.05189	6.97E-05	0.00528	2.70E-05	2.46E-05
0.0916	8.73242	22.28108	47.5559	15.92769	5.41237	95.53173	1.2983	1.13774	0.07981	0.72909	0.57097	0.35751	0.06773	0.05819	0.01727	0.01727	0.15642	92.57261	0.30362	1.89258	nan	2.01413	nan	0.3284	1.29017	0.5958	0	0.60931	0.00536	0.21431	0.27113	0.08102	19.92938	597.56861	646.19431	416.25601	604.08826	380.69403	503.42367	nan	531.80894	326.79565	533.95416	401.89714	502.10621	552.97563	530.20265	355.23398	433.08035	659.32329	540.25847	119.06761	80.08645	119.06761	17.27814	0.52978	60.99006	18.65746	8.09E-05	2.68593	1.02E-05	1.40E+07	7.17E-08	27.7636	189.93589	6.97E-05	0.00529	2.70E-05	2.46E-05
0.092	9.12169	21.92767	46.93877	16.10083	5.82038	95.4913	1.34711	1.12505	0.08514	0.72873	0.57147	0.35913	0.06767	0.05773	0.01747	0.01747	0.1554	92.57313	0.34764	1.90234	nan	2.0141	nan	0.33134	1.25697	0.592	0	0.59539	0.0052	0.22014	0.27741	0.08327	20.12805	597.24083	645.89432	422.33239	606.33206	376.08282	503.82245	nan	532.33602	329.14016	530.72593	395.80429	496.5665	552.97015	530.26092	356.74189	438.26077	659.41742	540.33807	119.08201	80.14472	119.08201	17.4268	0.53066	60.91246	18.63371	8.09E-05	2.68567	1.02E-05	1.40E+07	7.18E-08	27.762	189.81989	6.96E-05	0.00529	2.70E-05	2.46E-05
0.0924	9.51096	21.57427	46.32163	16.27396	6.22838	95.45086	1.39593	1.11237	0.09046	0.72838	0.57196	0.36076	0.0676	0.05728	0.01766	0.01766	0.15438	92.57366	0.39166	1.91211	nan	2.01407	nan	0.33427	1.22377	0.5882	0	0.58147	0.00504	0.22597	0.28369	0.08552	20.32672	596.91306	645.59434	428.40877	608.57587	371.47162	504.22122	nan	532.86309	331.48467	527.4977	389.71145	491.0268	552.96466	530.31919	358.24979	443.44119	659.51155	540.41767	119.09641	80.20299	119.09641	17.57547	0.53155	60.83487	18.60996	8.08E-05	2.6854	1.02E-05	1.40E+07	7.19E-08	27.7604	189.70389	6.96E-05	0.00529	2.69E-05	2.46E-05
0.0928	9.90023	21.22087	45.70449	16.44709	6.63638	95.41043	1.44474	1.09968	0.09579	0.72803	0.57245	0.36239	0.06753	0.05683	0.01785	0.01785	0.15336	92.57419	0.43568	1.92188	nan	2.01404	nan	0.3372	1.19057	0.5844	0	0.56755	0.00488	0.23179	0.28997	0.08778	20.5254	596.58528	645.29436	434.48516	610.81968	366.86041	504.62	nan	533.39017	333.82918	524.26946	383.61861	485.4871	552.95917	530.37747	359.7577	448.62161	659.60569	540.49727	119.11081	80.26125	119.11081	17.72414	0.53243	60.75727	18.5862	8.08E-05	2.68513	1.02E-05	1.39E+07	7.19E-08	27.7588	189.58789	6.96E-05	0.0053	2.69E-05	2.46E-05
0.0932	10.2895	20.86747	45.08736	16.62023	7.04438	95.37	1.49355	1.08699	0.10112	0.72767	0.57295	0.36401	0.06747	0.05637	0.01805	0.01805	0.15234	92.57471	0.4797	1.93164	nan	2.01401	nan	0.34014	1.15737	0.5806	0	0.55363	0.00472	0.23762	0.29625	0.09003	20.72407	596.25751	644.99438	440.56154	613.06349	362.24921	505.01877	nan	533.91724	336.17369	521.04123	377.52576	479.9474	552.95368	530.43574	361.26561	453.80203	659.69982	540.57687	119.12521	80.31952	119.12521	17.87281	0.53332	60.67968	18.56245	8.07E-05	2.68487	1.02E-05	1.39E+07	7.20E-08	27.7572	189.47189	6.95E-05	0.0053	2.69E-05	2.45E-05
0.0936	10.67876	20.51407	44.47022	16.79336	7.45238	95.32956	1.54237	1.07431	0.10644	0.72732	0.57344	0.36564	0.0674	0.05592	0.01824	0.01824	0.15132	92.57524	0.52372	1.94141	nan	2.01398	nan	0.34307	1.12417	0.5768	0	0.53971	0.00456	0.24345	0.30253	0.09228	20.92275	595.92973	644.6944	446.63793	615.3073	357.638	505.41754	nan	534.44432	338.51819	517.813	371.43292	474.40769	552.94819	530.49401	362.77351	458.98245	659.79395	540.65647	119.13961	80.37779	119.13961	18.02147	0.53421	60.60209	18.5387	8.07E-05	2.6846	1.02E-05	1.39E+07	7.21E-08	27.7556	189.35589	6.95E-05	0.0053	2.69E-05	2.45E-05
0.094	11.06803	20.16067	43.85309	16.9665	7.86038	95.28913	1.59118	1.06162	0.11177	0.72697	0.57393	0.36727	0.06733	0.05547	0.01843	0.01843	0.1503	92.57577	0.56774	1.95118	nan	2.01395	nan	0.346	1.09097	0.573	0	0.52579	0.0044	0.24927	0.30881	0.09454	21.12142	595.60196	644.39442	452.71431	617.55111	353.0268	505.81632	nan	534.9714	340.8627	514.58477	365.34007	468.86799	552.9427	530.55229	364.28142	464.16287	659.88809	540.73607	119.15401	80.43605	119.15401	18.17014	0.53509	60.52449	18.51494	8.06E-05	2.68433	1.02E-05	1.39E+07	7.21E-08	27.754	189.23989	6.95E-05	0.00531	2.69E-05	2.45E-05
0.0944	11.4573	19.80727	43.23595	17.13963	8.26839	95.2487	1.63999	1.04893	0.1171	0.72661	0.57443	0.36889	0.06727	0.05501	0.01863	0.01863	0.14928	92.57629	0.61176	1.96094	nan	2.01392	nan	0.34894	1.05777	0.5692	0	0.51187	0.00424	0.2551	0.31509	0.09679	21.32009	595.27418	644.09444	458.7907	619.79492	348.41559	506.21509	nan	535.49847	343.20721	511.35653	359.24723	463.32829	552.93721	530.61056	365.78932	469.34329	659.98222	540.81568	119.16841	80.49432	119.16841	18.31881	0.53598	60.4469	18.49119	8.06E-05	2.68407	1.02E-05	1.39E+07	7.22E-08	27.7524	189.12389	6.94E-05	0.00531	2.69E-05	2.45E-05
0.0948	11.84657	19.45386	42.61881	17.31276	8.67639	95.20826	1.68881	1.03625	0.12243	0.72626	0.57492	0.37052	0.0672	0.05456	0.01882	0.01882	0.14826	92.57682	0.65578	1.97071	nan	2.01389	nan	0.35187	1.02457	0.5654	0	0.49795	0.00408	0.26093	0.32137	0.09904	21.51877	594.94641	643.79446	464.86708	622.03873	343.80439	506.61387	nan	536.02555	345.55172	508.1283	353.15438	457.78859	552.93173	530.66884	367.29723	474.52371	660.07636	540.89528	119.18281	80.55259	119.18281	18.46747	0.53687	60.36931	18.46744	8.05E-05	2.6838	1.02E-05	1.39E+07	7.23E-08	27.7508	189.00789	6.94E-05	0.00531	2.68E-05	2.45E-05
0.0952	12.23584	19.10046	42.00168	17.4859	9.08439	95.16783	1.73762	1.02356	0.12775	0.72591	0.57541	0.37215	0.06713	0.05411	0.01901	0.01901	0.14724	92.57735	0.6998	1.98048	nan	2.01386	nan	0.3548	0.99137	0.5616	0	0.48403	0.00392	0.26675	0.32765	0.1013	21.71744	594.61863	643.49447	470.94346	624.28254	339.19318	507.01264	nan	536.55262	347.89623	504.90007	347.06154	452.24889	552.92624	530.72711	368.80514	479.70413	660.17049	540.97488	119.19721	80.61086	119.19721	18.61614	0.53775	60.29171	18.44368	8.05E-05	2.68353	1.02E-05	1.39E+07	7.23E-08	27.7492	188.89189	6.94E-05	0.00531	2.68E-05	2.45E-05
0.0956	12.62511	18.74706	41.38454	17.65903	9.49239	95.12739	1.78643	1.01087	0.13308	0.72555	0.57591	0.37377	0.06707	0.05365	0.01921	0.01921	0.14622	92.57787	0.74382	1.99024	nan	2.01383	nan	0.35774	0.95817	0.5578	0	0.47011	0.00376	0.27258	0.33393	0.10355	21.91612	594.29086	643.19449	477.01985	626.52635	334.58198	507.41142	nan	537.0797	350.24074	501.67183	340.9687	446.70918	552.92075	530.78538	370.31304	484.88455	660.26462	541.05448	119.21161	80.66912	119.21161	18.76481	0.53864	60.21412	18.41993	8.05E-05	2.68327	1.02E-05	1.39E+07	7.24E-08	27.7476	188.77589	6.93E-05	0.00532	2.68E-05	2.45E-05
0.096	13.01437	18.39366	40.76741	17.83217	9.90039	95.08696	1.83525	0.99819	0.13841	0.7252	0.5764	0.3754	0.067	0.0532	0.0194	0.0194	0.1452	92.5784	0.78784	2.00001	nan	2.0138	nan	0.36067	0.92497	0.554	0	0.45619	0.0036	0.27841	0.34021	0.1058	22.11479	593.96309	642.89451	483.09623	628.77015	329.97077	507.81019	nan	537.60677	352.58525	498.4436	334.87585	441.16948	552.91526	530.84366	371.82095	490.06497	660.35876	541.13408	119.22601	80.72739	119.22601	18.91348	0.53952	60.13653	18.39618	8.04E-05	2.683	1.02E-05	1.38E+07	7.25E-08	27.746	188.65989	6.93E-05	0.00532	2.68E-05	2.45E-05
0.0964	13.40364	18.04026	40.15027	18.0053	10.30839	95.04653	1.88406	0.9855	0.14373	0.72485	0.57689	0.37703	0.06693	0.05275	0.01959	0.01959	0.14418	92.57893	0.83186	2.00978	nan	2.01377	nan	0.3636	0.89177	0.5502	0	0.44227	0.00344	0.28423	0.34649	0.10806	22.31346	593.63531	642.59453	489.17262	631.01396	325.35957	508.20896	nan	538.13385	354.92976	495.21537	328.78301	435.62978	552.90977	530.90193	373.32885	495.24539	660.45289	541.21368	119.24041	80.78566	119.24041	19.06214	0.54041	60.05893	18.37242	8.04E-05	2.68273	1.02E-05	1.38E+07	7.25E-08	27.7444	188.54389	6.93E-05	0.00532	2.68E-05	2.44E-05
0.0968	13.79291	17.68686	39.53314	18.17843	10.71639	95.00609	1.93287	0.97281	0.14906	0.72449	0.57739	0.37865	0.06687	0.05229	0.01979	0.01979	0.14316	92.57945	0.87588	2.01954	nan	2.01374	nan	0.36654	0.85857	0.5464	0	0.42835	0.00328	0.29006	0.35277	0.11031	22.51214	593.30754	642.29455	495.249	633.25777	320.74836	508.60774	nan	538.66092	357.27427	491.98714	322.69016	430.09008	552.90428	530.9602	374.83676	500.42581	660.54702	541.29328	119.25481	80.84392	119.25481	19.21081	0.5413	59.98134	18.34867	8.03E-05	2.68247	1.02E-05	1.38E+07	7.26E-08	27.7428	188.42789	6.92E-05	0.00533	2.68E-05	2.44E-05
0.0972	14.18218	17.33346	38.916	18.35157	11.1244	94.96566	1.98169	0.96013	0.15439	0.72414	0.57788	0.38028	0.0668	0.05184	0.01998	0.01998	0.14214	92.57998	0.9199	2.02931	nan	2.01371	nan	0.36947	0.82537	0.5426	0	0.41443	0.00312	0.29589	0.35905	0.11256	22.71081	592.97976	641.99457	501.32539	635.50158	316.13716	509.00651	nan	539.188	359.61878	488.7589	316.59732	424.55038	552.8988	531.01848	376.34467	505.60624	660.64116	541.37288	119.26921	80.90219	119.26921	19.35948	0.54218	59.90374	18.32492	8.03E-05	2.6822	1.02E-05	1.38E+07	7.27E-08	27.7412	188.31189	6.92E-05	0.00533	2.68E-05	2.44E-05
0.0976	14.57145	16.98006	38.29886	18.5247	11.5324	94.92523	2.0305	0.94744	0.15971	0.72379	0.57837	0.38191	0.06673	0.05139	0.02017	0.02017	0.14112	92.58051	0.96392	2.03908	nan	2.01368	nan	0.3724	0.79217	0.5388	0	0.40051	0.00296	0.30171	0.36533	0.11482	22.90949	592.65199	641.69459	507.40177	637.74539	311.52595	509.40529	nan	539.71507	361.96329	485.53067	310.50447	419.01067	552.89331	531.07675	377.85257	510.78666	660.73529	541.45248	119.28361	80.96046	119.28361	19.50815	0.54307	59.82615	18.30116	8.02E-05	2.68193	1.02E-05	1.38E+07	7.27E-08	27.7396	188.19589	6.91E-05	0.00533	2.67E-05	2.44E-05
0.098	14.96071	16.62665	37.68173	18.69784	11.9404	94.88479	2.07931	0.93475	0.16504	0.72343	0.57887	0.38353	0.06667	0.05093	0.02037	0.02037	0.1401	92.58103	1.00794	2.04884	nan	2.01365	nan	0.37534	0.75897	0.535	0	0.38659	0.0028	0.30754	0.37161	0.11707	23.10816	592.32421	641.39461	513.47815	639.9892	306.91475	509.80406	nan	540.24215	364.3078	482.30244	304.41163	413.47097	552.88782	531.13502	379.36048	515.96708	660.82943	541.53208	119.29801	81.01872	119.29801	19.65681	0.54396	59.74856	18.27741	8.02E-05	2.68167	1.02E-05	1.38E+07	7.28E-08	27.738	188.07989	6.91E-05	0.00534	2.67E-05	2.44E-05
0.0984	15.34998	16.27325	37.06459	18.87097	12.3484	94.84436	2.12813	0.92207	0.17037	0.72308	0.57936	0.38516	0.0666	0.05048	0.02056	0.02056	0.13908	92.58156	1.05196	2.05861	nan	2.01362	nan	0.37827	0.72577	0.5312	0	0.37267	0.00264	0.31337	0.37789	0.11932	23.30684	591.99644	641.09462	519.55454	642.23301	302.30354	510.20283	nan	540.76923	366.65231	479.0742	298.31878	407.93127	552.88233	531.1933	380.86838	521.1475	660.92356	541.61168	119.31241	81.07699	119.31241	19.80548	0.54484	59.67096	18.25366	8.02E-05	2.6814	1.02E-05	1.38E+07	7.29E-08	27.7364	187.96389	6.91E-05	0.00534	2.67E-05	2.44E-05
0.0988	15.73925	15.91985	36.44746	19.0441	12.7564	94.80393	2.17694	0.90938	0.17569	0.72273	0.57985	0.38679	0.06653	0.05003	0.02075	0.02075	0.13806	92.58209	1.09598	2.06838	nan	2.01359	nan	0.3812	0.69257	0.5274	0	0.35875	0.00248	0.31919	0.38417	0.12158	23.50551	591.66866	640.79464	525.63092	644.47682	297.69234	510.60161	nan	541.2963	368.99682	475.84597	292.22594	402.39157	552.87684	531.25157	382.37629	526.32792	661.01769	541.69128	119.32681	81.13526	119.32681	19.95415	0.54573	59.59337	18.2299	8.01E-05	2.68113	1.02E-05	1.38E+07	7.29E-08	27.7348	187.84789	6.90E-05	0.00534	2.67E-05	2.44E-05
0.0992	16.12852	15.56645	35.83032	19.21724	13.1644	94.76349	2.22576	0.89669	0.18102	0.72237	0.58035	0.38841	0.06647	0.04957	0.02095	0.02095	0.13704	92.58261	1.14	2.07814	nan	2.01356	nan	0.38414	0.65937	0.5236	0	0.34483	0.00232	0.32502	0.39045	0.12383	23.70418	591.34089	640.49466	531.70731	646.72063	293.08113	511.00038	nan	541.82338	371.34133	472.61774	286.1331	396.85186	552.87135	531.30984	383.8842	531.50834	661.11183	541.77088	119.34121	81.19352	119.34121	20.10281	0.54662	59.51578	18.20615	8.01E-05	2.68087	1.02E-05	1.37E+07	7.30E-08	27.7332	187.73188	6.90E-05	0.00534	2.67E-05	2.43E-05
0.0996	16.51779	15.21305	35.21319	19.39037	13.57241	94.72306	2.27457	0.88401	0.18635	0.72202	0.58084	0.39004	0.0664	0.04912	0.02114	0.02114	0.13602	92.58314	1.18402	2.08791	nan	2.01353	nan	0.38707	0.62617	0.5198	0	0.33091	0.00216	0.33085	0.39673	0.12608	23.90286	591.01311	640.19468	537.78369	648.96443	288.46993	511.39916	nan	542.35045	373.68584	469.3895	280.04025	391.31216	552.86586	531.36812	385.3921	536.68876	661.20596	541.85048	119.35561	81.25179	119.35561	20.25148	0.5475	59.43818	18.1824	8.00E-05	2.6806	1.02E-05	1.37E+07	7.31E-08	27.7316	187.61588	6.90E-05	0.00535	2.67E-05	2.43E-05
0.1	16.90665	14.85967	34.59664	19.5629	13.98081	94.68258	2.32343	0.87132	0.19168	0.72167	0.58133	0.39167	0.06633	0.04867	0.02133	0.02133	0.135	92.5836	1.22809	2.09763	nan	2.0135	nan	0.39	0.59302	0.51599	1.00E-07	0.317	0.002	0.33667	0.40301	0.12834	24.10268	590.68637	639.8943	543.85404	651.20591	283.86608	511.79793	nan	542.8761	376.02958	466.16454	273.95237	385.7778	552.86038	531.42593	386.89819	541.86239	661.30004	541.93004	119.37	81.30775	119.37	20.40016	0.54839	59.36059	18.15864	8.00E-05	2.68033	1.02E-05	1.37E+07	7.31E-08	27.73	187.49977	6.89E-05	0.00535	2.67E-05	2.43E-05
0.1004	16.88932	14.5306	34.56784	19.12503	14.79308	94.5938	2.41797	0.86278	0.20216	0.72631	0.57339	0.39153	0.06645	0.04843	0.02123	0.02123	0.13427	92.51248	1.31914	2.05745	nan	2.01347	nan	0.38502	0.61676	0.50661	1.00E-04	0.31278	0.00208	0.34337	0.41539	0.13549	25.44675	591.38943	639.19224	543.88998	651.11885	286.61683	512.1967	nan	541.98012	377.60564	466.20536	272.81898	385.57843	552.85489	531.0264	386.58637	540.25589	661.33564	541.96524	119.3704	79.05814	119.3704	20.55616	0.55152	59.28618	18.13588	7.99E-05	2.67976	1.02E-05	1.37E+07	7.33E-08	27.72613	187.2651	6.89E-05	0.00536	2.66E-05	2.43E-05
0.1008	16.87198	14.20153	34.53904	18.68716	15.60535	94.50503	2.51252	0.85423	0.21264	0.73095	0.56546	0.3914	0.06657	0.04819	0.02112	0.02112	0.13353	92.44135	1.4102	2.01728	nan	2.01344	nan	0.38003	0.6405	0.49723	2.00E-04	0.30856	0.00216	0.35006	0.42776	0.14263	26.79082	592.09248	638.49019	543.92592	651.03179	289.36757	512.59548	nan	541.08414	379.1817	466.24618	271.6856	385.37905	552.8494	530.62686	386.27455	538.64938	661.37124	542.00044	119.3708	76.80853	119.3708	20.71216	0.55466	59.21176	18.11312	7.98E-05	2.67919	1.02E-05	1.37E+07	7.34E-08	27.72226	187.03043	6.88E-05	0.00537	2.66E-05	2.43E-05
0.1012	16.85465	13.87247	34.51024	18.24929	16.41762	94.41626	2.60707	0.84568	0.22312	0.73559	0.55753	0.39127	0.06669	0.04795	0.02101	0.02101	0.1328	92.37023	1.50125	1.97711	nan	2.01341	nan	0.37505	0.66424	0.48785	3.00E-04	0.30434	0.00224	0.35675	0.44013	0.14978	28.13489	592.79554	637.78813	543.96186	650.94473	292.11832	512.99425	nan	540.18815	380.75775	466.287	270.55221	385.17968	552.84391	530.22733	385.96272	537.04287	661.40684	542.03564	119.3712	74.55892	119.3712	20.86816	0.55779	59.13735	18.09036	7.97E-05	2.67861	1.02E-05	1.37E+07	7.35E-08	27.7184	186.79576	6.87E-05	0.00537	2.66E-05	2.42E-05
0.1016	16.83732	13.5434	34.48144	17.81142	17.22989	94.32748	2.70162	0.83714	0.2336	0.74023	0.54959	0.39113	0.06681	0.04771	0.02091	0.02091	0.13207	92.29911	1.59231	1.93693	nan	2.01338	nan	0.37007	0.68798	0.47847	4.00E-04	0.30012	0.00232	0.36345	0.45251	0.15693	29.47897	593.49859	637.08607	543.9978	650.85767	294.86906	513.39303	nan	539.29217	382.33381	466.32782	269.41883	384.9803	552.83842	529.82779	385.6509	535.43637	661.44244	542.07084	119.3716	72.30931	119.3716	21.02416	0.56092	59.06294	18.0676	7.97E-05	2.67804	1.02E-05	1.36E+07	7.37E-08	27.71453	186.56109	6.87E-05	0.00538	2.66E-05	2.42E-05
0.102	16.81998	13.21433	34.45264	17.37355	18.04216	94.23871	2.79616	0.82859	0.24408	0.74487	0.54166	0.391	0.06693	0.04747	0.0208	0.0208	0.13133	92.22799	1.68336	1.89676	nan	2.01335	nan	0.36509	0.71172	0.46909	5.00E-04	0.2959	0.0024	0.37014	0.46488	0.16407	30.82304	594.20165	636.38402	544.03374	650.77061	297.61981	513.7918	nan	538.39619	383.90987	466.36864	268.28544	384.78093	552.83293	529.42826	385.33908	533.82986	661.47804	542.10604	119.372	70.05971	119.372	21.18016	0.56406	58.98852	18.04484	7.96E-05	2.67747	1.02E-05	1.36E+07	7.38E-08	27.71066	186.32643	6.86E-05	0.00539	2.65E-05	2.42E-05
0.1024	16.80265	12.88526	34.42384	16.93568	18.85443	94.14994	2.89071	0.82004	0.25456	0.74951	0.53373	0.39087	0.06705	0.04723	0.02069	0.02069	0.1306	92.15687	1.77441	1.85659	nan	2.01332	nan	0.36011	0.73546	0.45971	6.00E-04	0.29168	0.00248	0.37683	0.47725	0.17122	32.16711	594.90471	635.68196	544.06968	650.68355	300.37055	514.19058	nan	537.5002	385.48593	466.40946	267.15206	384.58156	552.82744	529.02872	385.02726	532.22335	661.51364	542.14124	119.3724	67.8101	119.3724	21.33616	0.56719	58.91411	18.02208	7.95E-05	2.67689	1.02E-05	1.36E+07	7.40E-08	27.7068	186.09176	6.85E-05	0.0054	2.65E-05	2.42E-05
0.1028	16.78532	12.5562	34.39504	16.49782	19.6667	94.06116	2.98526	0.8115	0.26504	0.75415	0.52579	0.39073	0.06717	0.04699	0.02059	0.02059	0.12987	92.08575	1.86547	1.81641	nan	2.01329	nan	0.35513	0.7592	0.45033	7.00E-04	0.28746	0.00256	0.38353	0.48963	0.17837	33.51118	595.60776	634.9799	544.10562	650.59649	303.12129	514.58935	nan	536.60422	387.06199	466.45028	266.01867	384.38218	552.82196	528.62919	384.71544	530.61685	661.54924	542.17644	119.3728	65.56049	119.3728	21.49216	0.57032	58.8397	17.99932	7.94E-05	2.67632	1.02E-05	1.36E+07	7.41E-08	27.70293	185.85709	6.85E-05	0.00541	2.65E-05	2.42E-05
0.1032	16.76798	12.22713	34.36624	16.05995	20.47897	93.97239	3.0798	0.80295	0.27552	0.75879	0.51786	0.3906	0.06729	0.04675	0.02048	0.02048	0.12913	92.01463	1.95652	1.77624	nan	2.01326	nan	0.35015	0.78294	0.44095	8.00E-04	0.28324	0.00264	0.39022	0.502	0.18551	34.85525	596.31082	634.27785	544.14156	650.50943	305.87204	514.98812	nan	535.70824	388.63805	466.4911	264.88529	384.18281	552.81647	528.22965	384.40362	529.01034	661.58484	542.21164	119.3732	63.31088	119.3732	21.64816	0.57346	58.76528	17.97656	7.93E-05	2.67575	1.02E-05	1.36E+07	7.42E-08	27.69906	185.62242	6.84E-05	0.00542	2.64E-05	2.41E-05
0.1036	16.75065	11.89806	34.33744	15.62208	21.29124	93.88361	3.17435	0.7944	0.286	0.76343	0.50993	0.39047	0.06741	0.04651	0.02037	0.02037	0.1284	91.94351	2.04757	1.73607	nan	2.01323	nan	0.34517	0.80668	0.43157	9.00E-04	0.27902	0.00272	0.39691	0.51437	0.19266	36.19933	597.01388	633.57579	544.1775	650.42237	308.62278	515.3869	nan	534.81225	390.21411	466.53192	263.75191	383.98343	552.81098	527.83012	384.0918	527.40384	661.62044	542.24684	119.3736	61.06127	119.3736	21.80416	0.57659	58.69087	17.9538	7.93E-05	2.67517	1.02E-05	1.35E+07	7.44E-08	27.6952	185.38776	6.84E-05	0.00542	2.64E-05	2.41E-05
0.104	16.73332	11.56899	34.30864	15.18421	22.10351	93.79484	3.2689	0.78586	0.29648	0.76807	0.50199	0.39033	0.06753	0.04627	0.02027	0.02027	0.12767	91.87239	2.13863	1.69589	nan	2.0132	nan	0.34019	0.83042	0.42219	0.001	0.2748	0.0028	0.40361	0.52675	0.19981	37.5434	597.71693	632.87374	544.21344	650.33531	311.37353	515.78567	nan	533.91627	391.79017	466.57274	262.61852	383.78406	552.80549	527.43058	383.77998	525.79733	661.65604	542.28204	119.374	58.81166	119.374	21.96016	0.57972	58.61646	17.93104	7.92E-05	2.6746	1.02E-05	1.35E+07	7.45E-08	27.69133	185.15309	6.83E-05	0.00543	2.64E-05	2.41E-05
0.1044	16.71598	11.23992	34.27984	14.74634	22.91578	93.70607	3.36345	0.77731	0.30696	0.77271	0.49406	0.3902	0.06765	0.04603	0.02016	0.02016	0.12693	91.80127	2.22968	1.65572	nan	2.01317	nan	0.33521	0.85416	0.41281	0.0011	0.27058	0.00288	0.4103	0.53912	0.20695	38.88747	598.41999	632.17168	544.24938	650.24825	314.12427	516.18445	nan	533.02028	393.36623	466.61356	261.48514	383.58469	552.8	527.03105	383.46815	524.19082	661.69164	542.31724	119.3744	56.56205	119.3744	22.11616	0.58286	58.54204	17.90828	7.91E-05	2.67403	1.02E-05	1.35E+07	7.46E-08	27.68746	184.91842	6.82E-05	0.00544	2.64E-05	2.41E-05
0.1048	16.69865	10.91086	34.25104	14.30847	23.72805	93.61729	3.45799	0.76876	0.31744	0.77735	0.48613	0.39007	0.06777	0.04579	0.02005	0.02005	0.1262	91.73015	2.32074	1.61554	nan	2.01314	nan	0.33023	0.8779	0.40343	0.0012	0.26636	0.00296	0.41699	0.55149	0.2141	40.23154	599.12304	631.46962	544.28532	650.16119	316.87502	516.58322	nan	532.1243	394.94229	466.65438	260.35175	383.38531	552.79451	526.63151	383.15633	522.58432	661.72724	542.35244	119.3748	54.31244	119.3748	22.27216	0.58599	58.46763	17.88552	7.90E-05	2.67345	1.02E-05	1.35E+07	7.48E-08	27.6836	184.68375	6.82E-05	0.00545	2.63E-05	2.40E-05
0.1052	16.68132	10.58179	34.22224	13.87061	24.54032	93.52852	3.55254	0.76022	0.32792	0.78199	0.47819	0.38993	0.06789	0.04555	0.01995	0.01995	0.12547	91.65903	2.41179	1.57537	nan	2.01311	nan	0.32525	0.90164	0.39405	0.0013	0.26214	0.00304	0.42369	0.56387	0.22125	41.57561	599.8261	630.76757	544.32126	650.07413	319.62576	516.98199	nan	531.22832	396.51835	466.6952	259.21837	383.18594	552.78903	526.23198	382.84451	520.97781	661.76284	542.38764	119.3752	52.06283	119.3752	22.42816	0.58912	58.39322	17.86276	7.89E-05	2.67288	1.02E-05	1.35E+07	7.49E-08	27.67973	184.44909	6.81E-05	0.00546	2.63E-05	2.40E-05
0.1056	16.66398	10.25272	34.19344	13.43274	25.35259	93.43975	3.64709	0.75167	0.3384	0.78663	0.47026	0.3898	0.06801	0.04531	0.01984	0.01984	0.12473	91.58791	2.50284	1.5352	nan	2.01308	nan	0.32027	0.92539	0.38467	0.0014	0.25792	0.00312	0.43038	0.57624	0.22839	42.91969	600.52916	630.06551	544.3572	649.98707	322.3765	517.38077	nan	530.33233	398.09441	466.73602	258.08498	382.98656	552.78354	525.83244	382.53269	519.3713	661.79844	542.42284	119.3756	49.81322	119.3756	22.58416	0.59225	58.3188	17.84	7.89E-05	2.67231	1.02E-05	1.34E+07	7.51E-08	27.67586	184.21442	6.80E-05	0.00546	2.63E-05	2.40E-05
0.106	16.64665	9.92365	34.16464	12.99487	26.16486	93.35097	3.74163	0.74312	0.34888	0.79127	0.46232	0.38967	0.06813	0.04507	0.01973	0.01973	0.124	91.51679	2.5939	1.49502	nan	2.01305	nan	0.31529	0.94913	0.37529	0.0015	0.2537	0.0032	0.43707	0.58861	0.23554	44.26376	601.23221	629.36346	544.39314	649.90001	325.12725	517.77954	nan	529.43635	399.67047	466.77684	256.9516	382.78719	552.77805	525.43291	382.22087	517.7648	661.83404	542.45804	119.376	47.56362	119.376	22.74017	0.59539	58.24439	17.81724	7.88E-05	2.67173	1.02E-05	1.34E+07	7.52E-08	27.672	183.97975	6.80E-05	0.00547	2.63E-05	2.40E-05
0.1064	16.62931	9.59458	34.13584	12.557	26.97713	93.2622	3.83618	0.73458	0.35936	0.79591	0.45439	0.38953	0.06825	0.04483	0.01963	0.01963	0.12327	91.44567	2.68495	1.45485	nan	2.01302	nan	0.31031	0.97287	0.36591	0.0016	0.24948	0.00328	0.44377	0.60099	0.24269	45.60783	601.93527	628.6614	544.42908	649.81295	327.87799	518.17832	nan	528.54037	401.24653	466.81766	255.81821	382.58781	552.77256	525.03337	381.90905	516.15829	661.86964	542.49324	119.3764	45.31401	119.3764	22.89617	0.59852	58.16997	17.79448	7.87E-05	2.67116	1.02E-05	1.34E+07	7.53E-08	27.66813	183.74508	6.79E-05	0.00548	2.62E-05	2.39E-05
0.1068	16.61198	9.26552	34.10704	12.11913	27.7894	93.17343	3.93073	0.72603	0.36984	0.80055	0.44646	0.3894	0.06837	0.04459	0.01952	0.01952	0.12253	91.37455	2.776	1.41468	nan	2.01299	nan	0.30533	0.99661	0.35653	0.0017	0.24526	0.00336	0.45046	0.61336	0.24983	46.9519	602.63832	627.95934	544.46502	649.72589	330.62874	518.57709	nan	527.64438	402.82259	466.85848	254.68483	382.38844	552.76707	524.63384	381.59723	514.55178	661.90524	542.52844	119.3768	43.0644	119.3768	23.05217	0.60165	58.09556	17.77172	7.86E-05	2.67059	1.02E-05	1.34E+07	7.55E-08	27.66426	183.51042	6.78E-05	0.00549	2.62E-05	2.39E-05
0.1072	16.59465	8.93645	34.07824	11.68126	28.60167	93.08465	4.02527	0.71748	0.38032	0.80519	0.43852	0.38927	0.06849	0.04435	0.01941	0.01941	0.1218	91.30343	2.86706	1.3745	nan	2.01296	nan	0.30035	1.02035	0.34715	0.0018	0.24104	0.00344	0.45715	0.62573	0.25698	48.29597	603.34138	627.25729	544.50096	649.63883	333.37948	518.97586	nan	526.7484	404.39865	466.8993	253.55145	382.18907	552.76158	524.23431	381.28541	512.94528	661.94084	542.56364	119.3772	40.81479	119.3772	23.20817	0.60479	58.02115	17.74896	7.85E-05	2.67001	1.02E-05	1.34E+07	7.56E-08	27.6604	183.27575	6.78E-05	0.0055	2.62E-05	2.39E-05
0.1076	16.57731	8.60738	34.04944	11.2434	29.41394	92.99588	4.11982	0.70894	0.3908	0.80983	0.43059	0.38913	0.06861	0.04411	0.01931	0.01931	0.12107	91.23231	2.95811	1.33433	nan	2.01293	nan	0.29537	1.04409	0.33777	0.0019	0.23682	0.00352	0.46385	0.63811	0.26413	49.64005	604.04444	626.55523	544.5369	649.55177	336.13023	519.37464	nan	525.85242	405.97471	466.94012	252.41806	381.98969	552.75609	523.83477	380.97358	511.33877	661.97644	542.59884	119.3776	38.56518	119.3776	23.36417	0.60792	57.94673	17.7262	7.85E-05	2.66944	1.02E-05	1.33E+07	7.58E-08	27.65653	183.04108	6.77E-05	0.0055	2.62E-05	2.39E-05
0.108	16.55998	8.27831	34.02064	10.80553	30.22621	92.9071	4.21437	0.70039	0.40128	0.81447	0.42266	0.389	0.06873	0.04387	0.0192	0.0192	0.12033	91.16119	3.04917	1.29416	nan	2.0129	nan	0.29039	1.06783	0.32839	0.002	0.2326	0.0036	0.47054	0.65048	0.27127	50.98412	604.74749	625.85318	544.57284	649.46471	338.88097	519.77341	nan	524.95643	407.55077	466.98094	251.28468	381.79032	552.75061	523.43524	380.66176	509.73226	662.01204	542.63404	119.378	36.31557	119.378	23.52017	0.61105	57.87232	17.70344	7.84E-05	2.66887	1.02E-05	1.33E+07	7.59E-08	27.65266	182.80641	6.76E-05	0.00551	2.61E-05	2.38E-05
0.1084	16.54265	7.94924	33.99184	10.36766	31.03848	92.81833	4.30892	0.69184	0.41176	0.81911	0.41472	0.38887	0.06885	0.04363	0.01909	0.01909	0.1196	91.09007	3.14022	1.25398	nan	2.01287	nan	0.28541	1.09157	0.31901	0.0021	0.22838	0.00368	0.47723	0.66285	0.27842	52.32819	605.45055	625.15112	544.60878	649.37765	341.63172	520.17219	nan	524.06045	409.12683	467.02176	250.15129	381.59094	552.74512	523.0357	380.34994	508.12576	662.04764	542.66924	119.3784	34.06596	119.3784	23.67617	0.61419	57.79791	17.68068	7.83E-05	2.66829	1.02E-05	1.33E+07	7.60E-08	27.6488	182.57175	6.76E-05	0.00552	2.61E-05	2.38E-05
0.1088	16.52531	7.62018	33.96304	9.92979	31.85075	92.72956	4.40346	0.6833	0.42224	0.82375	0.40679	0.38873	0.06897	0.04339	0.01899	0.01899	0.11887	91.01895	3.23127	1.21381	nan	2.01284	nan	0.28043	1.11531	0.30963	0.0022	0.22416	0.00376	0.48393	0.67523	0.28557	53.67226	606.1536	624.44906	544.64472	649.29059	344.38246	520.57096	nan	523.16447	410.70289	467.06258	249.01791	381.39157	552.73963	522.63617	380.03812	506.51925	662.08324	542.70444	119.3788	31.81635	119.3788	23.83217	0.61732	57.72349	17.65792	7.82E-05	2.66772	1.02E-05	1.33E+07	7.62E-08	27.64493	182.33708	6.75E-05	0.00553	2.61E-05	2.38E-05
0.1092	16.50798	7.29111	33.93424	9.49192	32.66302	92.64078	4.49801	0.67475	0.43272	0.82839	0.39886	0.3886	0.06909	0.04315	0.01888	0.01888	0.11813	90.94783	3.32233	1.17364	nan	2.01281	nan	0.27545	1.13905	0.30025	0.0023	0.21994	0.00384	0.49062	0.6876	0.29271	55.01633	606.85666	623.74701	544.68066	649.20352	347.1332	520.96974	nan	522.26848	412.27895	467.1034	247.88452	381.1922	552.73414	522.23663	379.7263	504.91275	662.11884	542.73964	119.3792	29.56674	119.3792	23.98817	0.62045	57.64908	17.63516	7.81E-05	2.66715	1.02E-05	1.33E+07	7.63E-08	27.64106	182.10241	6.74E-05	0.00554	2.60E-05	2.38E-05
0.1096	16.49065	6.96204	33.90544	9.05405	33.47529	92.55201	4.59256	0.6662	0.4432	0.83303	0.39092	0.38847	0.06921	0.04291	0.01877	0.01877	0.1174	90.87671	3.41338	1.13346	nan	2.01278	nan	0.27047	1.16279	0.29087	0.0024	0.21572	0.00392	0.49731	0.69997	0.29986	56.36041	607.55972	623.04495	544.7166	649.11646	349.88395	521.36851	nan	521.3725	413.85501	467.14422	246.75114	380.99282	552.72865	521.8371	379.41448	503.30624	662.15444	542.77484	119.3796	27.31713	119.3796	24.14417	0.62359	57.57467	17.6124	7.81E-05	2.66657	1.02E-05	1.32E+07	7.64E-08	27.6372	181.86774	6.74E-05	0.00555	2.60E-05	2.37E-05
0.11	16.47348	6.63483	33.87582	8.61652	34.28601	92.46333	4.68692	0.65773	0.45366	0.83767	0.38301	0.38833	0.06933	0.04267	0.01867	0.01867	0.11667	90.80559	3.5043	1.09336	nan	2.01275	nan	0.26551	1.18647	0.2815	0.00254	0.21149	0.004	0.504	0.71232	0.307	57.70344	608.26239	622.3441	544.75308	649.02984	352.63294	521.76728	nan	520.47845	415.42752	467.17842	245.6208	380.79495	552.72316	521.43866	379.10092	501.7014	662.18989	542.80995	119.37995	25.07268	119.37995	24.29965	0.62671	57.5003	17.58966	7.80E-05	2.666	1.03E-05	1.32E+07	7.66E-08	27.63334	181.63303	6.73E-05	0.00555	2.60E-05	2.37E-05
0.1104	16.61042	7.99096	33.10795	8.48586	33.69134	92.46272	4.6183	0.71494	0.44631	0.84032	0.39005	0.38884	0.06961	0.04396	0.01883	0.01883	0.12158	90.73622	3.47144	1.11918	nan	2.01272	nan	0.27255	1.15505	0.28061	0.03588	0.20694	0.00393	0.50393	0.70049	0.31038	58.10562	608.61897	622.73905	545.2824	649.33576	353.79168	522.16606	nan	521.33869	413.78116	461.19792	247.2538	381.95714	552.71767	522.03749	377.2137	501.60748	662.09349	542.76175	119.33175	27.51269	119.33175	23.98285	0.61867	57.473	17.5813	7.80E-05	2.66749	1.02E-05	1.32E+07	7.66E-08	27.63574	181.35569	6.72E-05	0.00556	2.60E-05	2.37E-05
0.1108	16.74735	9.3471	32.34008	8.35519	33.09667	92.46211	4.54967	0.77216	0.43897	0.84298	0.39709	0.38935	0.06989	0.04525	0.01899	0.01899	0.12649	90.66684	3.43859	1.14499	nan	2.01269	nan	0.27959	1.12363	0.27973	0.06922	0.20239	0.00387	0.50387	0.68865	0.31376	58.50779	608.97554	623.134	545.81173	649.64169	354.95042	522.56483	nan	522.19893	412.13479	455.21741	248.88681	383.11934	552.71219	522.63632	375.32647	501.51356	661.99709	542.71355	119.28355	29.9527	119.28355	23.66605	0.61063	57.44569	17.57294	7.80E-05	2.66899	1.02E-05	1.32E+07	7.67E-08	27.63814	181.07836	6.71E-05	0.00557	2.60E-05	2.37E-05
0.1112	16.88429	10.70324	31.57221	8.22452	32.50201	92.46149	4.48104	0.82937	0.43162	0.84563	0.40413	0.38985	0.07017	0.04655	0.01915	0.01915	0.13139	90.59747	3.40574	1.1708	nan	2.01266	nan	0.28663	1.09221	0.27884	0.10256	0.19783	0.0038	0.5038	0.67682	0.31714	58.90997	609.33212	623.52895	546.34105	649.94762	356.10916	522.96361	nan	523.05918	410.48842	449.23691	250.51982	384.28154	552.7067	523.23515	373.43924	501.41964	661.90069	542.66535	119.23535	32.39271	119.23535	23.34925	0.60259	57.41838	17.56458	7.80E-05	2.67048	1.02E-05	1.32E+07	7.68E-08	27.64054	180.80102	6.69E-05	0.00558	2.60E-05	2.37E-05
0.1116	17.02122	12.05938	30.80434	8.09385	31.90734	92.46088	4.41242	0.88658	0.42427	0.84828	0.41117	0.39036	0.07045	0.04784	0.01931	0.01931	0.1363	90.5281	3.37288	1.19662	nan	2.01263	nan	0.29367	1.06078	0.27795	0.1359	0.19328	0.00373	0.50373	0.66499	0.32052	59.31214	609.68869	623.92389	546.87037	650.25355	357.26789	523.36238	nan	523.91942	408.84206	443.25641	252.15282	385.44374	552.70121	523.83397	371.55201	501.32572	661.80429	542.61715	119.18715	34.83272	119.18715	23.03245	0.59456	57.39108	17.55622	7.81E-05	2.67197	1.02E-05	1.32E+07	7.68E-08	27.64294	180.52369	6.68E-05	0.00558	2.60E-05	2.37E-05
0.112	17.15815	13.41552	30.03647	7.96319	31.31267	92.46027	4.34379	0.9438	0.41693	0.85094	0.41821	0.39087	0.07073	0.04913	0.01947	0.01947	0.14121	90.45872	3.34003	1.22243	nan	2.0126	nan	0.30071	1.02936	0.27707	0.16924	0.18873	0.00367	0.50367	0.65315	0.3239	59.71432	610.04527	624.31884	547.39969	650.55948	358.42663	523.76115	nan	524.77966	407.19569	437.2759	253.78583	386.60593	552.69572	524.4328	369.66479	501.23179	661.70789	542.56895	119.13895	37.27273	119.13895	22.71565	0.58652	57.36377	17.54786	7.81E-05	2.67347	1.02E-05	1.31E+07	7.69E-08	27.64534	180.24636	6.67E-05	0.00559	2.60E-05	2.37E-05
0.1124	17.29509	14.77166	29.2686	7.83252	30.718	92.45965	4.27516	1.00101	0.40958	0.85359	0.42525	0.39137	0.07101	0.05043	0.01963	0.01963	0.14611	90.38935	3.30718	1.24824	nan	2.01257	nan	0.30775	0.99794	0.27618	0.20258	0.18417	0.0036	0.5036	0.64132	0.32728	60.11649	610.40184	624.71379	547.92901	650.8654	359.58537	524.15993	nan	525.63991	405.54932	431.2954	255.41884	387.76813	552.69023	525.03163	367.77756	501.13787	661.61149	542.52075	119.09075	39.71274	119.09075	22.39884	0.57848	57.33646	17.5395	7.81E-05	2.67496	1.02E-05	1.31E+07	7.69E-08	27.64774	179.96902	6.66E-05	0.0056	2.60E-05	2.37E-05
0.1128	17.43202	16.1278	28.50073	7.70185	30.12333	92.45904	4.20654	1.05822	0.40223	0.85624	0.43229	0.39188	0.07129	0.05172	0.01979	0.01979	0.15102	90.31998	3.27432	1.27406	nan	2.01254	nan	0.31479	0.96652	0.27529	0.23592	0.17962	0.00353	0.50353	0.62949	0.33066	60.51867	610.75842	625.10874	548.45834	651.17133	360.74411	524.5587	nan	526.50015	403.90296	425.31489	257.05184	388.93033	552.68474	525.63046	365.89033	501.04395	661.51509	542.47255	119.04255	42.15275	119.04255	22.08204	0.57044	57.30916	17.53114	7.81E-05	2.67646	1.02E-05	1.31E+07	7.70E-08	27.65014	179.69169	6.65E-05	0.00561	2.60E-05	2.38E-05
0.1132	17.56896	17.48394	27.73286	7.57119	29.52866	92.45843	4.13791	1.11544	0.39489	0.8589	0.43933	0.39239	0.07157	0.05301	0.01995	0.01995	0.15593	90.2506	3.24147	1.29987	nan	2.01251	nan	0.32183	0.9351	0.27441	0.26926	0.17507	0.00347	0.50347	0.61765	0.33404	60.92084	611.11499	625.50369	548.98766	651.47726	361.90285	524.95748	nan	527.36039	402.25659	419.33439	258.68485	390.09253	552.67926	526.22929	364.0031	500.95003	661.41869	542.42435	118.99435	44.59276	118.99435	21.76524	0.56241	57.28185	17.52278	7.81E-05	2.67795	1.02E-05	1.31E+07	7.71E-08	27.65254	179.41435	6.63E-05	0.00561	2.60E-05	2.38E-05
0.1136	17.70589	18.84007	26.96499	7.44052	28.93399	92.45781	4.06928	1.17265	0.38754	0.86155	0.44637	0.39289	0.07185	0.05431	0.02011	0.02011	0.16083	90.18123	3.20862	1.32568	nan	2.01248	nan	0.32887	0.90368	0.27352	0.3026	0.17051	0.0034	0.5034	0.60582	0.33742	61.32302	611.47157	625.89864	549.51698	651.78319	363.06158	525.35625	nan	528.22064	400.61022	413.35389	260.31786	391.25473	552.67377	526.82812	362.11588	500.85611	661.32229	542.37615	118.94615	47.03277	118.94615	21.44844	0.55437	57.25454	17.51442	7.82E-05	2.67944	1.02E-05	1.31E+07	7.71E-08	27.65494	179.13702	6.62E-05	0.00562	2.61E-05	2.38E-05
0.114	17.84282	20.19621	26.19712	7.30985	28.33932	92.4572	4.00066	1.22987	0.38019	0.8642	0.45341	0.3934	0.07213	0.0556	0.02027	0.02027	0.16574	90.11185	3.17576	1.3515	nan	2.01245	nan	0.33591	0.87226	0.27263	0.33594	0.16596	0.00333	0.50333	0.59399	0.3408	61.72519	611.82814	626.29358	550.0463	652.08912	364.22032	525.75503	nan	529.08088	398.96386	407.37338	261.95086	392.41692	552.66828	527.42695	360.22865	500.76219	661.22589	542.32795	118.89795	49.47278	118.89795	21.13164	0.54633	57.22724	17.50606	7.82E-05	2.68094	1.02E-05	1.31E+07	7.72E-08	27.65734	178.85968	6.61E-05	0.00563	2.61E-05	2.38E-05
0.1144	17.97976	21.55235	25.42925	7.17918	27.74465	92.45659	3.93203	1.28708	0.37284	0.86686	0.46045	0.39391	0.07241	0.05689	0.02043	0.02043	0.17065	90.04248	3.14291	1.37731	nan	2.01242	nan	0.34295	0.84084	0.27175	0.36928	0.16141	0.00327	0.50327	0.58215	0.34418	62.12737	612.18471	626.68853	550.57563	652.39504	365.37906	526.1538	nan	529.94112	397.31749	401.39288	263.58387	393.57912	552.66279	528.02578	358.34142	500.66827	661.12949	542.27974	118.84974	51.91279	118.84974	20.81484	0.53829	57.19993	17.4977	7.82E-05	2.68243	1.02E-05	1.30E+07	7.72E-08	27.65974	178.58235	6.60E-05	0.00564	2.61E-05	2.38E-05
0.1148	18.11669	22.90849	24.66139	7.04852	27.14998	92.45597	3.8634	1.34429	0.3655	0.86951	0.46749	0.39441	0.07269	0.05819	0.02059	0.02059	0.17555	89.97311	3.11006	1.40312	nan	2.01239	nan	0.34999	0.80942	0.27086	0.40262	0.15685	0.0032	0.5032	0.57032	0.34756	62.52954	612.54129	627.08348	551.10495	652.70097	366.5378	526.55257	nan	530.80137	395.67112	395.41237	265.21687	394.74132	552.6573	528.62461	356.45419	500.57435	661.03309	542.23154	118.80154	54.3528	118.80154	20.49804	0.53026	57.17262	17.48934	7.82E-05	2.68392	1.02E-05	1.30E+07	7.73E-08	27.66214	178.30501	6.59E-05	0.00564	2.61E-05	2.38E-05
0.1152	18.25362	24.26463	23.89352	6.91785	26.55531	92.45536	3.79477	1.40151	0.35815	0.87216	0.47453	0.39492	0.07297	0.05948	0.02075	0.02075	0.18046	89.90373	3.0772	1.42894	nan	2.01236	nan	0.35703	0.778	0.26997	0.43596	0.1523	0.00313	0.50313	0.55849	0.35094	62.93172	612.89786	627.47843	551.63427	653.0069	367.69653	526.95135	nan	531.66161	394.02476	389.43187	266.84988	395.90352	552.65181	529.22344	354.56697	500.48043	660.93669	542.18334	118.75334	56.79281	118.75334	20.18124	0.52222	57.14532	17.48098	7.82E-05	2.68542	1.02E-05	1.30E+07	7.74E-08	27.66454	178.02768	6.58E-05	0.00565	2.61E-05	2.38E-05
0.1156	18.39056	25.62077	23.12565	6.78718	25.96065	92.45475	3.72615	1.45872	0.3508	0.87482	0.48157	0.39543	0.07325	0.06077	0.02091	0.02091	0.18537	89.83436	3.04435	1.45475	nan	2.01233	nan	0.36407	0.74658	0.26909	0.4693	0.14775	0.00307	0.50307	0.54665	0.35432	63.33389	613.25444	627.87338	552.16359	653.31283	368.85527	527.35012	nan	532.52185	392.37839	383.45137	268.48289	397.06572	552.64632	529.82227	352.67974	500.38651	660.84029	542.13514	118.70514	59.23282	118.70514	19.86443	0.51418	57.11801	17.47262	7.83E-05	2.68691	1.02E-05	1.30E+07	7.74E-08	27.66694	177.75035	6.56E-05	0.00566	2.61E-05	2.38E-05
0.116	18.52749	26.97691	22.35778	6.65652	25.36598	92.45413	3.65752	1.51593	0.34346	0.87747	0.48861	0.39593	0.07353	0.06207	0.02107	0.02107	0.19027	89.76499	3.0115	1.48056	nan	2.0123	nan	0.37111	0.71516	0.2682	0.50264	0.14319	0.003	0.503	0.53482	0.3577	63.73607	613.61101	628.26832	552.69291	653.61875	370.01401	527.7489	84.771	533.3821	390.73202	377.47086	270.11589	398.22791	552.64084	530.42109	350.79251	500.29259	660.74389	542.08694	118.65694	61.67283	118.65694	19.54763	0.50614	57.0907	17.46426	7.83E-05	2.6884	1.02E-05	1.30E+07	7.75E-08	27.66934	177.47301	6.55E-05	0.00567	2.61E-05	2.38E-05
0.1164	18.66443	28.33305	21.58991	6.52585	24.77131	92.45352	3.58889	1.57315	0.33611	0.88012	0.49565	0.39644	0.07381	0.06336	0.02123	0.02123	0.19518	89.69561	2.97864	1.50638	nan	2.01227	nan	0.37815	0.68374	0.26731	0.53598	0.13864	0.00293	0.50293	0.52299	0.36108	64.13824	613.96759	628.66327	553.22224	653.92468	371.17275	528.14767	84.771	534.24234	389.08566	371.49036	271.7489	399.39011	552.63535	531.01992	348.90528	500.19867	660.64749	542.03874	118.60874	64.11284	118.60874	19.23083	0.49811	57.06339	17.4559	7.83E-05	2.6899	1.02E-05	1.30E+07	7.75E-08	27.67174	177.19568	6.54E-05	0.00567	2.61E-05	2.38E-05
0.1168	18.80136	29.68918	20.82204	6.39518	24.17664	92.45291	3.52027	1.63036	0.32876	0.88278	0.50269	0.39695	0.07409	0.06465	0.02139	0.02139	0.20009	89.62624	2.94579	1.53219	nan	2.01224	nan	0.38519	0.65232	0.26643	0.56932	0.13409	0.00287	0.50287	0.51115	0.36446	64.54042	614.32416	629.05822	553.75156	654.23061	372.33149	528.54644	84.771	535.10258	387.43929	365.50985	273.38191	400.55231	552.62986	531.61875	347.01806	500.10475	660.55109	541.99054	118.56054	66.55285	118.56054	18.91403	0.49007	57.03609	17.44754	7.83E-05	2.69139	1.02E-05	1.30E+07	7.76E-08	27.67414	176.91834	6.53E-05	0.00568	2.61E-05	2.38E-05
0.1172	18.93829	31.04532	20.05417	6.26451	23.58197	92.45229	3.45164	1.68757	0.32142	0.88543	0.50973	0.39745	0.07437	0.06595	0.02155	0.02155	0.20499	89.55687	2.91293	1.558	nan	2.01221	nan	0.39223	0.6209	0.26554	0.60266	0.12953	0.0028	0.5028	0.49932	0.36784	64.94259	614.68074	629.45317	554.28088	654.53654	373.49022	528.94522	84.771	535.96283	385.79292	359.52935	275.01491	401.71451	552.62437	532.21758	345.13083	500.01083	660.45469	541.94234	118.51234	68.99286	118.51234	18.59723	0.48203	57.00878	17.43918	7.84E-05	2.69288	1.02E-05	1.29E+07	7.77E-08	27.67654	176.64101	6.52E-05	0.00569	2.61E-05	2.38E-05
0.1176	19.07523	32.40146	19.2863	6.13385	22.9873	92.45168	3.38301	1.74479	0.31407	0.88808	0.51677	0.39796	0.07465	0.06724	0.02171	0.02171	0.2099	89.48749	2.88008	1.58382	nan	2.01218	nan	0.39927	0.58948	0.26465	0.636	0.12498	0.00273	0.50273	0.48749	0.37122	65.34477	615.03731	629.84812	554.8102	654.84247	374.64896	529.34399	84.771	536.82307	384.14656	353.54885	276.64792	402.87671	552.61888	532.81641	343.2436	499.91691	660.35829	541.89414	118.46414	71.43287	118.46414	18.28043	0.47399	56.98147	17.43082	7.84E-05	2.69438	1.02E-05	1.29E+07	7.77E-08	27.67894	176.36367	6.50E-05	0.0057	2.61E-05	2.38E-05
0.118	19.21216	33.7576	18.51843	6.00318	22.39263	92.45107	3.31439	1.802	0.30672	0.89074	0.52381	0.39847	0.07493	0.06853	0.02187	0.02187	0.21481	89.41812	2.84723	1.60963	nan	2.01215	nan	0.40631	0.55806	0.26377	0.66934	0.12043	0.00267	0.50267	0.47565	0.3746	65.74694	615.39389	630.24307	555.33952	655.14839	375.8077	529.74277	84.771	537.68332	382.50019	347.56834	278.28093	404.0389	552.61339	533.41524	341.35637	499.82299	660.26189	541.84594	118.41594	73.87288	118.41594	17.96363	0.46596	56.95417	17.42246	7.84E-05	2.69587	1.02E-05	1.29E+07	7.78E-08	27.68134	176.08634	6.49E-05	0.00571	2.61E-05	2.38E-05
0.1184	19.3491	35.11374	17.75056	5.87251	21.79796	92.45045	3.24576	1.85921	0.29938	0.89339	0.53085	0.39897	0.07521	0.06983	0.02203	0.02203	0.21971	89.34874	2.81437	1.63544	nan	2.01212	nan	0.41335	0.52664	0.26288	0.70268	0.11587	0.0026	0.5026	0.46382	0.37798	66.14912	615.75046	630.63801	555.86885	655.45432	376.96644	530.14154	84.771	538.54356	380.85382	341.58784	279.91393	405.2011	552.60791	534.01407	339.46915	499.72907	660.16549	541.79774	118.36774	76.31289	118.36774	17.64682	0.45792	56.92686	17.4141	7.84E-05	2.69736	1.02E-05	1.29E+07	7.78E-08	27.68374	175.809	6.48E-05	0.00571	2.61E-05	2.39E-05
0.1188	19.48603	36.46988	16.98269	5.74184	21.20329	92.44984	3.17713	1.91643	0.29203	0.89604	0.53789	0.39948	0.07549	0.07112	0.02219	0.02219	0.22462	89.27937	2.78152	1.66126	nan	2.01209	nan	0.42039	0.49522	0.26199	0.73602	0.11132	0.00253	0.50253	0.45199	0.38136	66.55129	616.10704	631.03296	556.39817	655.76025	378.12518	530.54031	84.771	539.4038	379.20746	335.60734	281.54694	406.3633	552.60242	534.6129	337.58192	499.63515	660.06909	541.74954	118.31954	78.7529	118.31954	17.33002	0.44988	56.89955	17.40574	7.84E-05	2.69886	1.02E-05	1.29E+07	7.79E-08	27.68614	175.53167	6.47E-05	0.00572	2.61E-05	2.39E-05
0.1192	19.62296	37.82602	16.21482	5.61118	20.60862	92.44923	3.1085	1.97364	0.28468	0.8987	0.54493	0.39999	0.07577	0.07241	0.02235	0.02235	0.22953	89.21	2.74867	1.68707	nan	2.01206	nan	0.42743	0.4638	0.26111	0.76936	0.10677	0.00247	0.50247	0.44015	0.38474	66.95347	616.46361	631.42791	556.92749	656.06618	379.28391	530.93909	84.771	540.26405	377.56109	329.62683	283.17995	407.5255	552.59693	535.21173	335.69469	499.54123	659.97269	541.70134	118.27134	81.19291	118.27134	17.01322	0.44184	56.87225	17.39738	7.85E-05	2.70035	1.02E-05	1.29E+07	7.80E-08	27.68854	175.25434	6.46E-05	0.00573	2.62E-05	2.39E-05
0.1196	19.7599	39.18216	15.44695	5.48051	20.01396	92.44861	3.03988	2.03086	0.27734	0.90135	0.55197	0.40049	0.07605	0.07371	0.02251	0.02251	0.23443	89.14062	2.71581	1.71288	nan	2.01203	nan	0.43447	0.43238	0.26022	0.8027	0.10221	0.0024	0.5024	0.42832	0.38812	67.35564	616.82019	631.82286	557.45681	656.37211	380.44265	531.33786	84.771	541.12429	375.91472	323.64633	284.81295	408.6877	552.59144	535.81056	333.80746	499.44731	659.87628	541.65314	118.22314	83.63292	118.22314	16.69642	0.4338	56.84494	17.38902	7.85E-05	2.70184	1.02E-05	1.28E+07	7.80E-08	27.69094	174.977	6.45E-05	0.00574	2.62E-05	2.39E-05
0.12	19.89726	40.53494	14.67946	5.35075	19.42092	92.44797	2.97144	2.08793	0.27001	0.90399	0.559	0.401	0.07633	0.075	0.02267	0.02267	0.23933	89.07137	2.68306	1.73867	nan	2.012	nan	0.44149	0.40104	0.25934	0.83596	0.09767	0.00233	0.50233	0.41651	0.3915	67.75767	617.17608	632.21668	557.98226	656.67752	381.60081	531.73664	84.771	541.98208	374.27829	317.67692	286.43965	409.84727	552.58595	536.40831	331.92762	499.3527	659.78023	541.60504	118.17519	86.06804	118.17519	16.38032	0.42579	56.81771	17.38068	7.85E-05	2.70333	1.02E-05	1.28E+07	7.81E-08	27.69333	174.70019	6.43E-05	0.00574	2.62E-05	2.39E-05
0.1204	20.3922	39.09747	14.22866	5.97495	20.18953	92.41883	3.06253	2.02882	0.27978	0.89902	0.55833	0.40366	0.07591	0.07333	0.02293	0.02293	0.23431	89.10234	2.73245	1.74261	nan	2.01197	nan	0.4371	0.43068	0.26302	0.80262	0.09849	0.00228	0.50297	0.428	0.3889	68.03873	616.96521	631.67436	555.28442	656.55409	382.27988	532.13541	84.771	540.80237	380.91245	320.93985	282.8141	408.82339	552.58046	536.1098	336.1936	498.68219	659.96863	541.63564	118.33299	84.43443	118.33299	16.64412	0.43285	56.85496	17.39207	7.84E-05	2.70209	1.02E-05	1.28E+07	7.81E-08	27.6902	174.85619	6.44E-05	0.00574	2.61E-05	2.39E-05
0.1208	20.88713	37.66	13.77786	6.59915	20.95813	92.3897	3.15362	1.96971	0.28955	0.89405	0.55766	0.40632	0.07549	0.07166	0.02319	0.02319	0.2293	89.1333	2.78184	1.74656	nan	2.01194	nan	0.43271	0.46032	0.2667	0.76928	0.09932	0.00223	0.50361	0.43949	0.3863	68.31979	616.75433	631.13203	552.58658	656.43066	382.95895	532.53419	84.771	539.62265	387.5466	324.20278	279.18855	407.79952	552.57497	535.81129	340.45959	498.01169	660.15703	541.66624	118.49079	82.80083	118.49079	16.90792	0.43991	56.89222	17.40347	7.84E-05	2.70085	1.02E-05	1.28E+07	7.81E-08	27.68706	175.01219	6.45E-05	0.00573	2.61E-05	2.38E-05
0.1212	21.38207	36.22252	13.32705	7.22336	21.72673	92.36057	3.2447	1.9106	0.29932	0.88908	0.55699	0.40898	0.07506	0.06999	0.02346	0.02346	0.22429	89.16427	2.83123	1.7505	nan	2.01191	nan	0.42831	0.48996	0.27038	0.73594	0.10015	0.00217	0.50424	0.45098	0.3837	68.60084	616.54346	630.58971	549.88874	656.30724	383.63802	532.93296	84.771	538.44293	394.18075	327.46571	275.56301	406.77564	552.56949	535.51278	344.72557	497.34119	660.34543	541.69684	118.64859	81.16722	118.64859	17.17172	0.44697	56.92947	17.41486	7.83E-05	2.6996	1.02E-05	1.28E+07	7.81E-08	27.68393	175.16819	6.46E-05	0.00573	2.61E-05	2.38E-05
0.1216	21.877	34.78505	12.87625	7.84756	22.49533	92.33144	3.33579	1.85149	0.30909	0.88411	0.55632	0.41164	0.07464	0.06832	0.02372	0.02372	0.21927	89.19524	2.88062	1.75444	nan	2.01188	nan	0.42392	0.5196	0.27406	0.7026	0.10097	0.00212	0.50488	0.46247	0.3811	68.8819	616.33258	630.04738	547.1909	656.18381	384.31709	533.33173	84.771	537.26321	400.81491	330.72865	271.93746	405.75176	552.564	535.21428	348.99155	496.67068	660.53383	541.72744	118.80639	79.53361	118.80639	17.43552	0.45403	56.96673	17.42625	7.83E-05	2.69836	1.02E-05	1.28E+07	7.81E-08	27.6808	175.32419	6.46E-05	0.00573	2.61E-05	2.38E-05
0.122	22.37194	33.34758	12.42545	8.47176	23.26394	92.30231	3.42688	1.79238	0.31886	0.87914	0.55565	0.4143	0.07422	0.06665	0.02398	0.02398	0.21426	89.2262	2.93001	1.75839	nan	2.01185	nan	0.41953	0.54924	0.27774	0.66926	0.1018	0.00207	0.50552	0.47396	0.3785	69.16296	616.12171	629.50506	544.49306	656.06038	384.99616	533.73051	84.771	536.08349	407.44906	333.99158	268.31191	404.72788	552.55851	534.91577	353.25754	496.00018	660.72223	541.75804	118.96419	77.90001	118.96419	17.69932	0.46109	57.00398	17.43765	7.82E-05	2.69712	1.02E-05	1.28E+07	7.81E-08	27.67766	175.48019	6.47E-05	0.00572	2.61E-05	2.38E-05
0.1224	22.86687	31.91011	11.97465	9.09596	24.03254	92.27318	3.51796	1.73327	0.32863	0.87417	0.55498	0.41696	0.07379	0.06498	0.02425	0.02425	0.20925	89.25717	2.9794	1.76233	nan	2.01182	nan	0.41513	0.57888	0.28142	0.63592	0.10263	0.00201	0.50615	0.48545	0.3759	69.44402	615.91084	628.96273	541.79522	655.93696	385.67523	534.12928	84.771	534.90378	414.08321	337.25451	264.68636	403.70401	552.55302	534.61726	357.52352	495.32968	660.91063	541.78864	119.12199	76.2664	119.12199	17.96312	0.46815	57.04123	17.44904	7.82E-05	2.69587	1.02E-05	1.28E+07	7.81E-08	27.67453	175.63619	6.48E-05	0.00572	2.61E-05	2.38E-05
0.1228	23.36181	30.47263	11.52385	9.72017	24.80114	92.24405	3.60905	1.67416	0.3384	0.8692	0.55431	0.41962	0.07337	0.06331	0.02451	0.02451	0.20423	89.28814	3.02879	1.76627	nan	2.01179	nan	0.41074	0.60852	0.2851	0.60258	0.10345	0.00196	0.50679	0.49694	0.3733	69.72508	615.69996	628.4204	539.09738	655.81353	386.3543	534.52806	84.771	533.72406	420.71737	340.51745	261.06081	402.68013	552.54753	534.31875	361.78951	494.65918	661.09903	541.81924	119.27979	74.63279	119.27979	18.22692	0.47521	57.07849	17.46043	7.81E-05	2.69463	1.02E-05	1.29E+07	7.81E-08	27.6714	175.79219	6.49E-05	0.00571	2.60E-05	2.38E-05
0.1232	23.85674	29.03516	11.07304	10.34437	25.56975	92.21492	3.70014	1.61505	0.34817	0.86423	0.55364	0.42228	0.07295	0.06164	0.02477	0.02477	0.19922	89.3191	3.07818	1.77022	nan	2.01176	nan	0.40635	0.63816	0.28878	0.56924	0.10428	0.00191	0.50743	0.50843	0.3707	70.00613	615.48909	627.87808	536.39954	655.6901	387.03337	534.92683	84.771	532.54434	427.35152	343.78038	257.43527	401.65625	552.54204	534.02025	366.05549	493.98867	661.28743	541.84984	119.43759	72.99919	119.43759	18.49073	0.48227	57.11574	17.47183	7.81E-05	2.69339	1.02E-05	1.29E+07	7.81E-08	27.66826	175.94819	6.49E-05	0.00571	2.60E-05	2.38E-05
0.1236	24.35168	27.59769	10.62224	10.96857	26.33835	92.18579	3.79123	1.55594	0.35794	0.85926	0.55297	0.42494	0.07252	0.05997	0.02504	0.02504	0.19421	89.35007	3.12757	1.77416	nan	2.01173	nan	0.40195	0.6678	0.29246	0.5359	0.10511	0.00185	0.50806	0.51992	0.3681	70.28719	615.27821	627.33575	533.7017	655.56667	387.71244	535.3256	84.771	531.36462	433.98567	347.04331	253.80972	400.63237	552.53655	533.72174	370.32147	493.31817	661.47583	541.88044	119.5954	71.36558	119.5954	18.75453	0.48933	57.15299	17.48322	7.80E-05	2.69214	1.02E-05	1.29E+07	7.81E-08	27.66513	176.10419	6.50E-05	0.0057	2.60E-05	2.37E-05
0.124	24.84661	26.16022	10.17144	11.59277	27.10695	92.15666	3.88231	1.49683	0.36771	0.85429	0.5523	0.4276	0.0721	0.0583	0.0253	0.0253	0.18919	89.38104	3.17696	1.7781	nan	2.0117	nan	0.39756	0.69744	0.29614	0.50256	0.10593	0.0018	0.5087	0.53141	0.3655	70.56825	615.06734	626.79343	531.00385	655.44325	388.39151	535.72438	nan	530.1849	440.61983	350.30625	250.18417	399.6085	552.53107	533.42323	374.58746	492.64767	661.66423	541.91104	119.7532	69.73197	119.7532	19.01833	0.49639	57.19025	17.49461	7.80E-05	2.6909	1.02E-05	1.29E+07	7.81E-08	27.662	176.26019	6.51E-05	0.0057	2.60E-05	2.37E-05
0.1244	25.34155	24.72275	9.72064	12.21698	27.87556	92.12753	3.9734	1.43772	0.37748	0.84932	0.55163	0.43026	0.07168	0.05663	0.02556	0.02556	0.18418	89.41201	3.22635	1.78205	nan	2.01167	nan	0.39317	0.72708	0.29982	0.46922	0.10676	0.00175	0.50934	0.5429	0.3629	70.84931	614.85646	626.2511	528.30601	655.31982	389.07058	536.12315	nan	529.00519	447.25398	353.56918	246.55862	398.58462	552.52558	533.12472	378.85344	491.97717	661.85263	541.94164	119.911	68.09837	119.911	19.28213	0.50345	57.2275	17.50601	7.79E-05	2.68966	1.02E-05	1.29E+07	7.81E-08	27.65886	176.41619	6.51E-05	0.0057	2.60E-05	2.37E-05
0.1248	25.83648	23.28527	9.26984	12.84118	28.64416	92.0984	4.06449	1.37861	0.38725	0.84435	0.55096	0.43292	0.07125	0.05496	0.02583	0.02583	0.17917	89.44297	3.27574	1.78599	nan	2.01164	nan	0.38877	0.75672	0.3035	0.43588	0.10759	0.00169	0.50997	0.55439	0.3603	71.13036	614.64559	625.70878	525.60817	655.19639	389.74965	536.52193	nan	527.82547	453.88813	356.83211	242.93308	397.56074	552.52009	532.82621	383.11942	491.30666	662.04104	541.97224	120.0688	66.46476	120.0688	19.54593	0.51051	57.26475	17.5174	7.79E-05	2.68841	1.02E-05	1.29E+07	7.81E-08	27.65573	176.57219	6.52E-05	0.00569	2.60E-05	2.37E-05
0.1252	26.33142	21.8478	8.81904	13.46538	29.41276	92.06927	4.15557	1.3195	0.39702	0.83938	0.55029	0.43558	0.07083	0.05329	0.02609	0.02609	0.17415	89.47394	3.32513	1.78993	nan	2.01161	nan	0.38438	0.78636	0.30718	0.40254	0.10841	0.00164	0.51061	0.56588	0.3577	71.41142	614.43472	625.16645	522.91033	655.07297	390.42872	536.9207	nan	526.64575	460.52229	360.09505	239.30753	396.53686	552.5146	532.52771	387.38541	490.63616	662.22944	542.00284	120.2266	64.83115	120.2266	19.80973	0.51757	57.30201	17.52879	7.78E-05	2.68717	1.02E-05	1.29E+07	7.81E-08	27.6526	176.7282	6.53E-05	0.00569	2.59E-05	2.37E-05
0.1256	26.82635	20.41033	8.36823	14.08958	30.18137	92.04014	4.24666	1.26039	0.40679	0.83441	0.54962	0.43824	0.07041	0.05162	0.02635	0.02635	0.16914	89.50491	3.37452	1.79388	nan	2.01158	nan	0.37999	0.816	0.31086	0.3692	0.10924	0.00159	0.51125	0.57737	0.3551	71.69248	614.22384	624.62413	520.21249	654.94954	391.10779	537.31947	nan	525.46603	467.15644	363.35798	235.68198	395.51299	552.50911	532.2292	391.65139	489.96566	662.41784	542.03344	120.3844	63.19755	120.3844	20.07353	0.52463	57.33926	17.54019	7.78E-05	2.68593	1.02E-05	1.29E+07	7.81E-08	27.64946	176.8842	6.54E-05	0.00568	2.59E-05	2.37E-05
0.126	27.32129	18.97286	7.91743	14.71379	30.94997	92.01101	4.33775	1.20128	0.41656	0.82944	0.54895	0.4409	0.06998	0.04995	0.02662	0.02662	0.16413	89.53587	3.42391	1.79782	nan	2.01155	nan	0.37559	0.84564	0.31454	0.33586	0.11007	0.00153	0.51188	0.58886	0.3525	71.97354	614.01297	624.0818	517.51465	654.82611	391.78686	537.71825	nan	524.28631	473.79059	366.62091	232.05643	394.48911	552.50362	531.93069	395.91738	489.29516	662.60624	542.06404	120.5422	61.56394	120.5422	20.33733	0.53169	57.37651	17.55158	7.77E-05	2.68468	1.02E-05	1.29E+07	7.81E-08	27.64633	177.0402	6.54E-05	0.00568	2.59E-05	2.36E-05
0.1264	27.81623	17.53538	7.46663	15.33799	31.71857	91.98188	4.42884	1.14217	0.42633	0.82447	0.54828	0.44356	0.06956	0.04828	0.02688	0.02688	0.15911	89.56684	3.4733	1.80176	nan	2.01152	nan	0.3712	0.87528	0.31822	0.30252	0.11089	0.00148	0.51252	0.60035	0.3499	72.2546	613.80209	623.53947	514.81681	654.70268	392.46593	538.11702	nan	523.1066	480.42475	369.88384	228.43088	393.46523	552.49814	531.63218	400.18336	488.62465	662.79464	542.09464	120.7	59.93034	120.7	20.60113	0.53875	57.41377	17.56297	7.77E-05	2.68344	1.02E-05	1.29E+07	7.81E-08	27.6432	177.1962	6.55E-05	0.00567	2.59E-05	2.36E-05
0.1268	28.31116	16.09791	7.01583	15.96219	32.48717	91.95275	4.51992	1.08306	0.4361	0.8195	0.54761	0.44622	0.06914	0.04661	0.02714	0.02714	0.1541	89.59781	3.52269	1.80571	nan	2.01149	nan	0.36681	0.90492	0.3219	0.26918	0.11172	0.00143	0.51316	0.61184	0.3473	72.53565	613.59122	622.99715	512.11897	654.57926	393.14499	538.5158	nan	521.92688	487.0589	373.14678	224.80534	392.44136	552.49265	531.33367	404.44934	487.95415	662.98304	542.12524	120.8578	58.29673	120.8578	20.86493	0.54581	57.45102	17.57437	7.76E-05	2.6822	1.02E-05	1.29E+07	7.81E-08	27.64006	177.3522	6.56E-05	0.00567	2.59E-05	2.36E-05
0.1272	28.8061	14.66044	6.56503	16.58639	33.25578	91.92362	4.61101	1.02394	0.44587	0.81453	0.54694	0.44888	0.06871	0.04494	0.02741	0.02741	0.14909	89.62877	3.57208	1.80965	nan	2.01146	nan	0.36241	0.93456	0.32558	0.23584	0.11255	0.00137	0.51379	0.62333	0.3447	72.81671	613.38035	622.45482	509.42113	654.45583	393.82406	538.91457	nan	520.74716	493.69305	376.40971	221.17979	391.41748	552.48716	531.03517	408.71533	487.28365	663.17144	542.15584	121.0156	56.66312	121.0156	21.12874	0.55287	57.48827	17.58576	7.76E-05	2.68095	1.02E-05	1.29E+07	7.81E-08	27.63693	177.5082	6.57E-05	0.00567	2.59E-05	2.36E-05
0.1276	29.30103	13.22297	6.11422	17.2106	34.02438	91.89449	4.7021	0.96483	0.45564	0.80956	0.54627	0.45154	0.06829	0.04327	0.02767	0.02767	0.14407	89.65974	3.62147	1.8136	nan	2.01143	nan	0.35802	0.9642	0.32926	0.2025	0.11337	0.00132	0.51443	0.63482	0.3421	73.09777	613.16947	621.9125	506.72329	654.3324	394.50313	539.31335	nan	519.56744	500.32721	379.67264	217.55424	390.3936	552.48167	530.73666	412.98131	486.61314	663.35984	542.18644	121.1734	55.02952	121.1734	21.39254	0.55993	57.52553	17.59715	7.75E-05	2.67971	1.02E-05	1.29E+07	7.81E-08	27.6338	177.6642	6.57E-05	0.00566	2.58E-05	2.36E-05
0.128	29.79597	11.78549	5.66342	17.8348	34.79298	91.86536	4.79318	0.90572	0.46541	0.80459	0.5456	0.4542	0.06787	0.0416	0.02793	0.02793	0.13906	89.69071	3.67086	1.81754	nan	2.0114	nan	0.35363	0.99384	0.33294	0.16916	0.1142	0.00127	0.51507	0.64631	0.3395	73.37883	612.9586	621.37017	504.02545	654.20898	395.1822	539.71212	nan	518.38772	506.96136	382.93558	213.92869	389.36972	552.47618	530.43815	417.24729	485.94264	663.54824	542.21704	121.3312	53.39591	121.3312	21.65634	0.56699	57.56278	17.60855	7.75E-05	2.67847	1.02E-05	1.29E+07	7.81E-08	27.63066	177.8202	6.58E-05	0.00566	2.58E-05	2.36E-05
0.1284	30.2909	10.34802	5.21262	18.459	35.56159	91.83623	4.88427	0.84661	0.47518	0.79962	0.54493	0.45686	0.06744	0.03993	0.0282	0.0282	0.13405	89.72167	3.72025	1.82148	nan	2.01137	nan	0.34923	1.02348	0.33662	0.13582	0.11503	0.00121	0.5157	0.6578	0.3369	73.65988	612.74772	620.82785	501.32761	654.08555	395.86127	540.11089	nan	517.20801	513.59551	386.19851	210.30314	388.34585	552.47069	530.13964	421.51328	485.27214	663.73664	542.24764	121.489	51.7623	121.489	21.92014	0.57405	57.60003	17.61994	7.74E-05	2.67722	1.02E-05	1.29E+07	7.81E-08	27.62753	177.9762	6.59E-05	0.00565	2.58E-05	2.35E-05
0.1288	30.78584	8.91055	4.76182	19.0832	36.33019	91.8071	4.97536	0.7875	0.48495	0.79465	0.54426	0.45952	0.06702	0.03826	0.02846	0.02846	0.12903	89.75264	3.76964	1.82543	nan	2.01134	nan	0.34484	1.05312	0.3403	0.10248	0.11585	0.00116	0.51634	0.66929	0.3343	73.94094	612.53685	620.28552	498.62977	653.96212	396.54034	540.50967	nan	516.02829	520.22966	389.46144	206.6776	387.32197	552.4652	529.84114	425.77926	484.60164	663.92504	542.27824	121.6468	50.1287	121.6468	22.18394	0.58111	57.63729	17.63133	7.74E-05	2.67598	1.02E-05	1.29E+07	7.81E-08	27.6244	178.1322	6.60E-05	0.00565	2.58E-05	2.35E-05
0.1292	31.28077	7.47308	4.31102	19.70741	37.09879	91.77797	5.06644	0.72839	0.49472	0.78968	0.54359	0.46218	0.0666	0.03659	0.02872	0.02872	0.12402	89.78361	3.81903	1.82937	nan	2.01131	nan	0.34045	1.08276	0.34398	0.06914	0.11668	0.00111	0.51698	0.68078	0.3317	74.222	612.32597	619.7432	495.93192	653.83869	397.21941	540.90844	nan	514.84857	526.86382	392.72438	203.05205	386.29809	552.45972	529.54263	430.04524	483.93113	664.11344	542.30884	121.8046	48.49509	121.8046	22.44774	0.58817	57.67454	17.64273	7.73E-05	2.67474	1.02E-05	1.29E+07	7.81E-08	27.62126	178.2882	6.60E-05	0.00564	2.58E-05	2.35E-05
0.1296	31.77571	6.0356	3.86022	20.33161	37.8674	91.74884	5.15753	0.66928	0.50449	0.78471	0.54292	0.46484	0.06617	0.03492	0.02899	0.02899	0.11901	89.81457	3.86842	1.83331	nan	2.01128	nan	0.33605	1.1124	0.34766	0.0358	0.11751	0.00105	0.51761	0.69227	0.3291	74.50306	612.1151	619.20087	493.23408	653.71527	397.89848	541.30722	nan	513.66885	533.49797	395.98731	199.4265	385.27421	552.45423	529.24412	434.31123	483.26063	664.30184	542.33944	121.9624	46.86148	121.9624	22.71154	0.59523	57.71179	17.65412	7.73E-05	2.67349	1.02E-05	1.29E+07	7.81E-08	27.61813	178.4442	6.61E-05	0.00564	2.58E-05	2.35E-05
0.13	32.27006	4.60161	3.41116	20.95415	38.63302	91.71993	5.24827	0.61031	0.51422	0.77975	0.54225	0.46749	0.06575	0.03325	0.02925	0.02925	0.11401	89.84563	3.91756	1.83722	nan	2.01125	nan	0.33167	1.14194	0.35132	0.00256	0.11833	0.001	0.51824	0.70373	0.32649	74.78213	611.90538	618.66077	490.53402	653.59156	398.57486	541.70599	nan	512.49147	540.11284	399.24559	195.82225	384.25113	552.44874	528.94582	438.56649	482.58569	664.48978	542.36994	122.11985	45.23121	122.11985	22.97483	0.60228	57.749	17.6655	7.72E-05	2.67225	1.02E-05	1.29E+07	7.81E-08	27.61501	178.60027	6.62E-05	0.00563	2.57E-05	2.35E-05
0.1304	32.31913	5.84135	4.30276	20.29821	37.10801	91.8593	5.07145	0.65392	0.49472	0.78306	0.54599	0.46186	0.06668	0.03496	0.02887	0.02887	0.11803	89.94186	3.76885	1.81724	nan	2.01122	nan	0.33584	1.09654	0.34067	0.04686	0.11538	0.00126	0.51309	0.68788	0.31819	73.53772	612.57912	619.82713	486.12777	653.25434	397.18837	542.10476	nan	513.11058	531.91199	398.93295	208.5802	383.84131	552.44325	528.80592	434.58696	478.50242	664.32418	542.32134	122.00285	46.15821	122.00285	22.84273	0.60179	57.74899	17.66551	7.74E-05	2.67319	1.02E-05	1.29E+07	7.80E-08	27.62148	178.81094	6.62E-05	0.00563	2.58E-05	2.35E-05
0.1308	32.3682	7.08109	5.19437	19.64228	35.58301	91.99867	4.89463	0.69754	0.47522	0.78636	0.54973	0.45623	0.06761	0.03667	0.02848	0.02848	0.12206	90.03809	3.62014	1.79726	nan	2.01119	nan	0.34001	1.05114	0.33001	0.09116	0.11242	0.00152	0.50793	0.67203	0.30989	72.29332	613.25286	620.9935	481.72153	652.91712	395.80187	542.50354	nan	513.72969	523.71113	398.62031	221.33814	383.43148	552.43776	528.66603	430.60742	474.41914	664.15858	542.27274	121.88585	47.08521	121.88585	22.71063	0.6013	57.74897	17.66551	7.75E-05	2.67412	1.02E-05	1.30E+07	7.78E-08	27.62794	179.02161	6.63E-05	0.00562	2.58E-05	2.36E-05
0.1312	32.41726	8.32083	6.08597	18.98634	34.058	92.13804	4.71781	0.74116	0.45571	0.78966	0.55346	0.45059	0.06854	0.03838	0.0281	0.0281	0.12609	90.13433	3.47142	1.77727	nan	2.01116	nan	0.34417	1.00574	0.31936	0.13546	0.10947	0.00178	0.50277	0.65618	0.30159	71.04891	613.9266	622.15987	477.31528	652.5799	394.41537	542.90231	nan	514.3488	515.51028	398.30767	234.09609	383.02165	552.43227	528.52614	426.62789	470.33586	663.99298	542.22414	121.76885	48.01222	121.76885	22.57853	0.6008	57.74896	17.66552	7.76E-05	2.67506	1.02E-05	1.30E+07	7.77E-08	27.63441	179.23228	6.63E-05	0.00562	2.59E-05	2.36E-05
0.1316	32.46633	9.56056	6.97757	18.3304	32.53299	92.27741	4.54099	0.78477	0.43621	0.79297	0.5572	0.44496	0.06947	0.04009	0.02772	0.02772	0.13011	90.23056	3.32271	1.75729	nan	2.01113	nan	0.34834	0.96034	0.30871	0.17976	0.10652	0.00204	0.49762	0.64033	0.29329	69.8045	614.60035	623.32624	472.90903	652.24268	393.02887	543.30109	nan	514.96791	507.30943	397.99503	246.85403	382.61182	552.42678	528.38624	422.64835	466.25259	663.82738	542.17554	121.65185	48.93922	121.65185	22.44643	0.60031	57.74895	17.66553	7.78E-05	2.676	1.02E-05	1.30E+07	7.75E-08	27.64088	179.44294	6.64E-05	0.00561	2.59E-05	2.37E-05
0.132	32.5154	10.8003	7.86918	17.67447	31.00799	92.41678	4.36417	0.82839	0.41671	0.79627	0.56094	0.43933	0.0704	0.0418	0.02733	0.02733	0.13414	90.32679	3.174	1.73731	nan	2.0111	nan	0.35251	0.91494	0.29805	0.22406	0.10356	0.0023	0.49246	0.62448	0.28499	68.56009	615.27409	624.49261	468.50278	651.90545	391.64237	543.69986	nan	515.58702	499.10857	397.68239	259.61197	382.20199	552.4213	528.24635	418.66881	462.16931	663.66178	542.12694	121.53485	49.86622	121.53485	22.31433	0.59982	57.74893	17.66553	7.79E-05	2.67693	1.02E-05	1.30E+07	7.74E-08	27.64734	179.65361	6.64E-05	0.0056	2.60E-05	2.37E-05
0.1324	32.56446	12.04004	8.76078	17.01853	29.48298	92.55615	4.18735	0.87201	0.3972	0.79957	0.56467	0.43369	0.07133	0.04351	0.02695	0.02695	0.13817	90.42303	3.02529	1.71732	nan	2.01107	nan	0.35667	0.86954	0.2874	0.26836	0.10061	0.00256	0.4873	0.60863	0.27669	67.31568	615.94783	625.65897	464.09654	651.56823	390.25587	544.09863	nan	516.20613	490.90772	397.36975	272.36992	381.79216	552.41581	528.10645	414.68928	458.08603	663.49618	542.07834	121.41785	50.79323	121.41785	22.18223	0.59932	57.74892	17.66554	7.81E-05	2.67787	1.02E-05	1.31E+07	7.72E-08	27.65381	179.86428	6.65E-05	0.0056	2.60E-05	2.37E-05
0.1328	32.61353	13.27978	9.65238	16.3626	27.95797	92.69553	4.01053	0.91562	0.3777	0.80288	0.56841	0.42806	0.07226	0.04522	0.02657	0.02657	0.14219	90.51926	2.87658	1.69734	nan	2.01104	nan	0.36084	0.82414	0.27675	0.31266	0.09766	0.00282	0.48215	0.59278	0.26839	66.07127	616.62157	626.82534	459.69029	651.23101	388.86937	544.49741	nan	516.82524	482.70687	397.0571	285.12786	381.38234	552.41032	527.96656	410.70974	454.00276	663.33058	542.02974	121.30084	51.72023	121.30084	22.05012	0.59883	57.74891	17.66555	7.82E-05	2.67881	1.02E-05	1.31E+07	7.71E-08	27.66028	180.07495	6.65E-05	0.00559	2.61E-05	2.38E-05
0.1332	32.6626	14.51952	10.54399	15.70666	26.43297	92.8349	3.8337	0.95924	0.3582	0.80618	0.57215	0.42243	0.07319	0.04693	0.02618	0.02618	0.14622	90.61549	2.72787	1.67736	nan	2.01101	nan	0.36501	0.77874	0.26609	0.35696	0.0947	0.00308	0.47699	0.57693	0.26009	64.82687	617.29532	627.99171	455.28404	650.89379	387.48287	544.89618	nan	517.44434	474.50602	396.74446	297.88581	380.97251	552.40483	527.82667	406.73021	449.91948	663.16498	541.98114	121.18384	52.64723	121.18384	21.91802	0.59834	57.74889	17.66555	7.83E-05	2.67974	1.02E-05	1.31E+07	7.69E-08	27.66674	180.28561	6.66E-05	0.00559	2.61E-05	2.38E-05
0.1336	32.71167	15.75926	11.43559	15.05072	24.90796	92.97427	3.65688	1.00286	0.33869	0.80948	0.57588	0.41679	0.07412	0.04864	0.0258	0.0258	0.15025	90.71173	2.57916	1.65737	nan	2.01098	nan	0.36917	0.73334	0.25544	0.40126	0.09175	0.00334	0.47183	0.56108	0.25179	63.58246	617.96906	629.15808	450.87779	650.55657	386.09637	545.29496	nan	518.06345	466.30516	396.43182	310.64375	380.56268	552.39934	527.68677	402.75067	445.8362	662.99938	541.93254	121.06684	53.57424	121.06684	21.78592	0.59784	57.74888	17.66556	7.85E-05	2.68068	1.02E-05	1.31E+07	7.68E-08	27.67321	180.49628	6.66E-05	0.00558	2.62E-05	2.39E-05
0.134	32.76073	16.99899	12.32719	14.39479	23.38296	93.11364	3.48006	1.04648	0.31919	0.81279	0.57962	0.41116	0.07505	0.05035	0.02542	0.02542	0.15427	90.80796	2.43045	1.63739	nan	2.01095	nan	0.37334	0.68794	0.24479	0.44556	0.0888	0.0036	0.46668	0.54523	0.24349	62.33805	618.6428	630.32445	446.47155	650.21935	384.70988	545.69373	nan	518.68256	458.10431	396.11918	323.4017	380.15285	552.39385	527.54688	398.77113	441.75293	662.83378	541.88393	120.94984	54.50124	120.94984	21.65382	0.59735	57.74887	17.66557	7.86E-05	2.68162	1.02E-05	1.32E+07	7.66E-08	27.67968	180.70695	6.67E-05	0.00557	2.62E-05	2.39E-05
0.1344	32.8098	18.23873	13.2188	13.73885	21.85795	93.25301	3.30324	1.09009	0.29969	0.81609	0.58336	0.40553	0.07598	0.05206	0.02503	0.02503	0.1583	90.9042	2.28174	1.61741	nan	2.01092	nan	0.37751	0.64254	0.23413	0.48986	0.08584	0.00386	0.46152	0.52938	0.23519	61.09364	619.31655	631.49081	442.0653	649.88213	383.32338	546.09251	nan	519.30167	449.90346	395.80654	336.15964	379.74302	552.38837	527.40699	394.7916	437.66965	662.66818	541.83533	120.83284	55.42825	120.83284	21.52172	0.59686	57.74885	17.66557	7.88E-05	2.68255	1.02E-05	1.32E+07	7.65E-08	27.68614	180.91762	6.67E-05	0.00557	2.63E-05	2.40E-05
0.1348	32.85887	19.47847	14.1104	13.08292	20.33294	93.39238	3.12642	1.13371	0.28018	0.81939	0.5871	0.39989	0.07691	0.05377	0.02465	0.02465	0.16233	91.00043	2.13303	1.59742	nan	2.01089	nan	0.38167	0.59714	0.22348	0.53416	0.08289	0.00412	0.45636	0.51353	0.22689	59.84923	619.99029	632.65718	437.65905	649.54491	381.93688	546.49128	nan	519.92078	441.70261	395.4939	348.91758	379.33319	552.38288	527.26709	390.81206	433.58638	662.50258	541.78673	120.71584	56.35525	120.71584	21.38962	0.59636	57.74884	17.66558	7.89E-05	2.68349	1.02E-05	1.32E+07	7.63E-08	27.69261	181.12828	6.68E-05	0.00556	2.63E-05	2.40E-05
0.1352	32.90793	20.71821	15.00201	12.42698	18.80794	93.53175	2.9496	1.17733	0.26068	0.8227	0.59083	0.39426	0.07784	0.05548	0.02427	0.02427	0.16635	91.09666	1.98432	1.57744	nan	2.01086	nan	0.38584	0.55174	0.21283	0.57846	0.07994	0.00438	0.45121	0.49768	0.21859	58.60482	620.66403	633.82355	433.2528	649.20768	380.55038	546.89005	84.771	520.53989	433.50175	395.18126	361.67553	378.92337	552.37739	527.1272	386.83253	429.5031	662.33698	541.73813	120.59884	57.28225	120.59884	21.25752	0.59587	57.74883	17.66559	7.90E-05	2.68443	1.02E-05	1.32E+07	7.62E-08	27.69908	181.33895	6.68E-05	0.00555	2.63E-05	2.40E-05
0.1356	32.957	21.95795	15.89361	11.77104	17.28293	93.67112	2.77278	1.22094	0.24118	0.826	0.59457	0.38863	0.07877	0.05719	0.02388	0.02388	0.17038	91.1929	1.83561	1.55746	nan	2.01083	nan	0.39001	0.50634	0.20217	0.62276	0.07698	0.00464	0.44605	0.48183	0.21029	57.36042	621.33777	634.98992	428.84656	648.87046	379.16388	547.28883	84.771	521.159	425.3009	394.86862	374.43347	378.51354	552.3719	526.9873	382.85299	425.41982	662.17138	541.68953	120.48184	58.20926	120.48184	21.12542	0.59538	57.74881	17.66559	7.92E-05	2.68536	1.02E-05	1.33E+07	7.60E-08	27.70554	181.54962	6.69E-05	0.00555	2.64E-05	2.41E-05
0.136	33.00607	23.19769	16.78521	11.11511	15.75793	93.81049	2.59596	1.26456	0.22167	0.8293	0.59831	0.38299	0.0797	0.0589	0.0235	0.0235	0.17441	91.28913	1.6869	1.53747	nan	2.0108	nan	0.39417	0.46094	0.19152	0.66706	0.07403	0.0049	0.44089	0.46598	0.20199	56.11601	622.01152	636.15629	424.44031	648.53324	377.77738	547.6876	84.771	521.77811	417.10005	394.55597	387.19142	378.10371	552.36641	526.84741	378.87345	421.33655	662.00577	541.64093	120.36484	59.13626	120.36484	20.99332	0.59488	57.7488	17.6656	7.93E-05	2.6863	1.02E-05	1.33E+07	7.58E-08	27.71201	181.76029	6.69E-05	0.00554	2.64E-05	2.41E-05
0.1364	33.05513	24.43742	17.67682	10.45917	14.23292	93.94986	2.41914	1.30818	0.20217	0.83261	0.60204	0.37736	0.08063	0.06061	0.02312	0.02312	0.17843	91.38536	1.53819	1.51749	nan	2.01077	nan	0.39834	0.41554	0.18087	0.71136	0.07108	0.00516	0.43574	0.45013	0.19369	54.8716	622.68526	637.32265	420.03406	648.19602	376.39088	548.08638	84.771	522.39722	408.89919	394.24333	399.94936	377.69388	552.36092	526.70752	374.89392	417.25327	661.84017	541.59233	120.24784	60.06326	120.24784	20.86122	0.59439	57.74879	17.66561	7.95E-05	2.68724	1.02E-05	1.33E+07	7.57E-08	27.71848	181.97095	6.70E-05	0.00554	2.65E-05	2.42E-05
0.1368	33.1042	25.67716	18.56842	9.80324	12.70791	94.08923	2.24232	1.35179	0.18267	0.83591	0.60578	0.37173	0.08156	0.06232	0.02273	0.02273	0.18246	91.4816	1.38948	1.49751	nan	2.01074	nan	0.40251	0.37014	0.17021	0.75566	0.06812	0.00542	0.43058	0.43428	0.18539	53.62719	623.359	638.48902	415.62781	647.8588	375.00438	548.48515	84.771	523.01633	400.69834	393.93069	412.70731	377.28405	552.35543	526.56762	370.91438	413.16999	661.67457	541.54373	120.13084	60.99027	120.13084	20.72912	0.5939	57.74877	17.66561	7.96E-05	2.68817	1.02E-05	1.33E+07	7.55E-08	27.72494	182.18162	6.70E-05	0.00553	2.65E-05	2.42E-05
0.1372	33.15327	26.9169	19.46002	9.1473	11.18291	94.2286	2.0655	1.39541	0.16316	0.83921	0.60952	0.36609	0.08249	0.06403	0.02235	0.02235	0.18649	91.57783	1.24077	1.47752	nan	2.01071	nan	0.40667	0.32474	0.15956	0.79996	0.06517	0.00568	0.42542	0.41843	0.17709	52.38278	624.03274	639.65539	411.22156	647.52158	373.61788	548.88392	84.771	523.63544	392.49749	393.61805	425.46525	376.87422	552.34995	526.42773	366.93485	409.08672	661.50897	541.49513	120.01384	61.91727	120.01384	20.59702	0.5934	57.74876	17.66562	7.97E-05	2.68911	1.02E-05	1.34E+07	7.54E-08	27.73141	182.39229	6.71E-05	0.00552	2.66E-05	2.43E-05
0.1376	33.20233	28.15664	20.35163	8.49136	9.6579	94.36797	1.88868	1.43903	0.14366	0.84252	0.61325	0.36046	0.08342	0.06574	0.02197	0.02197	0.19051	91.67407	1.09206	1.45754	nan	2.01068	nan	0.41084	0.27934	0.14891	0.84426	0.06222	0.00594	0.42027	0.40258	0.16879	51.13837	624.70649	640.82176	406.81532	647.18436	372.23139	549.2827	84.771	524.25455	384.29664	393.30541	438.22319	376.4644	552.34446	526.28783	362.95531	405.00344	661.34337	541.44653	119.89684	62.84428	119.89684	20.46492	0.59291	57.74875	17.66563	7.99E-05	2.69005	1.02E-05	1.34E+07	7.52E-08	27.73788	182.60296	6.71E-05	0.00552	2.66E-05	2.43E-05
0.138	33.2514	29.39638	21.24323	7.83543	8.1329	94.50734	1.71186	1.48264	0.12416	0.84582	0.61699	0.35483	0.08435	0.06745	0.02158	0.02158	0.19454	91.7703	0.94334	1.43756	nan	2.01065	nan	0.41501	0.23394	0.13825	0.88856	0.05926	0.0062	0.41511	0.38673	0.16049	49.89397	625.38023	641.98813	402.40907	646.84713	370.84489	549.68147	84.771	524.87365	376.09578	392.99277	450.98114	376.05457	552.33897	526.14794	358.97577	400.92017	661.17777	541.39793	119.77984	63.77128	119.77984	20.33282	0.59242	57.74873	17.66563	8.00E-05	2.69098	1.02E-05	1.34E+07	7.51E-08	27.74434	182.81362	6.72E-05	0.00551	2.67E-05	2.43E-05
0.1384	33.30047	30.63612	22.13483	7.17949	6.60789	94.64671	1.53504	1.52626	0.10465	0.84912	0.62073	0.34919	0.08528	0.06916	0.0212	0.0212	0.19857	91.86653	0.79463	1.41757	nan	2.01062	nan	0.41917	0.18854	0.1276	0.93286	0.05631	0.00646	0.40995	0.37088	0.15219	48.64956	626.05397	643.15449	398.00282	646.50991	369.45839	550.08025	84.771	525.49276	367.89493	392.68013	463.73908	375.64474	552.33348	526.00805	354.99624	396.83689	661.01217	541.34933	119.66284	64.69828	119.66284	20.20072	0.59192	57.74872	17.66564	8.02E-05	2.69192	1.02E-05	1.34E+07	7.49E-08	27.75081	183.02429	6.72E-05	0.0055	2.67E-05	2.44E-05
0.1388	33.34953	31.87585	23.02644	6.52356	5.08288	94.78608	1.35821	1.56988	0.08515	0.85243	0.62446	0.34356	0.08621	0.07087	0.02082	0.02082	0.20259	91.96277	0.64592	1.39759	nan	2.01059	nan	0.42334	0.14314	0.11695	0.97716	0.05336	0.00672	0.4048	0.35503	0.14389	47.40515	626.72772	644.32086	393.59657	646.17269	368.07189	550.47902	84.771	526.11187	359.69408	392.36749	476.49703	375.23491	552.32799	525.86815	351.0167	392.75361	660.84657	541.30073	119.54584	65.62529	119.54584	20.06862	0.59143	57.74871	17.66565	8.03E-05	2.69286	1.02E-05	1.35E+07	7.48E-08	27.75728	183.23496	6.73E-05	0.0055	2.68E-05	2.44E-05
0.1392	33.3986	33.11559	23.91804	5.86762	3.55788	94.92545	1.18139	1.61349	0.06565	0.85573	0.6282	0.33793	0.08714	0.07258	0.02043	0.02043	0.20662	92.059	0.49721	1.37761	nan	2.01056	nan	0.42751	0.09774	0.10629	1.02146	0.0504	0.00698	0.39964	0.33918	0.13559	46.16074	627.40146	645.48723	389.19033	645.83547	366.68539	550.87779	84.771	526.73098	351.49322	392.05484	489.25497	374.82508	552.3225	525.72826	347.03717	388.67034	660.68097	541.25213	119.42884	66.55229	119.42884	19.93652	0.59094	57.74869	17.66565	8.04E-05	2.69379	1.02E-05	1.35E+07	7.46E-08	27.76374	183.44563	6.73E-05	0.00549	2.68E-05	2.45E-05
0.1396	33.44767	34.35533	24.80964	5.21168	2.03287	95.06482	1.00457	1.65711	0.04614	0.85903	0.63194	0.33229	0.08807	0.07429	0.02005	0.02005	0.21065	92.15523	0.3485	1.35762	nan	2.01053	nan	0.43167	0.05234	0.09564	1.06576	0.04745	0.00724	0.39448	0.32333	0.12729	44.91633	628.0752	646.6536	384.78408	645.49825	365.29889	551.27657	84.771	527.35009	343.29237	391.7422	502.01292	374.41525	552.31701	525.58836	343.05763	384.58706	660.51537	541.20353	119.31184	67.47929	119.31184	19.80442	0.59044	57.74868	17.66566	8.06E-05	2.69473	1.02E-05	1.35E+07	7.45E-08	27.77021	183.65629	6.74E-05	0.00549	2.69E-05	2.45E-05
0.14	33.49586	35.59326	25.69943	4.55732	0.51079	95.2039	0.82809	1.70067	0.02668	0.86233	0.63567	0.32667	0.089	0.076	0.01967	0.01967	0.21467	92.25122	0.20005	1.33773	nan	2.0105	nan	0.43584	0.00701	0.08503	1.10994	0.04452	0.0075	0.38933	0.3075	0.119	43.67547	628.74796	647.81772	380.38969	645.16207	363.9155	551.67534	84.771	527.9692	335.10342	391.43552	514.7411	374.01144	552.31153	525.44943	339.08714	380.51765	660.34977	541.15493	119.19484	68.4063	119.19484	19.67232	0.58994	57.74882	17.66571	8.07E-05	2.69567	1.02E-05	1.35E+07	7.43E-08	27.77666	183.86646	6.74E-05	0.00548	2.69E-05	2.46E-05
0.1404	32.92079	35.54313	25.28902	5.02506	1.0782	95.1316	0.89179	1.70354	0.03391	0.85972	0.63602	0.33057	0.0882	0.0756	0.01988	0.0199	0.2145	92.17193	0.23869	1.383	nan	2.01047	nan	0.44001	0.01269	0.10333	1.06568	0.05992	0.00752	0.38666	0.3082	0.11906	44.96655	628.71624	647.37896	384.45246	645.56885	364.75115	552.07412	84.771	528.58831	335.40689	395.37655	506.24383	377.89529	552.30604	525.99414	341.56941	386.33793	660.18417	541.10633	119.07784	69.3333	119.07784	19.54021	0.58385	57.85699	17.69881	8.07E-05	2.696	1.02E-05	1.35E+07	7.44E-08	27.7744	183.7218	6.74E-05	0.00548	2.69E-05	2.45E-05
0.1408	32.34572	35.493	24.87862	5.49279	1.6456	95.0593	0.95549	1.70642	0.04114	0.8571	0.63637	0.33446	0.0874	0.0752	0.02009	0.02013	0.21433	92.09264	0.27733	1.42828	nan	2.01044	nan	0.44417	0.01837	0.12163	1.02142	0.07532	0.00754	0.38398	0.3089	0.11912	46.25763	628.68452	646.94021	388.51524	645.97563	365.5868	552.47289	84.771	529.20742	335.71035	399.31759	497.74656	381.77915	552.30055	526.53886	344.05167	392.15821	660.01857	541.05773	118.96084	70.26031	118.96084	19.40811	0.57776	57.96517	17.7319	8.06E-05	2.69633	1.02E-05	1.35E+07	7.44E-08	27.77213	183.57713	6.73E-05	0.00549	2.69E-05	2.45E-05
0.1412	31.77065	35.44286	24.46822	5.96053	2.213	94.987	1.01919	1.70929	0.04838	0.85449	0.63673	0.33835	0.0866	0.0748	0.02031	0.02037	0.21417	92.01334	0.31597	1.47355	nan	2.01041	nan	0.44834	0.02405	0.13993	0.97716	0.09072	0.00756	0.38131	0.3096	0.11918	47.54871	628.6528	646.50145	392.57802	646.38241	366.42245	552.87167	84.771	529.82653	336.01381	403.25862	489.24928	385.663	552.29506	527.08358	346.53393	397.9785	659.85297	541.00913	118.84383	71.18731	118.84383	19.27601	0.57166	58.07334	17.76499	8.06E-05	2.69667	1.02E-05	1.35E+07	7.44E-08	27.76986	183.43246	6.73E-05	0.00549	2.69E-05	2.45E-05
0.1416	31.19559	35.39273	24.05782	6.42826	2.7804	94.9147	1.08289	1.71216	0.05561	0.85188	0.63708	0.34225	0.0858	0.0744	0.02052	0.0206	0.214	91.93405	0.35461	1.51882	nan	2.01038	nan	0.45251	0.02973	0.15823	0.9329	0.10612	0.00758	0.37864	0.3103	0.11924	48.83979	628.62108	646.0627	396.64079	646.7892	367.2581	553.27044	84.771	530.44564	336.31727	407.19966	480.75201	389.54686	552.28957	527.62829	349.01619	403.79878	659.68737	540.96053	118.72683	72.11431	118.72683	19.14391	0.56557	58.18151	17.79809	8.05E-05	2.697	1.02E-05	1.35E+07	7.45E-08	27.7676	183.2878	6.72E-05	0.00549	2.68E-05	2.45E-05
0.142	30.62052	35.3426	23.64742	6.896	3.34781	94.8424	1.14659	1.71504	0.06284	0.84926	0.63743	0.34614	0.085	0.074	0.02073	0.02083	0.21383	91.85475	0.39325	1.5641	nan	2.01035	nan	0.45667	0.03541	0.17653	0.88864	0.12152	0.0076	0.37596	0.311	0.1193	50.13087	628.58935	645.62394	400.70357	647.19598	368.09375	553.66921	84.771	531.06475	336.62073	411.1407	472.25473	393.43072	552.28408	528.17301	351.49846	409.61906	659.52176	540.91193	118.60983	73.04132	118.60983	19.01181	0.55948	58.28969	17.83118	8.05E-05	2.69733	1.02E-05	1.35E+07	7.45E-08	27.76533	183.14313	6.72E-05	0.00549	2.68E-05	2.45E-05
0.1424	30.04545	35.29246	23.23702	7.36373	3.91521	94.7701	1.21029	1.71791	0.07008	0.84665	0.63779	0.35003	0.0842	0.0736	0.02095	0.02107	0.21367	91.77546	0.4319	1.60937	nan	2.01032	nan	0.46084	0.04109	0.19483	0.84438	0.13692	0.00762	0.37329	0.3117	0.11936	51.42195	628.55763	645.18519	404.76635	647.60276	368.9294	554.06799	84.771	531.68385	336.92419	415.08173	463.75746	397.31457	552.2786	528.71772	353.98072	415.43935	659.35616	540.86333	118.49283	73.96832	118.49283	18.87971	0.55339	58.39786	17.86427	8.04E-05	2.69767	1.02E-05	1.35E+07	7.45E-08	27.76306	182.99846	6.71E-05	0.0055	2.68E-05	2.45E-05
0.1428	29.47038	35.24233	22.82661	7.83147	4.48261	94.6978	1.27399	1.72078	0.07731	0.84404	0.63814	0.35393	0.0834	0.0732	0.02116	0.0213	0.2135	91.69617	0.47054	1.65464	nan	2.01029	nan	0.46501	0.04677	0.21313	0.80012	0.15232	0.00764	0.37062	0.3124	0.11942	52.71302	628.52591	644.74643	408.82912	648.00954	369.76505	554.46676	84.771	532.30296	337.22765	419.02277	455.26019	401.19843	552.27311	529.26244	356.46298	421.25963	659.19056	540.81473	118.37583	74.89532	118.37583	18.74761	0.54729	58.50603	17.89737	8.03E-05	2.698	1.02E-05	1.35E+07	7.46E-08	27.7608	182.85379	6.71E-05	0.0055	2.68E-05	2.44E-05
0.1432	28.89531	35.19219	22.41621	8.2992	5.05001	94.6255	1.33769	1.72366	0.08454	0.84142	0.63849	0.35782	0.0826	0.0728	0.02137	0.02153	0.21333	91.61687	0.50918	1.69992	nan	2.01026	nan	0.46917	0.05245	0.23143	0.75586	0.16772	0.00766	0.36794	0.3131	0.11948	54.0041	628.49419	644.30768	412.8919	648.41632	370.6007	554.86554	84.771	532.92207	337.53111	422.9638	446.76291	405.08228	552.26762	529.80715	358.94525	427.07991	659.02496	540.76613	118.25883	75.82233	118.25883	18.61551	0.5412	58.61421	17.93046	8.03E-05	2.69833	1.02E-05	1.35E+07	7.46E-08	27.75853	182.70913	6.70E-05	0.0055	2.68E-05	2.44E-05
0.1436	28.32024	35.14206	22.00581	8.76694	5.61741	94.5532	1.40139	1.72653	0.09178	0.83881	0.63885	0.36171	0.0818	0.0724	0.02159	0.02177	0.21317	91.53758	0.54782	1.74519	nan	2.01023	nan	0.47334	0.05813	0.24973	0.7116	0.18312	0.00768	0.36527	0.3138	0.11954	55.29518	628.46247	643.86892	416.95467	648.8231	371.43635	555.26431	84.771	533.54118	337.83458	426.90484	438.26564	408.96614	552.26213	530.35187	361.42751	432.9002	658.85936	540.71753	118.14183	76.74933	118.14183	18.48341	0.53511	58.72238	17.96355	8.02E-05	2.69867	1.02E-05	1.34E+07	7.46E-08	27.75626	182.56446	6.70E-05	0.00551	2.67E-05	2.44E-05
0.144	27.74517	35.09193	21.59541	9.23467	6.18482	94.4809	1.46509	1.7294	0.09901	0.8362	0.6392	0.36561	0.081	0.072	0.0218	0.022	0.213	91.45829	0.58646	1.79047	nan	2.0102	nan	0.47751	0.06381	0.26803	0.66734	0.19852	0.0077	0.3626	0.3145	0.1196	56.58626	628.43075	643.43017	421.01745	649.22989	372.272	555.66308	84.771	534.16029	338.13804	430.84588	429.76836	412.84999	552.25664	530.89658	363.90977	438.72048	658.69376	540.66893	118.02483	77.67633	118.02483	18.35131	0.52902	58.83056	17.99665	8.02E-05	2.699	1.02E-05	1.34E+07	7.47E-08	27.754	182.41979	6.69E-05	0.00551	2.67E-05	2.44E-05
0.1444	27.1701	35.04179	21.18501	9.70241	6.75222	94.4086	1.52879	1.73228	0.10624	0.83358	0.63955	0.3695	0.0802	0.0716	0.02201	0.02223	0.21283	91.37899	0.6251	1.83574	nan	2.01017	nan	0.48167	0.06949	0.28633	0.62308	0.21392	0.00772	0.35992	0.3152	0.11966	57.87734	628.39903	642.99141	425.08023	649.63667	373.10765	556.06186	84.771	534.7794	338.4415	434.78691	421.27109	416.73385	552.25115	531.4413	366.39204	444.54076	658.52816	540.62033	117.90783	78.60334	117.90783	18.21921	0.52292	58.93873	18.02974	8.01E-05	2.69933	1.02E-05	1.34E+07	7.47E-08	27.75173	182.27512	6.69E-05	0.00551	2.67E-05	2.44E-05
0.1448	26.59503	34.99166	20.77461	10.17014	7.31962	94.3363	1.59249	1.73515	0.11348	0.83097	0.63991	0.37339	0.0794	0.0712	0.02223	0.02247	0.21267	91.2997	0.66374	1.88101	nan	2.01014	nan	0.48584	0.07517	0.30463	0.57882	0.22932	0.00774	0.35725	0.3159	0.11972	59.16842	628.36731	642.55266	429.143	650.04345	373.9433	556.46063	84.771	535.39851	338.74496	438.72795	412.77382	420.6177	552.24566	531.98602	368.8743	450.36105	658.36256	540.57173	117.79083	79.53034	117.79083	18.08711	0.51683	59.0469	18.06283	8.01E-05	2.69967	1.02E-05	1.34E+07	7.47E-08	27.74946	182.13046	6.68E-05	0.00551	2.67E-05	2.44E-05
0.1452	26.01996	34.94153	20.3642	10.63788	7.88702	94.264	1.65619	1.73802	0.12071	0.82836	0.64026	0.37729	0.0786	0.0708	0.02244	0.0227	0.2125	91.2204	0.70238	1.92629	nan	2.01011	nan	0.49001	0.08085	0.32293	0.53456	0.24472	0.00776	0.35458	0.3166	0.11978	60.45949	628.33559	642.1139	433.20578	650.45023	374.77895	556.85941	nan	536.01762	339.04842	442.66898	404.27654	424.50156	552.24018	532.53073	371.35656	456.18133	658.19696	540.52313	117.67383	80.45735	117.67383	17.95501	0.51074	59.15508	18.09593	8.00E-05	2.7	1.02E-05	1.34E+07	7.48E-08	27.7472	181.98579	6.68E-05	0.00552	2.67E-05	2.43E-05
0.1456	25.4449	34.89139	19.9538	11.10561	8.45443	94.19169	1.71989	1.7409	0.12794	0.82574	0.64061	0.38118	0.0778	0.0704	0.02265	0.02293	0.21233	91.14111	0.74102	1.97156	nan	2.01008	nan	0.49417	0.08653	0.34123	0.4903	0.26012	0.00778	0.3519	0.3173	0.11984	61.75057	628.30387	641.67515	437.26856	650.85701	375.6146	557.25818	nan	536.63673	339.35188	446.61002	395.77927	428.38541	552.23469	533.07545	373.83883	462.00161	658.03136	540.47453	117.55683	81.38435	117.55683	17.82291	0.50465	59.26325	18.12902	8.00E-05	2.70033	1.02E-05	1.34E+07	7.48E-08	27.74493	181.84112	6.67E-05	0.00552	2.67E-05	2.43E-05
0.146	24.86983	34.84126	19.5434	11.57335	9.02183	94.11939	1.78359	1.74377	0.13518	0.82313	0.64097	0.38507	0.077	0.07	0.02287	0.02317	0.21217	91.06182	0.77966	2.01683	nan	2.01005	nan	0.49834	0.09221	0.35953	0.44604	0.27552	0.0078	0.34923	0.318	0.1199	63.04165	628.27215	641.23639	441.33133	651.26379	376.45025	557.65695	nan	537.25584	339.65534	450.55105	387.28199	432.26927	552.2292	533.62016	376.32109	467.8219	657.86576	540.42593	117.43983	82.31135	117.43983	17.69081	0.49856	59.37142	18.16211	7.99E-05	2.70067	1.02E-05	1.34E+07	7.48E-08	27.74266	181.69646	6.67E-05	0.00552	2.66E-05	2.43E-05
0.1464	24.29476	34.79113	19.133	12.04108	9.58923	94.04709	1.84729	1.74664	0.14241	0.82052	0.64132	0.38897	0.0762	0.0696	0.02308	0.0234	0.212	90.98252	0.8183	2.06211	nan	2.01002	nan	0.50251	0.09789	0.37783	0.40178	0.29092	0.00782	0.34656	0.3187	0.11996	64.33273	628.24043	640.79764	445.39411	651.67058	377.2859	558.05573	nan	537.87495	339.9588	454.49209	378.78472	436.15313	552.22371	534.16488	378.80335	473.64218	657.70016	540.37733	117.32283	83.23836	117.32283	17.55871	0.49246	59.4796	18.19521	7.99E-05	2.701	1.02E-05	1.34E+07	7.49E-08	27.7404	181.55179	6.66E-05	0.00552	2.66E-05	2.43E-05
0.1468	23.71969	34.74099	18.7226	12.50882	10.15663	93.97479	1.91099	1.74952	0.14964	0.8179	0.64167	0.39286	0.0754	0.0692	0.02329	0.02363	0.21183	90.90323	0.85694	2.10738	nan	2.00999	nan	0.50667	0.10357	0.39613	0.35752	0.30632	0.00784	0.34388	0.3194	0.12002	65.62381	628.20871	640.35888	449.45688	652.07736	378.12155	558.4545	nan	538.49406	340.26227	458.43313	370.28745	440.03698	552.21822	534.70959	381.28562	479.46246	657.53456	540.32873	117.20583	84.16536	117.20583	17.42661	0.48637	59.58777	18.2283	7.98E-05	2.70133	1.02E-05	1.34E+07	7.49E-08	27.73813	181.40712	6.66E-05	0.00553	2.66E-05	2.43E-05
0.1472	23.14462	34.69086	18.3122	12.97656	10.72404	93.90249	1.97469	1.75239	0.15688	0.81529	0.64203	0.39675	0.0746	0.0688	0.02351	0.02387	0.21167	90.82394	0.89558	2.15265	nan	2.00996	nan	0.51084	0.10925	0.41443	0.31325	0.32172	0.00786	0.34121	0.3201	0.12008	66.91489	628.17699	639.92013	453.51966	652.48414	378.9572	558.85328	nan	539.11316	340.56573	462.37416	361.79017	443.92084	552.21273	535.25431	383.76788	485.28275	657.36896	540.28013	117.08883	85.09236	117.08883	17.29451	0.48028	59.69595	18.2614	7.98E-05	2.70167	1.02E-05	1.34E+07	7.49E-08	27.73586	181.26245	6.65E-05	0.00553	2.66E-05	2.43E-05
0.1476	22.56955	34.64073	17.90179	13.44429	11.29144	93.83019	2.03839	1.75526	0.16411	0.81268	0.64238	0.40065	0.0738	0.0684	0.02372	0.0241	0.2115	90.74464	0.93422	2.19793	nan	2.00993	nan	0.51501	0.11493	0.43273	0.26899	0.33712	0.00788	0.33854	0.3208	0.12014	68.20597	628.14527	639.48137	457.58244	652.89092	379.79285	559.25205	nan	539.73227	340.86919	466.3152	353.2929	447.80469	552.20724	535.79902	386.25014	491.10303	657.20336	540.23153	116.97183	86.01937	116.97183	17.16241	0.47419	59.80412	18.29449	7.97E-05	2.702	1.02E-05	1.34E+07	7.50E-08	27.7336	181.11779	6.65E-05	0.00553	2.66E-05	2.42E-05
0.148	21.99448	34.59059	17.49139	13.91203	11.85884	93.75789	2.10209	1.75814	0.17134	0.81006	0.64273	0.40454	0.073	0.068	0.02393	0.02433	0.21133	90.66535	0.97286	2.2432	nan	2.0099	nan	0.51917	0.12061	0.45103	0.22473	0.35252	0.0079	0.33586	0.3215	0.1202	69.49704	628.11355	639.04262	461.64521	653.2977	380.6285	559.65083	nan	540.35138	341.17265	470.25623	344.79562	451.68855	552.20176	536.34374	388.73241	496.92331	657.03775	540.18293	116.85483	86.94637	116.85483	17.0303	0.46809	59.91229	18.32758	7.96E-05	2.70233	1.02E-05	1.33E+07	7.50E-08	27.73133	180.97312	6.64E-05	0.00554	2.65E-05	2.42E-05
0.1484	21.41941	34.54046	17.08099	14.37976	12.42624	93.68559	2.16579	1.76101	0.17858	0.80745	0.64309	0.40843	0.0722	0.0676	0.02415	0.02457	0.21117	90.58606	1.0115	2.28847	nan	2.00987	nan	0.52334	0.12629	0.46933	0.18047	0.36792	0.00792	0.33319	0.3222	0.12026	70.78812	628.08183	638.60386	465.70799	653.70448	381.46415	560.0496	nan	540.97049	341.47611	474.19727	336.29835	455.5724	552.19627	536.88846	391.21467	502.7436	656.87215	540.13433	116.73783	87.87338	116.73783	16.8982	0.462	60.02047	18.36068	7.96E-05	2.70267	1.02E-05	1.33E+07	7.51E-08	27.72906	180.82845	6.64E-05	0.00554	2.65E-05	2.42E-05
0.1488	20.84434	34.49033	16.67059	14.8475	12.99364	93.61329	2.22949	1.76388	0.18581	0.80484	0.64344	0.41233	0.0714	0.0672	0.02436	0.0248	0.211	90.50676	1.05014	2.33375	nan	2.00984	nan	0.52751	0.13197	0.48763	0.13621	0.38332	0.00794	0.33052	0.3229	0.12032	72.0792	628.05011	638.16511	469.77077	654.11127	382.2998	560.44837	nan	541.5896	341.77957	478.1383	327.80108	459.45626	552.19078	537.43317	393.69693	508.56388	656.70655	540.08573	116.62083	88.80038	116.62083	16.7661	0.45591	60.12864	18.39377	7.95E-05	2.703	1.02E-05	1.33E+07	7.51E-08	27.7268	180.68378	6.63E-05	0.00554	2.65E-05	2.42E-05
0.1492	20.26928	34.44019	16.26019	15.31523	13.56105	93.54099	2.2932	1.76676	0.19304	0.80222	0.64379	0.41622	0.0706	0.0668	0.02457	0.02503	0.21083	90.42747	1.08878	2.37902	nan	2.00981	nan	0.53167	0.13765	0.50593	0.09195	0.39872	0.00796	0.32784	0.3236	0.12038	73.37028	628.01839	637.72635	473.83354	654.51805	383.13545	560.84715	nan	542.20871	342.08303	482.07934	319.3038	463.34011	552.18529	537.97789	396.1792	514.38416	656.54095	540.03713	116.50383	89.72738	116.50383	16.634	0.44982	60.23681	18.42686	7.95E-05	2.70333	1.02E-05	1.33E+07	7.51E-08	27.72453	180.53912	6.63E-05	0.00554	2.65E-05	2.42E-05
0.1496	19.69421	34.39006	15.84979	15.78297	14.12845	93.46869	2.3569	1.76963	0.20028	0.79961	0.64415	0.42011	0.0698	0.0664	0.02479	0.02527	0.21067	90.34817	1.12742	2.42429	nan	2.00978	nan	0.53584	0.14333	0.52423	0.04769	0.41412	0.00798	0.32517	0.3243	0.12044	74.66136	627.98667	637.2876	477.89632	654.92483	383.9711	561.24592	nan	542.82782	342.38649	486.02038	310.80653	467.22397	552.1798	538.5226	398.66146	520.20445	656.37535	539.98853	116.38682	90.65439	116.38682	16.5019	0.44372	60.34499	18.45996	7.94E-05	2.70367	1.02E-05	1.33E+07	7.52E-08	27.72226	180.39445	6.62E-05	0.00555	2.65E-05	2.42E-05
0.15	19.11979	34.33856	15.442	16.24923	14.69542	93.39654	2.42055	1.77244	0.20751	0.797	0.64448	0.42399	0.069	0.066	0.025	0.0255	0.21049	90.26917	1.16605	2.46944	nan	2.00975	nan	0.53999	0.14901	0.54249	0.0035	0.42948	0.008	0.32251	0.325	0.12052	75.94917	627.95407	636.84936	481.95747	655.33079	384.80299	561.6447	nan	543.44591	342.70212	489.94321	302.31421	471.09794	552.17431	539.06693	401.13556	526.01394	656.20974	539.94012	116.26962	91.58005	116.26962	16.36988	0.43764	60.45295	18.49299	7.94E-05	2.704	1.02E-05	1.33E+07	7.52E-08	27.72	180.25039	6.62E-05	0.00555	2.65E-05	2.41E-05
0.1504	18.98139	33.37695	16.77641	15.73322	14.97682	93.42112	2.45301	1.73026	0.21089	0.799	0.6339	0.42011	0.06928	0.0654	0.02456	0.02504	0.20707	90.38041	1.19749	2.4279	nan	2.00972	nan	0.53307	0.15305	0.53295	0.00343	0.41694	0.00768	0.33221	0.3278	0.13142	75.06239	627.33174	636.75366	484.93484	655.19279	383.12968	562.04347	nan	543.38867	351.11846	481.75272	297.12059	468.39125	552.16883	539.35595	398.17683	524.63805	656.03654	540.02292	116.01361	91.61485	116.01361	16.29028	0.43888	60.42199	18.48351	7.94E-05	2.70264	1.02E-05	1.33E+07	7.51E-08	27.7188	180.51239	6.63E-05	0.00554	2.65E-05	2.41E-05
0.1508	18.84299	32.41535	18.11081	15.21722	15.25822	93.4457	2.48547	1.68808	0.21427	0.801	0.62332	0.41623	0.06956	0.0648	0.02412	0.02458	0.20365	90.49165	1.22893	2.38636	nan	2.00969	nan	0.52615	0.15709	0.52341	0.00336	0.4044	0.00736	0.34191	0.3306	0.14232	74.1756	626.70942	636.65796	487.91221	655.05479	381.45638	562.44224	nan	543.33143	359.53479	473.56223	291.92697	465.68456	552.16334	539.64498	395.2181	523.26217	655.86334	540.10572	115.75761	91.64965	115.75761	16.21068	0.44012	60.39103	18.47403	7.94E-05	2.70128	1.02E-05	1.33E+07	7.50E-08	27.7176	180.7744	6.64E-05	0.00553	2.65E-05	2.41E-05
0.1512	18.70459	31.45375	19.44522	14.70122	15.53963	93.47028	2.51793	1.6459	0.21765	0.803	0.61274	0.41235	0.06984	0.0642	0.02368	0.02412	0.20023	90.60289	1.26037	2.34482	nan	2.00966	nan	0.51923	0.16113	0.51387	0.00329	0.39186	0.00704	0.35161	0.3334	0.15322	73.28882	626.0871	636.56226	490.88958	654.91679	379.78307	562.84102	nan	543.27419	367.95113	465.37174	286.73335	462.97787	552.15785	539.934	392.25937	521.88628	655.69014	540.18853	115.50161	91.68445	115.50161	16.13108	0.44136	60.36007	18.46455	7.94E-05	2.69992	1.02E-05	1.33E+07	7.50E-08	27.7164	181.0364	6.65E-05	0.00553	2.65E-05	2.41E-05
0.1516	18.56619	30.49214	20.77962	14.18522	15.82103	93.49486	2.55039	1.60372	0.22103	0.805	0.60216	0.40847	0.07012	0.0636	0.02324	0.02366	0.19681	90.71413	1.29181	2.30328	nan	2.00963	nan	0.51231	0.16517	0.50433	0.00322	0.37932	0.00672	0.36131	0.3362	0.16412	72.40204	625.46478	636.46655	493.86695	654.77879	378.10976	563.23979	nan	543.21695	376.36746	457.18124	281.53973	460.27118	552.15236	540.22302	389.30063	520.51039	655.51694	540.27133	115.24561	91.71925	115.24561	16.05148	0.4426	60.32911	18.45507	7.94E-05	2.69856	1.02E-05	1.34E+07	7.49E-08	27.7152	181.2984	6.66E-05	0.00552	2.65E-05	2.41E-05
0.152	18.42779	29.53054	22.11403	13.66922	16.10243	93.51944	2.58285	1.56154	0.22441	0.807	0.59158	0.40459	0.0704	0.063	0.0228	0.0232	0.19339	90.82537	1.32325	2.26174	nan	2.0096	nan	0.50539	0.16921	0.49479	0.00315	0.36678	0.0064	0.37101	0.339	0.17502	71.51525	624.84245	636.37085	496.84433	654.64079	376.43646	563.63857	nan	543.15971	384.78379	448.99075	276.34611	457.56449	552.14687	540.51204	386.3419	519.13451	655.34374	540.35413	114.98961	91.75405	114.98961	15.97188	0.44384	60.29815	18.44559	7.94E-05	2.6972	1.02E-05	1.34E+07	7.48E-08	27.714	181.5604	6.67E-05	0.00551	2.65E-05	2.41E-05
0.1524	18.28939	28.56893	23.44843	13.15321	16.38383	93.54402	2.61531	1.51936	0.22779	0.809	0.581	0.40071	0.07068	0.0624	0.02236	0.02274	0.18997	90.93661	1.35469	2.2202	nan	2.00957	nan	0.49847	0.17325	0.48525	0.00308	0.35424	0.00608	0.38071	0.3418	0.18592	70.62847	624.22013	636.27515	499.8217	654.50279	374.76315	564.03734	nan	543.10247	393.20013	440.80026	271.15248	454.8578	552.14138	540.80106	383.38317	517.75862	655.17054	540.43693	114.73361	91.78885	114.73361	15.89228	0.44508	60.26719	18.43611	7.94E-05	2.69584	1.02E-05	1.34E+07	7.47E-08	27.7128	181.8224	6.68E-05	0.0055	2.65E-05	2.41E-05
0.1528	18.15099	27.60733	24.78284	12.63721	16.66523	93.5686	2.64777	1.47718	0.23117	0.811	0.57042	0.39683	0.07096	0.0618	0.02192	0.02228	0.18655	91.04785	1.38613	2.17866	nan	2.00954	nan	0.49155	0.17729	0.47571	0.00301	0.3417	0.00576	0.39041	0.3446	0.19682	69.74168	623.59781	636.17945	502.79907	654.36479	373.08984	564.43612	nan	543.04523	401.61646	432.60976	265.95886	452.1511	552.13589	541.09008	380.42444	516.38274	654.99734	540.51973	114.47761	91.82365	114.47761	15.81268	0.44632	60.23623	18.42663	7.94E-05	2.69448	1.02E-05	1.34E+07	7.47E-08	27.7116	182.0844	6.69E-05	0.00549	2.65E-05	2.41E-05
0.1532	18.01259	26.64573	26.11724	12.12121	16.94663	93.59318	2.68023	1.435	0.23455	0.813	0.55984	0.39295	0.07124	0.0612	0.02148	0.02182	0.18313	91.15909	1.41757	2.13712	nan	2.00951	nan	0.48463	0.18133	0.46617	0.00294	0.32916	0.00544	0.40011	0.3474	0.20772	68.8549	622.97549	636.08375	505.77644	654.22679	371.41654	564.83489	nan	542.98799	410.03279	424.41927	260.76524	449.44441	552.13041	541.3791	377.46571	515.00685	654.82413	540.60253	114.22161	91.85845	114.22161	15.73308	0.44756	60.20527	18.41715	7.94E-05	2.69312	1.02E-05	1.34E+07	7.46E-08	27.7104	182.3464	6.70E-05	0.00549	2.65E-05	2.41E-05
0.1536	17.87419	25.68412	27.45165	11.60521	17.22803	93.61776	2.71269	1.39282	0.23793	0.815	0.54926	0.38907	0.07152	0.0606	0.02104	0.02136	0.17971	91.27033	1.44901	2.09558	nan	2.00948	nan	0.47771	0.18537	0.45663	0.00287	0.31662	0.00512	0.40981	0.3502	0.21862	67.96812	622.35316	635.98805	508.75381	654.08879	369.74323	565.23366	nan	542.93075	418.44913	416.22878	255.57162	446.73772	552.12492	541.66812	374.50698	513.63097	654.65093	540.68533	113.96561	91.89325	113.96561	15.65348	0.4488	60.17431	18.40767	7.94E-05	2.69176	1.02E-05	1.34E+07	7.45E-08	27.7092	182.6084	6.72E-05	0.00548	2.65E-05	2.41E-05
0.154	17.73579	24.72252	28.78605	11.08921	17.50943	93.64234	2.74515	1.35064	0.24131	0.817	0.53868	0.38519	0.0718	0.06	0.0206	0.0209	0.17629	91.38157	1.48045	2.05404	nan	2.00945	nan	0.47079	0.18941	0.44709	0.0028	0.30408	0.0048	0.41951	0.353	0.22952	67.08133	621.73084	635.89235	511.73119	653.95079	368.06992	565.63244	nan	542.87351	426.86546	408.03829	250.378	444.03103	552.11943	541.95715	371.54824	512.25508	654.47773	540.76813	113.70961	91.92805	113.70961	15.57388	0.45004	60.14335	18.39819	7.94E-05	2.6904	1.02E-05	1.34E+07	7.44E-08	27.708	182.8704	6.73E-05	0.00547	2.65E-05	2.41E-05
0.1544	17.59739	23.76092	30.12046	10.5732	17.79083	93.66692	2.77761	1.30845	0.24469	0.819	0.5281	0.38131	0.07208	0.0594	0.02016	0.02044	0.17287	91.49281	1.51189	2.0125	nan	2.00942	nan	0.46387	0.19345	0.43755	0.00273	0.29154	0.00448	0.42921	0.3558	0.24042	66.19455	621.10852	635.79665	514.70856	653.81279	366.39662	566.03121	nan	542.81627	435.28179	399.84779	245.18438	441.32434	552.11394	542.24617	368.58951	510.8792	654.30453	540.85093	113.4536	91.96285	113.4536	15.49428	0.45128	60.11239	18.38871	7.94E-05	2.68904	1.02E-05	1.34E+07	7.44E-08	27.7068	183.1324	6.74E-05	0.00546	2.65E-05	2.41E-05
0.1548	17.45899	22.79931	31.45487	10.0572	18.07224	93.6915	2.81007	1.26627	0.24807	0.821	0.51752	0.37743	0.07236	0.0588	0.01972	0.01998	0.16945	91.60405	1.54333	1.97096	nan	2.00939	nan	0.45695	0.19749	0.42801	0.00266	0.279	0.00416	0.43892	0.3586	0.25132	65.30777	620.4862	635.70095	517.68593	653.67479	364.72331	566.42999	nan	542.75903	443.69813	391.6573	239.99076	438.61765	552.10845	542.53519	365.63078	509.50331	654.13133	540.93373	113.1976	91.99765	113.1976	15.41468	0.45252	60.08143	18.37923	7.94E-05	2.68768	1.02E-05	1.35E+07	7.43E-08	27.7056	183.39441	6.75E-05	0.00545	2.65E-05	2.41E-05
0.1552	17.32059	21.83771	32.78927	9.5412	18.35364	93.71608	2.84253	1.22409	0.25145	0.823	0.50694	0.37355	0.07264	0.0582	0.01928	0.01952	0.16603	91.71529	1.57477	1.92942	nan	2.00936	nan	0.45003	0.20153	0.41847	0.00259	0.26646	0.00384	0.44862	0.3614	0.26222	64.42098	619.86387	635.60525	520.6633	653.53679	363.05	566.82876	nan	542.70179	452.11446	383.46681	234.79714	435.91096	552.10296	542.82421	362.67205	508.12742	653.95813	541.01653	112.9416	92.03245	112.9416	15.33508	0.45376	60.05047	18.36975	7.94E-05	2.68632	1.02E-05	1.35E+07	7.42E-08	27.7044	183.65641	6.76E-05	0.00545	2.65E-05	2.41E-05
0.1556	17.18218	20.8761	34.12368	9.0252	18.63504	93.74066	2.87499	1.18191	0.25483	0.825	0.49636	0.36967	0.07292	0.0576	0.01884	0.01906	0.16261	91.82653	1.60621	1.88788	nan	2.00933	nan	0.44311	0.20557	0.40893	0.00252	0.25392	0.00352	0.45832	0.3642	0.27312	63.5342	619.24155	635.50955	523.64067	653.39879	361.3767	567.22753	nan	542.64455	460.5308	375.27632	229.60352	433.20427	552.09747	543.11323	359.71332	506.75154	653.78493	541.09933	112.6856	92.06725	112.6856	15.25548	0.455	60.01951	18.36027	7.94E-05	2.68496	1.02E-05	1.35E+07	7.41E-08	27.7032	183.91841	6.77E-05	0.00544	2.65E-05	2.41E-05
0.156	17.04378	19.9145	35.45808	8.5092	18.91644	93.76524	2.90745	1.13973	0.25821	0.827	0.48578	0.36579	0.0732	0.057	0.0184	0.0186	0.15919	91.93777	1.63765	1.84634	nan	2.0093	nan	0.43619	0.20961	0.39939	0.00245	0.24138	0.0032	0.46802	0.367	0.28402	62.64742	618.61923	635.41385	526.61804	653.26078	359.70339	567.62631	nan	542.58731	468.94713	367.08582	224.4099	430.49758	552.09199	543.40225	356.75458	505.37565	653.61173	541.18213	112.4296	92.10205	112.4296	15.17588	0.45624	59.98855	18.35079	7.94E-05	2.6836	1.02E-05	1.35E+07	7.41E-08	27.702	184.18041	6.78E-05	0.00543	2.65E-05	2.41E-05
0.1564	16.90538	18.9529	36.79249	7.99319	19.19784	93.78982	2.93991	1.09755	0.26159	0.829	0.4752	0.36191	0.07348	0.0564	0.01796	0.01814	0.15577	92.04901	1.66909	1.8048	nan	2.00927	nan	0.42927	0.21365	0.38985	0.00238	0.22884	0.00288	0.47772	0.3698	0.29492	61.76063	617.99691	635.31815	529.59542	653.12278	358.03008	568.02508	nan	542.53007	477.36346	358.89533	219.21628	427.79089	552.0865	543.69127	353.79585	503.99977	653.43853	541.26493	112.1736	92.13685	112.1736	15.09628	0.45748	59.95759	18.34131	7.94E-05	2.68224	1.02E-05	1.35E+07	7.40E-08	27.7008	184.44241	6.79E-05	0.00542	2.65E-05	2.41E-05
0.1568	16.76698	17.99129	38.12689	7.47719	19.47924	93.8144	2.97237	1.05537	0.26497	0.831	0.46462	0.35803	0.07376	0.0558	0.01752	0.01768	0.15235	92.16025	1.70053	1.76325	nan	2.00924	nan	0.42235	0.21769	0.38031	0.00231	0.2163	0.00256	0.48742	0.3726	0.30582	60.87385	617.37458	635.22245	532.57279	652.98478	356.35678	568.42386	nan	542.47283	485.7798	350.70484	214.02266	425.0842	552.08101	543.98029	350.83712	502.62388	653.26533	541.34773	111.9176	92.17165	111.9176	15.01668	0.45872	59.92663	18.33183	7.94E-05	2.68088	1.02E-05	1.35E+07	7.39E-08	27.6996	184.70441	6.81E-05	0.00541	2.65E-05	2.41E-05
0.1572	16.62858	17.02969	39.4613	6.96119	19.76064	93.83898	3.00483	1.01319	0.26835	0.833	0.45404	0.35415	0.07404	0.0552	0.01708	0.01722	0.14893	92.27149	1.73197	1.72171	nan	2.00921	nan	0.41543	0.22173	0.37077	0.00224	0.20376	0.00224	0.49712	0.3754	0.31672	59.98707	616.75226	635.12675	535.55016	652.84678	354.68347	568.82263	nan	542.41559	494.19613	342.51434	208.82904	422.37751	552.07552	544.26931	347.87839	501.248	653.09213	541.43053	111.6616	92.20645	111.6616	14.93707	0.45995	59.89567	18.32235	7.94E-05	2.67952	1.02E-05	1.35E+07	7.38E-08	27.6984	184.96641	6.82E-05	0.00541	2.65E-05	2.41E-05
0.1576	16.49018	16.06808	40.7957	6.44519	20.04204	93.86356	3.03729	0.97101	0.27173	0.835	0.44346	0.35027	0.07432	0.0546	0.01664	0.01676	0.14551	92.38274	1.76341	1.68017	nan	2.00918	nan	0.40851	0.22577	0.36122	0.00217	0.19122	0.00192	0.50682	0.3782	0.32762	59.10028	616.12994	635.03105	538.52753	652.70878	353.01016	569.2214	nan	542.35835	502.61246	334.32385	203.63541	419.67081	552.07003	544.55834	344.91966	499.87211	652.91893	541.51333	111.4056	92.24125	111.4056	14.85747	0.46119	59.86471	18.31287	7.93E-05	2.67816	1.02E-05	1.36E+07	7.38E-08	27.6972	185.22841	6.83E-05	0.0054	2.65E-05	2.41E-05
0.158	16.35178	15.10648	42.13011	5.92918	20.32344	93.88814	3.06975	0.92883	0.27511	0.837	0.43288	0.34639	0.0746	0.054	0.0162	0.0163	0.14209	92.49398	1.79485	1.63863	nan	2.00915	nan	0.40159	0.22981	0.35168	0.0021	0.17868	0.0016	0.51652	0.381	0.33852	58.2135	615.50762	634.93535	541.5049	652.57078	351.33686	569.62018	nan	542.30111	511.0288	326.13336	198.44179	416.96412	552.06454	544.84736	341.96093	498.49623	652.74573	541.59613	111.1496	92.27605	111.1496	14.77787	0.46243	59.83375	18.30339	7.93E-05	2.6768	1.02E-05	1.36E+07	7.37E-08	27.696	185.49041	6.84E-05	0.00539	2.65E-05	2.41E-05
0.1584	16.21338	14.14488	43.46451	5.41318	20.60485	93.91272	3.10221	0.88665	0.27849	0.839	0.4223	0.34251	0.07488	0.0534	0.01576	0.01584	0.13867	92.60522	1.82629	1.59709	nan	2.00912	nan	0.39467	0.23385	0.34214	0.00203	0.16614	0.00128	0.52622	0.3838	0.34942	57.32672	614.88529	634.83965	544.48228	652.43278	349.66355	570.01895	nan	542.24387	519.44513	317.94287	193.24817	414.25743	552.05906	545.13638	339.00219	497.12034	652.57253	541.67893	110.89359	92.31086	110.89359	14.69827	0.46367	59.80279	18.2939	7.93E-05	2.67544	1.02E-05	1.36E+07	7.36E-08	27.6948	185.75242	6.85E-05	0.00538	2.65E-05	2.41E-05
0.1588	16.07498	13.18327	44.79892	4.89718	20.88625	93.9373	3.13467	0.84447	0.28187	0.841	0.41172	0.33863	0.07516	0.0528	0.01532	0.01538	0.13525	92.71646	1.85773	1.55555	nan	2.00909	nan	0.38775	0.23789	0.3326	0.00196	0.1536	9.59E-04	0.53592	0.3866	0.36032	56.43993	614.26297	634.74395	547.45965	652.29478	347.99024	570.41773	nan	542.18663	527.86147	309.75237	188.05455	411.55074	552.05357	545.4254	336.04346	495.74446	652.39932	541.76173	110.63759	92.34566	110.63759	14.61867	0.46491	59.77183	18.28442	7.93E-05	2.67408	1.02E-05	1.36E+07	7.36E-08	27.6936	186.01442	6.86E-05	0.00537	2.65E-05	2.41E-05
0.1592	15.93658	12.22167	46.13332	4.38118	21.16765	93.96188	3.16713	0.80229	0.28525	0.843	0.40114	0.33475	0.07544	0.0522	0.01488	0.01492	0.13183	92.8277	1.88917	1.51401	nan	2.00906	nan	0.38083	0.24193	0.32306	0.00189	0.14106	6.39E-04	0.54562	0.3894	0.37122	55.55315	613.64065	634.64825	550.43702	652.15678	346.31694	570.8165	nan	542.12939	536.2778	301.56188	182.86093	408.84405	552.04808	545.71442	333.08473	494.36857	652.22612	541.84453	110.38159	92.38046	110.38159	14.53907	0.46615	59.74087	18.27494	7.93E-05	2.67272	1.02E-05	1.36E+07	7.35E-08	27.6924	186.27642	6.87E-05	0.00537	2.65E-05	2.41E-05
0.1596	15.79818	11.26007	47.46773	3.86518	21.44905	93.98646	3.19959	0.76011	0.28863	0.845	0.39056	0.33087	0.07572	0.0516	0.01444	0.01446	0.12841	92.93894	1.92061	1.47247	nan	2.00903	nan	0.37391	0.24597	0.31352	0.00182	0.12852	3.19E-04	0.55532	0.3922	0.38212	54.66636	613.01833	634.55255	553.41439	652.01878	344.64363	571.21528	nan	542.07215	544.69413	293.37139	177.66731	406.13736	552.04259	546.00344	330.126	492.99268	652.05292	541.92733	110.12559	92.41526	110.12559	14.45947	0.46739	59.70991	18.26546	7.93E-05	2.67136	1.02E-05	1.36E+07	7.34E-08	27.6912	186.53842	6.88E-05	0.00536	2.65E-05	2.41E-05
0.16	15.65998	10.30047	48.79824	3.35117	21.73014	94.01094	3.23202	0.71802	0.292	0.84699	0.38001	0.32701	0.076	0.051	0.014	0.014	0.125	93.04988	1.95201	1.43106	nan	2.009	nan	0.36701	0.25	0.30401	0.00175	0.116	1.07E-07	0.56499	0.39501	0.39299	53.78058	612.39597	634.45701	556.38697	651.88133	342.97538	571.61405	nan	542.01289	553.09091	285.20516	172.48337	403.43583	552.0371	546.29146	327.17318	491.62055	651.8802	542.00994	109.87025	92.45007	109.87025	14.37997	0.46863	59.67899	18.256	7.93E-05	2.67	1.02E-05	1.36E+07	7.33E-08	27.69	186.79968	6.89E-05	0.00535	2.65E-05	2.41E-05
0.1604	15.64678	10.59287	47.69563	4.08468	21.81964	93.97568	3.24215	0.73275	0.29325	0.84271	0.38802	0.33164	0.0754	0.05085	0.01444	0.01444	0.126	92.97241	1.95864	1.46866	nan	2.00897	nan	0.37184	0.24947	0.31254	0.00168	0.1189	6.68E-05	0.5602	0.39876	0.3875	53.51671	611.74984	634.46577	556.36723	652.08903	344.46286	572.01282	nan	540.69412	549.28767	292.18267	173.33917	403.95386	552.03161	545.95361	327.91169	492.59242	652.0034	541.97528	110.02839	92.4934	110.02839	14.36384	0.46811	59.67555	18.25495	7.93E-05	2.67067	1.02E-05	1.36E+07	7.34E-08	27.6896	186.59968	6.89E-05	0.00536	2.64E-05	2.41E-05
0.1608	15.63358	10.88527	46.59303	4.81818	21.90914	93.94042	3.25228	0.74748	0.2945	0.83843	0.39603	0.33627	0.0748	0.0507	0.01488	0.01488	0.127	92.89494	1.96527	1.50626	nan	2.00894	nan	0.37667	0.24893	0.32107	0.00161	0.1218	1.33E-04	0.55541	0.40251	0.38201	53.25284	611.10372	634.47453	556.34749	652.29673	345.95033	572.4116	nan	539.37536	545.48442	299.16018	174.19498	404.47189	552.02612	545.61576	328.6502	493.56428	652.1266	541.94061	110.18652	92.53674	110.18652	14.34771	0.46758	59.67211	18.2539	7.93E-05	2.67134	1.02E-05	1.36E+07	7.35E-08	27.6892	186.39968	6.88E-05	0.00536	2.64E-05	2.41E-05
0.1612	15.62038	11.17767	45.49042	5.55168	21.99864	93.90516	3.26241	0.76221	0.29575	0.83415	0.40404	0.3409	0.0742	0.05055	0.01532	0.01532	0.128	92.81747	1.9719	1.54386	nan	2.00891	nan	0.3815	0.2484	0.3296	0.00154	0.1247	2.00E-04	0.55062	0.40626	0.37652	52.98896	610.4576	634.48329	556.32775	652.50443	347.43781	572.81037	nan	538.05659	541.68118	306.13769	175.05078	404.98993	552.02064	545.27791	329.38871	494.53615	652.2498	541.90594	110.34465	92.58007	110.34465	14.33157	0.46706	59.66867	18.25285	7.93E-05	2.67201	1.02E-05	1.36E+07	7.36E-08	27.6888	186.19968	6.87E-05	0.00537	2.64E-05	2.41E-05
0.1616	15.60718	11.47007	44.38782	6.28519	22.08814	93.8699	3.27254	0.77694	0.297	0.82987	0.41205	0.34553	0.0736	0.0504	0.01576	0.01576	0.129	92.73999	1.97853	1.58146	nan	2.00888	nan	0.38633	0.24787	0.33813	0.00147	0.1276	2.67E-04	0.54583	0.41001	0.37103	52.72509	609.81148	634.49205	556.30801	652.71214	348.92528	573.20915	nan	536.73783	537.87793	313.1152	175.90658	405.50796	552.01515	544.94005	330.12722	495.50801	652.373	541.87128	110.50279	92.6234	110.50279	14.31544	0.46654	59.66523	18.2518	7.92E-05	2.67268	1.02E-05	1.36E+07	7.37E-08	27.6884	185.99968	6.86E-05	0.00537	2.64E-05	2.41E-05
0.162	15.59398	11.76247	43.28521	7.01869	22.17764	93.83464	3.28267	0.79167	0.29825	0.82559	0.42006	0.35016	0.073	0.05025	0.0162	0.0162	0.13	92.66252	1.98516	1.61906	nan	2.00885	nan	0.39116	0.24733	0.34666	0.0014	0.1305	3.33E-04	0.54104	0.41376	0.36554	52.46122	609.16535	634.50081	556.28827	652.91984	350.41276	573.60792	nan	535.41906	534.07469	320.0927	176.76239	406.02599	552.00966	544.6022	330.86573	496.47987	652.4962	541.83661	110.66092	92.66674	110.66092	14.29931	0.46602	59.66179	18.25075	7.92E-05	2.67335	1.02E-05	1.36E+07	7.38E-08	27.688	185.79968	6.86E-05	0.00538	2.64E-05	2.41E-05
0.1624	15.58078	12.05487	42.18261	7.75219	22.26715	93.79938	3.2928	0.8064	0.2995	0.82131	0.42807	0.35479	0.0724	0.0501	0.01664	0.01664	0.131	92.58505	1.99179	1.65666	nan	2.00882	nan	0.39599	0.2468	0.35519	0.00133	0.1334	4.00E-04	0.53625	0.41751	0.36005	52.19735	608.51923	634.50957	556.26853	653.12754	351.90024	574.00669	nan	534.1003	530.27144	327.07021	177.61819	406.54402	552.00417	544.26435	331.60424	497.45174	652.6194	541.80194	110.81906	92.71007	110.81906	14.28317	0.46549	59.65835	18.2497	7.92E-05	2.67402	1.02E-05	1.36E+07	7.38E-08	27.6876	185.59968	6.85E-05	0.00539	2.64E-05	2.41E-05
0.1628	15.56758	12.34728	41.08	8.48569	22.35665	93.76412	3.30293	0.82113	0.30075	0.81703	0.43608	0.35942	0.0718	0.04995	0.01708	0.01708	0.132	92.50758	1.99842	1.69426	nan	2.00879	nan	0.40082	0.24627	0.36372	0.00126	0.1363	4.67E-04	0.53146	0.42126	0.35456	51.93348	607.87311	634.51833	556.24879	653.33524	353.38771	574.40547	nan	532.78153	526.4682	334.04772	178.47399	407.06205	551.99868	543.9265	332.34275	498.4236	652.7426	541.76728	110.97719	92.7534	110.97719	14.26704	0.46497	59.65491	18.24865	7.92E-05	2.67469	1.02E-05	1.35E+07	7.39E-08	27.6872	185.39967	6.84E-05	0.00539	2.64E-05	2.41E-05
0.1632	15.55438	12.63968	39.9774	9.2192	22.44615	93.72886	3.31306	0.83586	0.302	0.81275	0.44409	0.36405	0.0712	0.0498	0.01752	0.01752	0.133	92.43011	2.00505	1.73186	nan	2.00876	nan	0.40565	0.24573	0.37225	0.00119	0.1392	5.33E-04	0.52667	0.42501	0.34907	51.66961	607.22699	634.52709	556.22905	653.54294	354.87519	574.80424	nan	531.46277	522.66495	341.02523	179.3298	407.58009	551.99319	543.58865	333.08126	499.39547	652.8658	541.73261	111.13532	92.79674	111.13532	14.25091	0.46445	59.65147	18.2476	7.91E-05	2.67536	1.02E-05	1.35E+07	7.40E-08	27.6868	185.19967	6.83E-05	0.0054	2.64E-05	2.41E-05
0.1636	15.54118	12.93208	38.8748	9.9527	22.53565	93.6936	3.32319	0.85059	0.30325	0.80847	0.4521	0.36868	0.0706	0.04965	0.01796	0.01796	0.134	92.35264	2.01168	1.76946	nan	2.00873	nan	0.41048	0.2452	0.38078	0.00112	0.1421	6.00E-04	0.52188	0.42876	0.34358	51.40574	606.58086	634.53585	556.20931	653.75064	356.36266	575.20302	nan	530.144	518.86171	348.00274	180.1856	408.09812	551.9877	543.2508	333.81977	500.36733	652.989	541.69794	111.29346	92.84007	111.29346	14.23477	0.46393	59.64803	18.24655	7.91E-05	2.67603	1.02E-05	1.35E+07	7.41E-08	27.6864	184.99967	6.82E-05	0.00541	2.64E-05	2.40E-05
0.164	15.52798	13.22448	37.77219	10.6862	22.62515	93.65834	3.33332	0.86532	0.3045	0.80419	0.46011	0.37331	0.07	0.0495	0.0184	0.0184	0.135	92.27517	2.01831	1.80706	nan	2.0087	nan	0.41531	0.24467	0.38931	0.00105	0.145	6.67E-04	0.51709	0.43251	0.33809	51.14187	605.93474	634.54461	556.18957	653.95834	357.85014	575.60179	nan	528.82524	515.05846	354.98024	181.0414	408.61615	551.98222	542.91295	334.55828	501.33919	653.1122	541.66328	111.45159	92.8834	111.45159	14.21864	0.4634	59.64459	18.2455	7.91E-05	2.6767	1.02E-05	1.35E+07	7.42E-08	27.686	184.79967	6.82E-05	0.00541	2.64E-05	2.40E-05
0.1644	15.51478	13.51688	36.66959	11.41971	22.71465	93.62308	3.34345	0.88005	0.30575	0.79991	0.46812	0.37794	0.0694	0.04935	0.01884	0.01884	0.136	92.1977	2.02494	1.84466	nan	2.00867	nan	0.42014	0.24413	0.39784	9.80E-04	0.1479	7.33E-04	0.5123	0.43626	0.3326	50.878	605.28862	634.55337	556.16983	654.16604	359.33762	576.00056	nan	527.50647	511.25522	361.95775	181.89721	409.13418	551.97673	542.57509	335.29679	502.31106	653.2354	541.62861	111.60973	92.92674	111.60973	14.20251	0.46288	59.64115	18.24445	7.90E-05	2.67737	1.02E-05	1.35E+07	7.43E-08	27.6856	184.59967	6.81E-05	0.00542	2.63E-05	2.40E-05
0.1648	15.50158	13.80928	35.56698	12.15321	22.80415	93.58782	3.35358	0.89478	0.307	0.79563	0.47613	0.38257	0.0688	0.0492	0.01928	0.01928	0.137	92.12023	2.03157	1.88226	nan	2.00864	nan	0.42497	0.2436	0.40637	9.10E-04	0.1508	8.00E-04	0.50751	0.44001	0.32711	50.61413	604.6425	634.56213	556.15009	654.37374	360.82509	576.39934	nan	526.18771	507.45197	368.93526	182.75301	409.65221	551.97124	542.23724	336.0353	503.28292	653.3586	541.59394	111.76786	92.97007	111.76786	14.18637	0.46236	59.63771	18.2434	7.90E-05	2.67804	1.02E-05	1.35E+07	7.43E-08	27.6852	184.39967	6.80E-05	0.00542	2.63E-05	2.40E-05
0.1652	15.48838	14.10168	34.46438	12.88671	22.89365	93.55256	3.36371	0.90951	0.30825	0.79135	0.48414	0.3872	0.0682	0.04905	0.01972	0.01972	0.138	92.04276	2.0382	1.91986	nan	2.00861	nan	0.4298	0.24307	0.4149	8.40E-04	0.1537	8.67E-04	0.50272	0.44376	0.32162	50.35025	603.99637	634.57089	556.13035	654.58144	362.31257	576.79811	nan	524.86894	503.64873	375.91277	183.60881	410.17025	551.96575	541.89939	336.77381	504.25479	653.4818	541.55928	111.92599	93.0134	111.92599	14.17024	0.46184	59.63427	18.24235	7.90E-05	2.67871	1.02E-05	1.34E+07	7.44E-08	27.6848	184.19967	6.79E-05	0.00543	2.63E-05	2.40E-05
0.1656	15.47518	14.39408	33.36177	13.62021	22.98315	93.5173	3.37384	0.92424	0.3095	0.78707	0.49215	0.39183	0.0676	0.0489	0.02016	0.02016	0.139	91.96529	2.04483	1.95746	nan	2.00858	nan	0.43463	0.24253	0.42343	7.70E-04	0.1566	9.33E-04	0.49793	0.44751	0.31613	50.08638	603.35025	634.57965	556.11061	654.78914	363.80004	577.19689	nan	523.55018	499.84548	382.89027	184.46462	410.68828	551.96026	541.56154	337.51232	505.22665	653.605	541.52461	112.08413	93.05674	112.08413	14.15411	0.46131	59.63083	18.2413	7.90E-05	2.67938	1.02E-05	1.34E+07	7.45E-08	27.6844	183.99967	6.79E-05	0.00544	2.63E-05	2.40E-05
0.166	15.46198	14.68649	32.25917	14.35372	23.07265	93.48204	3.38397	0.93897	0.31075	0.78279	0.50016	0.39646	0.067	0.04875	0.0206	0.0206	0.14	91.88782	2.05146	1.99506	nan	2.00855	nan	0.43946	0.242	0.43196	7.00E-04	0.1595	0.001	0.49314	0.45126	0.31064	49.82251	602.70413	634.58841	556.09087	654.99684	365.28752	577.59566	nan	522.23141	496.04224	389.86778	185.32042	411.20631	551.95477	541.22369	338.25083	506.19851	653.7282	541.48994	112.24226	93.10007	112.24226	14.13797	0.46079	59.62739	18.24025	7.89E-05	2.68005	1.02E-05	1.34E+07	7.46E-08	27.684	183.79967	6.78E-05	0.00544	2.63E-05	2.40E-05
0.1664	15.44878	14.97889	31.15657	15.08722	23.16215	93.44678	3.3941	0.9537	0.312	0.77851	0.50817	0.40109	0.0664	0.0486	0.02104	0.02104	0.141	91.81035	2.05809	2.03266	nan	2.00852	nan	0.44429	0.24147	0.44049	6.30E-04	0.1624	0.00107	0.48835	0.45501	0.30515	49.55864	602.058	634.59717	556.07113	655.20455	366.775	577.99444	nan	520.91265	492.23899	396.84529	186.17622	411.72434	551.94929	540.88584	338.98934	507.17038	653.85141	541.45528	112.4004	93.14341	112.4004	14.12184	0.46027	59.62395	18.2392	7.89E-05	2.68072	1.02E-05	1.34E+07	7.47E-08	27.6836	183.59967	6.77E-05	0.00545	2.63E-05	2.40E-05
0.1668	15.43558	15.27129	30.05396	15.82072	23.25165	93.41152	3.40423	0.96843	0.31325	0.77423	0.51618	0.40572	0.0658	0.04845	0.02148	0.02148	0.142	91.73288	2.06472	2.07026	nan	2.00849	nan	0.44912	0.24093	0.44902	5.60E-04	0.1653	0.00113	0.48356	0.45876	0.29966	49.29477	601.41188	634.60593	556.05139	655.41225	368.26247	578.39321	nan	519.59388	488.43575	403.8228	187.03203	412.24237	551.9438	540.54799	339.72785	508.14224	653.97461	541.42061	112.55853	93.18674	112.55853	14.10571	0.45975	59.62051	18.23815	7.89E-05	2.68139	1.02E-05	1.34E+07	7.48E-08	27.6832	183.39967	6.76E-05	0.00546	2.63E-05	2.40E-05
0.1672	15.42238	15.56369	28.95136	16.55423	23.34115	93.37626	3.41436	0.98316	0.3145	0.76995	0.52419	0.41035	0.0652	0.0483	0.02192	0.02192	0.143	91.65541	2.07135	2.10786	nan	2.00846	nan	0.45395	0.2404	0.45755	4.90E-04	0.1682	0.0012	0.47877	0.46251	0.29417	49.0309	600.76576	634.61469	556.03165	655.61995	369.74995	578.79198	nan	518.27512	484.6325	410.80031	187.88783	412.76041	551.93831	540.21014	340.46635	509.1141	654.09781	541.38594	112.71666	93.23007	112.71666	14.08957	0.45922	59.61707	18.2371	7.89E-05	2.68206	1.02E-05	1.34E+07	7.48E-08	27.6828	183.19967	6.75E-05	0.00546	2.63E-05	2.40E-05
0.1676	15.40918	15.85609	27.84875	17.28773	23.43065	93.341	3.42449	0.99789	0.31575	0.76567	0.5322	0.41498	0.0646	0.04815	0.02236	0.02236	0.144	91.57794	2.07798	2.14546	nan	2.00843	nan	0.45878	0.23987	0.46608	4.20E-04	0.1711	0.00127	0.47398	0.46626	0.28868	48.76703	600.11964	634.62345	556.01191	655.82765	371.23742	579.19076	nan	516.95635	480.82926	417.77781	188.74363	413.27844	551.93282	539.87228	341.20486	510.08597	654.22101	541.35128	112.8748	93.27341	112.8748	14.07344	0.4587	59.61363	18.23605	7.88E-05	2.68273	1.02E-05	1.34E+07	7.49E-08	27.6824	182.99966	6.75E-05	0.00547	2.63E-05	2.40E-05
0.168	15.39598	16.14849	26.74615	18.02123	23.52015	93.30574	3.43462	1.01262	0.317	0.76139	0.54021	0.41961	0.064	0.048	0.0228	0.0228	0.145	91.50047	2.08461	2.18306	nan	2.0084	nan	0.46361	0.23933	0.47461	3.50E-04	0.174	0.00133	0.46919	0.47001	0.28319	48.50316	599.47351	634.63221	555.99217	656.03535	372.7249	579.58953	nan	515.63758	477.02601	424.75532	189.59944	413.79647	551.92733	539.53443	341.94337	511.05783	654.34421	541.31661	113.03293	93.31674	113.03293	14.05731	0.45818	59.61019	18.235	7.88E-05	2.6834	1.02E-05	1.33E+07	7.50E-08	27.682	182.79966	6.74E-05	0.00547	2.63E-05	2.40E-05
0.1684	15.38278	16.44089	25.64354	18.75474	23.60965	93.27048	3.44475	1.02735	0.31825	0.75711	0.54822	0.42424	0.0634	0.04785	0.02324	0.02324	0.146	91.423	2.09124	2.22066	nan	2.00838	nan	0.46844	0.2388	0.48314	2.80E-04	0.1769	0.0014	0.4644	0.47376	0.2777	48.23929	598.82739	634.64097	555.97243	656.24305	374.21237	579.98831	nan	514.31882	473.22277	431.73283	190.45524	414.3145	551.92184	539.19658	342.68188	512.0297	654.46741	541.28194	113.19107	93.36007	113.19107	14.04117	0.45766	59.60675	18.23395	7.88E-05	2.68407	1.02E-05	1.33E+07	7.51E-08	27.6816	182.59966	6.73E-05	0.00548	2.63E-05	2.40E-05
0.1688	15.36958	16.73329	24.54094	19.48824	23.69915	93.23522	3.45488	1.04208	0.3195	0.75283	0.55623	0.42887	0.0628	0.0477	0.02368	0.02368	0.147	91.34553	2.09787	2.25826	nan	2.00835	nan	0.47327	0.23827	0.49167	2.10E-04	0.1798	0.00147	0.45961	0.47751	0.27221	47.97541	598.18127	634.64973	555.95269	656.45075	375.69985	580.38708	nan	513.00005	469.41952	438.71034	191.31104	414.83253	551.91635	538.85873	343.42039	513.00156	654.59061	541.24727	113.3492	93.40341	113.3492	14.02504	0.45713	59.60331	18.2329	7.87E-05	2.68474	1.02E-05	1.33E+07	7.52E-08	27.6812	182.39966	6.72E-05	0.00549	2.62E-05	2.39E-05
0.1692	15.35638	17.02569	23.43833	20.22174	23.78865	93.19996	3.46501	1.05681	0.32075	0.74855	0.56424	0.4335	0.0622	0.04755	0.02412	0.02412	0.148	91.26806	2.1045	2.29586	nan	2.00832	nan	0.4781	0.23773	0.5002	1.40E-04	0.1827	0.00153	0.45482	0.48126	0.26672	47.71154	597.53515	634.65849	555.93295	656.65845	377.18733	580.78585	nan	511.68129	465.61627	445.68785	192.16685	415.35057	551.91087	538.52088	344.1589	513.97342	654.71381	541.21261	113.50733	93.44674	113.50733	14.00891	0.45661	59.59987	18.23185	7.87E-05	2.68541	1.02E-05	1.33E+07	7.53E-08	27.6808	182.19966	6.72E-05	0.00549	2.62E-05	2.39E-05
0.1696	15.34318	17.3181	22.33573	20.95524	23.87815	93.1647	3.47514	1.07154	0.322	0.74427	0.57225	0.43813	0.0616	0.0474	0.02456	0.02456	0.149	91.19059	2.11113	2.33346	nan	2.00829	nan	0.48293	0.2372	0.50873	6.99E-05	0.1856	0.0016	0.45003	0.48501	0.26123	47.44767	596.88902	634.66725	555.91321	656.86615	378.6748	581.18463	nan	510.36252	461.81303	452.66535	193.02265	415.8686	551.91498	538.18303	344.89741	514.94529	654.83701	541.17794	113.66547	93.49007	113.66547	13.99277	0.45609	59.59643	18.2308	7.87E-05	2.68608	1.02E-05	1.33E+07	7.54E-08	27.6804	181.99966	6.71E-05	0.0055	2.62E-05	2.39E-05
0.17	15.32925	17.61001	21.23587	21.68634	23.96852	93.12937	3.48537	1.08626	0.32326	0.74001	0.58023	0.44275	0.061	0.04725	0.025	0.025	0.15	91.11313	2.11787	2.37092	nan	2.00826	nan	0.48775	0.23681	0.51725	2.27E-07	0.18851	0.00167	0.44526	0.48877	0.25575	47.1856	596.24453	634.67485	555.89281	657.07306	380.15844	581.5834	nan	509.04825	458.01414	459.63002	193.87972	416.38744	551.92227	537.84516	345.64035	515.91388	654.96003	541.14329	113.8234	93.53132	113.8234	13.97694	0.45557	59.59292	18.22972	7.87E-05	2.68675	1.02E-05	1.33E+07	7.54E-08	27.68	181.79976	6.70E-05	0.00551	2.62E-05	2.39E-05
0.1704	14.88885	17.61681	21.747	21.00564	24.57103	93.05565	3.55404	1.09122	0.331	0.74598	0.57037	0.44126	0.06115	0.04744	0.02472	0.02472	0.15036	91.0402	2.18632	2.3251	nan	2.00823	nan	0.4858	0.31938	0.51756	1.34E-04	0.1925	0.00169	0.44877	0.49838	0.25803	47.97681	596.5552	633.9965	555.48985	656.8125	379.38893	581.98218	nan	510.37399	456.77411	459.05648	195.48216	417.38073	551.92956	537.49742	348.98449	514.9617	654.97683	541.11776	113.86527	92.34698	113.86527	14.13527	0.45615	59.54385	18.21471	7.86E-05	2.68641	1.02E-05	1.33E+07	7.55E-08	27.6772	181.65976	6.70E-05	0.00551	2.62E-05	2.39E-05
0.1708	14.44845	17.62361	22.25814	20.32494	25.17353	92.98192	3.62271	1.09619	0.33874	0.75196	0.56051	0.43978	0.06129	0.04763	0.02444	0.02444	0.15072	90.96727	2.25477	2.27927	nan	2.0082	nan	0.48385	0.40195	0.51787	2.67E-04	0.19649	0.00172	0.45228	0.50799	0.26031	48.76803	596.86586	633.31815	555.08688	656.55195	378.61942	582.38095	nan	511.69973	455.53409	458.48293	197.08459	418.37403	551.93685	537.14968	352.32862	514.00951	654.99363	541.09222	113.90714	91.16264	113.90714	14.2936	0.45673	59.49478	18.19969	7.86E-05	2.68608	1.02E-05	1.32E+07	7.56E-08	27.6744	181.51976	6.69E-05	0.00552	2.62E-05	2.39E-05
0.1712	14.00805	17.63041	22.76928	19.64423	25.77603	92.90819	3.69138	1.10115	0.34647	0.75793	0.55064	0.4383	0.06144	0.04782	0.02416	0.02416	0.15108	90.89434	2.32322	2.23344	nan	2.00817	nan	0.4819	0.48453	0.51818	4.00E-04	0.20049	0.00175	0.45579	0.5176	0.26258	49.55925	597.17653	632.6398	554.68391	656.29139	377.8499	582.77972	nan	513.02547	454.29406	457.90938	198.68702	419.36732	551.94414	536.80194	355.67275	513.05733	655.01043	541.06669	113.94901	89.97831	113.94901	14.45194	0.45732	59.44572	18.18467	7.85E-05	2.68574	1.02E-05	1.32E+07	7.57E-08	27.6716	181.37976	6.69E-05	0.00552	2.62E-05	2.39E-05
0.1716	13.56764	17.63721	23.28041	18.96353	26.37853	92.83447	3.76005	1.10611	0.35421	0.7639	0.54078	0.43681	0.06159	0.04801	0.02388	0.02388	0.15144	90.8214	2.39167	2.18761	nan	2.00814	nan	0.47995	0.5671	0.51849	5.34E-04	0.20448	0.00177	0.4593	0.52721	0.26486	50.35047	597.4872	631.96145	554.28094	656.03084	377.08039	583.1785	nan	514.35121	453.05403	457.33583	200.28946	420.36061	551.95144	536.45421	359.01689	512.10515	655.02723	541.04116	113.99087	88.79397	113.99087	14.61027	0.4579	59.39665	18.16966	7.84E-05	2.6854	1.02E-05	1.32E+07	7.58E-08	27.6688	181.23976	6.68E-05	0.00553	2.61E-05	2.39E-05
0.172	13.12724	17.64401	23.79155	18.28283	26.98104	92.76074	3.82872	1.11108	0.36195	0.76988	0.53092	0.43533	0.06173	0.0482	0.0236	0.0236	0.1518	90.74847	2.46012	2.14179	nan	2.00811	nan	0.478	0.64968	0.5188	6.67E-04	0.20847	0.0018	0.46281	0.53682	0.26714	51.14169	597.79787	631.2831	553.87797	655.77029	376.31088	583.57727	nan	515.67695	451.814	456.76228	201.89189	421.35391	551.95873	536.10647	362.36102	511.15296	655.04403	541.01562	114.03274	87.60963	114.03274	14.76861	0.45848	59.34758	18.15464	7.84E-05	2.68507	1.02E-05	1.32E+07	7.59E-08	27.666	181.09976	6.68E-05	0.00553	2.61E-05	2.38E-05
0.1724	12.68684	17.65081	24.30268	17.60213	27.58354	92.68701	3.89739	1.11604	0.36968	0.77585	0.52105	0.43385	0.06188	0.04839	0.02332	0.02332	0.15216	90.67554	2.52857	2.09596	nan	2.00808	nan	0.47605	0.73225	0.51911	8.00E-04	0.21247	0.00183	0.46632	0.54643	0.26941	51.93291	598.10854	630.60475	553.47501	655.50973	375.54136	583.97605	nan	517.00269	450.57397	456.18873	203.49432	422.3472	551.96602	535.75873	365.70515	510.20078	655.06083	540.99009	114.07461	86.42529	114.07461	14.92694	0.45907	59.29852	18.13962	7.83E-05	2.68473	1.02E-05	1.32E+07	7.60E-08	27.6632	180.95976	6.68E-05	0.00554	2.61E-05	2.38E-05
0.1728	12.24644	17.65761	24.81382	16.92142	28.18604	92.61329	3.96606	1.121	0.37742	0.78182	0.51119	0.43236	0.06203	0.04858	0.02304	0.02304	0.15252	90.60261	2.59702	2.05013	nan	2.00805	nan	0.4741	0.81482	0.51942	9.34E-04	0.21646	0.00185	0.46983	0.55604	0.27169	52.72413	598.4192	629.9264	553.07204	655.24918	374.77185	584.37482	nan	518.32842	449.33394	455.61518	205.09676	423.3405	551.97331	535.41099	369.04929	509.24859	655.07763	540.96456	114.11647	85.24095	114.11647	15.08527	0.45965	59.24945	18.12461	7.83E-05	2.68439	1.02E-05	1.32E+07	7.60E-08	27.6604	180.81976	6.67E-05	0.00554	2.61E-05	2.38E-05
0.1732	11.80604	17.66441	25.32495	16.24072	28.78854	92.53956	4.03473	1.12597	0.38516	0.7878	0.50133	0.43088	0.06217	0.04877	0.02276	0.02276	0.15288	90.52968	2.66547	2.00431	nan	2.00802	nan	0.47215	0.8974	0.51973	0.00107	0.22045	0.00188	0.47334	0.56565	0.27397	53.51535	598.72987	629.24805	552.66907	654.98862	374.00234	584.7736	nan	519.65416	448.09392	455.04163	206.69919	424.33379	551.9806	535.06325	372.39342	508.29641	655.09443	540.93902	114.15834	84.05662	114.15834	15.24361	0.46023	59.20038	18.10959	7.82E-05	2.68406	1.02E-05	1.32E+07	7.61E-08	27.6576	180.67976	6.67E-05	0.00555	2.61E-05	2.38E-05
0.1736	11.36564	17.67121	25.83609	15.56002	29.39105	92.46583	4.1034	1.13093	0.39289	0.79377	0.49146	0.4294	0.06232	0.04896	0.02248	0.02248	0.15324	90.45675	2.73392	1.95848	nan	2.00799	nan	0.4702	0.97997	0.52004	0.0012	0.22445	0.00191	0.47685	0.57526	0.27624	54.30657	599.04054	628.5697	552.2661	654.72807	373.23282	585.17237	nan	520.9799	446.85389	454.46808	208.30162	425.32708	551.9879	534.71552	375.73755	507.34423	655.11123	540.91349	114.20021	82.87228	114.20021	15.40194	0.46081	59.15131	18.09457	7.82E-05	2.68372	1.02E-05	1.32E+07	7.62E-08	27.6548	180.53976	6.67E-05	0.00555	2.61E-05	2.38E-05
0.174	10.92523	17.67801	26.34722	14.87932	29.99355	92.39211	4.17207	1.13589	0.40063	0.79974	0.4816	0.42791	0.06247	0.04915	0.0222	0.0222	0.1536	90.38382	2.80237	1.91265	nan	2.00796	nan	0.46825	1.06254	0.52035	0.00133	0.22844	0.00193	0.48036	0.58487	0.27852	55.09779	599.35121	627.89135	551.86313	654.46751	372.46331	585.57114	nan	522.30564	445.61386	453.89454	209.90405	426.32038	551.99519	534.36778	379.08169	506.39204	655.12803	540.88796	114.24207	81.68794	114.24207	15.56028	0.4614	59.10225	18.07956	7.81E-05	2.68338	1.02E-05	1.32E+07	7.63E-08	27.652	180.39976	6.66E-05	0.00556	2.60E-05	2.38E-05
0.1744	10.48483	17.68481	26.85836	14.19861	30.59605	92.31838	4.24074	1.14086	0.40837	0.80572	0.47174	0.42643	0.06261	0.04934	0.02192	0.02192	0.15396	90.31089	2.87082	1.86683	nan	2.00793	nan	0.4663	1.14512	0.52066	0.00147	0.23243	0.00196	0.48387	0.59448	0.2808	55.88901	599.66188	627.213	551.46016	654.20696	371.6938	585.96992	nan	523.63138	444.37383	453.32099	211.50649	427.31367	552.00248	534.02004	382.42582	505.43986	655.14483	540.86242	114.28394	80.5036	114.28394	15.71861	0.46198	59.05318	18.06454	7.81E-05	2.68305	1.02E-05	1.31E+07	7.64E-08	27.6492	180.25976	6.66E-05	0.00556	2.60E-05	2.37E-05
0.1748	10.04443	17.69161	27.36949	13.51791	31.19855	92.24465	4.30941	1.14582	0.4161	0.81169	0.46187	0.42495	0.06276	0.04953	0.02164	0.02164	0.15432	90.23796	2.93927	1.821	nan	2.0079	nan	0.46435	1.22769	0.52097	0.0016	0.23643	0.00199	0.48738	0.60409	0.28307	56.68023	599.97254	626.53465	551.0572	653.9464	370.92428	586.36869	nan	524.95712	443.1338	452.74744	213.10892	428.30697	552.00977	533.6723	385.76995	504.48768	655.16163	540.83689	114.32581	79.31926	114.32581	15.87694	0.46256	59.00411	18.04952	7.80E-05	2.68271	1.02E-05	1.31E+07	7.65E-08	27.6464	180.11976	6.66E-05	0.00557	2.60E-05	2.37E-05
0.1752	9.60403	17.69841	27.88063	12.83721	31.80106	92.17092	4.37808	1.15078	0.42384	0.81766	0.45201	0.42346	0.06291	0.04972	0.02136	0.02136	0.15468	90.16503	3.00772	1.77517	nan	2.00787	nan	0.4624	1.31026	0.52128	0.00173	0.24042	0.00201	0.49089	0.6137	0.28535	57.47145	600.28321	625.8563	550.65423	653.68585	370.15477	586.76747	nan	526.28286	441.89377	452.17389	214.71135	429.30026	552.01706	533.32456	389.11409	503.53549	655.17843	540.81136	114.36767	78.13493	114.36767	16.03528	0.46314	58.95505	18.03451	7.79E-05	2.68237	1.02E-05	1.31E+07	7.66E-08	27.6436	179.97975	6.65E-05	0.00558	2.60E-05	2.37E-05
0.1756	9.16363	17.70521	28.39176	12.1565	32.40356	92.0972	4.44675	1.15575	0.43158	0.82364	0.44215	0.42198	0.06305	0.04991	0.02108	0.02108	0.15504	90.0921	3.07617	1.72935	nan	2.00784	nan	0.46045	1.39284	0.52159	0.00187	0.24441	0.00204	0.4944	0.62331	0.28763	58.26267	600.59388	625.17796	550.25126	653.4253	369.38526	587.16624	nan	527.60859	440.65375	451.60034	216.31379	430.29355	552.02435	532.97683	392.45822	502.58331	655.19523	540.78582	114.40954	76.95059	114.40954	16.19361	0.46373	58.90598	18.01949	7.79E-05	2.68204	1.02E-05	1.31E+07	7.66E-08	27.6408	179.83975	6.65E-05	0.00558	2.60E-05	2.37E-05
0.176	8.72322	17.71201	28.9029	11.4758	33.00606	92.02347	4.51542	1.16071	0.43931	0.82961	0.43228	0.4205	0.0632	0.0501	0.0208	0.0208	0.1554	90.01917	3.14462	1.68352	nan	2.00781	nan	0.4585	1.47541	0.5219	0.002	0.24841	0.00207	0.49791	0.63292	0.2899	59.05389	600.90455	624.49961	549.84829	653.16474	368.61575	587.56501	nan	528.93433	439.41372	451.02679	217.91622	431.28685	552.03165	532.62909	395.80235	501.63112	655.21203	540.76029	114.45141	75.76625	114.45141	16.35195	0.46431	58.85691	18.00447	7.78E-05	2.6817	1.02E-05	1.31E+07	7.67E-08	27.638	179.69975	6.64E-05	0.00559	2.59E-05	2.37E-05
0.1764	8.28282	17.71881	29.41403	10.7951	33.60856	91.94974	4.58409	1.16567	0.44705	0.83558	0.42242	0.41901	0.06335	0.05029	0.02052	0.02052	0.15576	89.94624	3.21307	1.63769	nan	2.00778	nan	0.45655	1.55799	0.52221	0.00213	0.2524	0.00209	0.50142	0.64253	0.29218	59.84511	601.21521	623.82126	549.44532	652.90419	367.84623	587.96379	nan	530.26007	438.17369	450.45324	219.51865	432.28014	552.03894	532.28135	399.14649	500.67894	655.22883	540.73475	114.49327	74.58191	114.49327	16.51028	0.46489	58.80785	17.98946	7.78E-05	2.68136	1.02E-05	1.31E+07	7.68E-08	27.6352	179.55975	6.64E-05	0.00559	2.59E-05	2.37E-05
0.1768	7.84242	17.72561	29.92517	10.1144	34.21107	91.87602	4.65276	1.17064	0.45479	0.84156	0.41256	0.41753	0.06349	0.05048	0.02024	0.02024	0.15612	89.87331	3.28152	1.59187	nan	2.00775	nan	0.4546	1.64056	0.52252	0.00227	0.25639	0.00212	0.50493	0.65214	0.29446	60.63633	601.52588	623.14291	549.04235	652.64363	367.07672	588.36256	nan	531.58581	436.93366	449.87969	221.12109	433.27344	552.04623	531.93361	402.49062	499.72676	655.24563	540.70922	114.53514	73.39757	114.53514	16.66861	0.46548	58.75878	17.97444	7.77E-05	2.68103	1.02E-05	1.31E+07	7.69E-08	27.6324	179.41975	6.64E-05	0.0056	2.59E-05	2.36E-05
0.1772	7.40202	17.73241	30.43631	9.43369	34.81357	91.80229	4.72143	1.1756	0.46252	0.84753	0.40269	0.41605	0.06364	0.05067	0.01996	0.01996	0.15648	89.80038	3.34997	1.54604	nan	2.00772	nan	0.45265	1.72313	0.52283	0.0024	0.26039	0.00215	0.50844	0.66175	0.29673	61.42755	601.83655	622.46456	548.63939	652.38308	366.30721	588.76134	nan	532.91155	435.69363	449.30614	222.72352	434.26673	552.05352	531.58587	405.83475	498.77457	655.26243	540.68369	114.57701	72.21323	114.57701	16.82695	0.46606	58.70971	17.95942	7.77E-05	2.68069	1.02E-05	1.31E+07	7.70E-08	27.6296	179.27975	6.63E-05	0.0056	2.59E-05	2.36E-05
0.1776	6.96162	17.73921	30.94744	8.75299	35.41607	91.72856	4.7901	1.18056	0.47026	0.8535	0.39283	0.41456	0.06379	0.05086	0.01968	0.01968	0.15684	89.72745	3.41842	1.50021	nan	2.00769	nan	0.4507	1.80571	0.52314	0.00253	0.26438	0.00217	0.51195	0.67136	0.29901	62.21877	602.14722	621.78621	548.23642	652.12252	365.53769	589.16011	nan	534.23729	434.4536	448.73259	224.32595	435.26002	552.06081	531.23814	409.17889	497.82239	655.27923	540.65815	114.61887	71.0289	114.61887	16.98528	0.46664	58.66065	17.94441	7.76E-05	2.68035	1.02E-05	1.31E+07	7.71E-08	27.6268	179.13975	6.63E-05	0.00561	2.59E-05	2.36E-05
0.178	6.52122	17.74601	31.45858	8.07229	36.01857	91.65484	4.85877	1.18553	0.478	0.85948	0.38297	0.41308	0.06393	0.05105	0.0194	0.0194	0.1572	89.65452	3.48687	1.45439	nan	2.00766	nan	0.44875	1.88828	0.52345	0.00267	0.26837	0.0022	0.51546	0.68097	0.30129	63.00999	602.45789	621.10786	547.83345	651.86197	364.76818	589.55888	nan	535.56303	433.21358	448.15905	225.92839	436.25332	552.06811	530.8904	412.52302	496.87021	655.29603	540.63262	114.66074	69.84456	114.66074	17.14362	0.46722	58.61158	17.92939	7.76E-05	2.68002	1.02E-05	1.31E+07	7.72E-08	27.624	178.99975	6.63E-05	0.00561	2.58E-05	2.36E-05
0.1784	6.08081	17.75281	31.96971	7.39159	36.62107	91.58111	4.92744	1.19049	0.48573	0.86545	0.3731	0.4116	0.06408	0.05124	0.01912	0.01912	0.15756	89.58159	3.55532	1.40856	nan	2.00763	nan	0.4468	1.97085	0.52376	0.0028	0.27237	0.00223	0.51897	0.69058	0.30356	63.80121	602.76855	620.42951	547.43048	651.60142	363.99867	589.95766	nan	536.88877	431.97355	447.5855	227.53082	437.24661	552.0754	530.54266	415.86715	495.91802	655.31283	540.60709	114.70261	68.66022	114.70261	17.30195	0.46781	58.56251	17.91437	7.75E-05	2.67968	1.02E-05	1.30E+07	7.72E-08	27.6212	178.85975	6.62E-05	0.00562	2.58E-05	2.36E-05
0.1788	5.64041	17.75961	32.48085	6.71088	37.22358	91.50738	4.99611	1.19545	0.49347	0.87142	0.36324	0.41011	0.06423	0.05143	0.01884	0.01884	0.15792	89.50866	3.62377	1.36273	nan	2.0076	nan	0.44485	2.05343	0.52407	0.00293	0.27636	0.00225	0.52248	0.70019	0.30584	64.59243	603.07922	619.75116	547.02751	651.34086	363.22915	590.35643	nan	538.2145	430.73352	447.01195	229.13325	438.23991	552.08269	530.19492	419.21129	494.96584	655.32963	540.58155	114.74447	67.47588	114.74447	17.46028	0.46839	58.51345	17.89936	7.74E-05	2.67934	1.02E-05	1.30E+07	7.73E-08	27.61839	178.71975	6.62E-05	0.00562	2.58E-05	2.35E-05
0.1792	5.20001	17.76641	32.99198	6.03018	37.82608	91.43365	5.06478	1.20042	0.50121	0.8774	0.35338	0.40863	0.06437	0.05162	0.01856	0.01856	0.15828	89.43573	3.69222	1.3169	nan	2.00757	nan	0.4429	2.136	0.52438	0.00307	0.28035	0.00228	0.52599	0.7098	0.30812	65.38365	603.38989	619.07281	546.62454	651.08031	362.45964	590.75521	nan	539.54024	429.49349	446.4384	230.73568	439.2332	552.08998	529.84718	422.55542	494.01365	655.34643	540.55602	114.78634	66.29154	114.78634	17.61862	0.46897	58.46438	17.88434	7.74E-05	2.67901	1.02E-05	1.30E+07	7.74E-08	27.61559	178.57975	6.61E-05	0.00563	2.58E-05	2.35E-05
0.1796	4.75961	17.77321	33.50312	5.34948	38.42858	91.35993	5.13345	1.20538	0.50894	0.88337	0.34351	0.40715	0.06452	0.05181	0.01828	0.01828	0.15864	89.3628	3.76067	1.27108	nan	2.00754	nan	0.44095	2.21857	0.52469	0.0032	0.28435	0.00231	0.5295	0.71941	0.31039	66.17487	603.70056	618.39446	546.22158	650.81975	361.69013	591.15398	nan	540.86598	428.25346	445.86485	232.33812	440.22649	552.09727	529.49945	425.89955	493.06147	655.36323	540.53049	114.82821	65.10721	114.82821	17.77695	0.46955	58.41531	17.86932	7.73E-05	2.67867	1.02E-05	1.30E+07	7.75E-08	27.61279	178.43975	6.61E-05	0.00563	2.58E-05	2.35E-05
0.18	4.32217	17.77979	34.01265	4.67064	39.02808	91.28658	5.20179	1.21031	0.51664	0.88933	0.33369	0.40566	0.06467	0.052	0.018	0.018	0.159	89.29025	3.8288	1.22539	nan	2.00751	nan	0.43899	2.30084	0.52501	0.00333	0.28833	0.00233	0.53299	0.72897	0.31266	66.96285	604.01104	617.71898	545.81714	650.55971	360.92237	591.55276	nan	542.1893	427.01831	445.29735	233.93659	441.21663	552.10456	529.15322	429.22893	492.10928	655.38012	540.50481	114.87032	63.92746	114.87032	17.9345	0.47014	58.3665	17.85438	7.73E-05	2.67833	1.02E-05	1.30E+07	7.76E-08	27.61001	178.30065	6.61E-05	0.00564	2.58E-05	2.35E-05
0.1804	5.52497	17.66513	33.63044	5.02878	37.96381	91.42421	5.0825	1.19627	0.50308	0.88511	0.34433	0.40406	0.06527	0.05201	0.01817	0.01817	0.15827	89.43039	3.71853	1.2567	nan	2.00748	nan	0.43205	2.21206	0.5292	0.00343	0.28723	0.00231	0.52829	0.71405	0.30914	65.95228	604.21953	618.63635	544.59928	650.58252	361.12799	591.95153	nan	542.17252	428.48642	448.08699	233.34014	440.45461	552.11186	529.64318	424.37266	491.15404	655.44742	540.39731	115.04532	65.29216	115.04532	17.6574	0.47117	58.45749	17.88222	7.74E-05	2.67843	1.02E-05	1.30E+07	7.74E-08	27.61474	178.65931	6.62E-05	0.00563	2.58E-05	2.35E-05
0.1808	6.72777	17.55046	33.24824	5.38691	36.89954	91.56185	4.96321	1.18223	0.48952	0.88089	0.35497	0.40245	0.06587	0.05201	0.01835	0.01835	0.15755	89.57052	3.60825	1.28802	nan	2.00745	nan	0.42512	2.12328	0.53339	0.00352	0.28612	0.00229	0.52359	0.69913	0.30562	64.94171	604.42802	619.55373	543.38142	650.60533	361.33361	592.3503	nan	542.15574	429.95452	450.87663	232.74369	439.69259	552.11915	530.13315	419.51639	490.19879	655.51472	540.28981	115.22032	66.65687	115.22032	17.3803	0.47221	58.54848	17.91006	7.75E-05	2.67852	1.02E-05	1.31E+07	7.72E-08	27.61948	179.01798	6.63E-05	0.00562	2.58E-05	2.36E-05
0.1812	7.93058	17.43579	32.86604	5.74505	35.83527	91.69948	4.84392	1.16819	0.47596	0.87667	0.36561	0.40084	0.06647	0.05202	0.01852	0.01852	0.15682	89.71065	3.49798	1.31933	nan	2.00742	nan	0.41818	2.0345	0.53758	0.00361	0.28502	0.00226	0.51889	0.68421	0.3021	63.93114	604.6365	620.4711	542.16357	650.62815	361.53923	592.74908	nan	542.13895	431.42263	453.66627	232.14725	438.93057	552.12644	530.62312	414.66013	489.24355	655.58202	540.18231	115.39532	68.02157	115.39532	17.1032	0.47325	58.63948	17.9379	7.76E-05	2.67861	1.02E-05	1.31E+07	7.71E-08	27.62421	179.37665	6.64E-05	0.0056	2.59E-05	2.36E-05
0.1816	9.13338	17.32113	32.48384	6.10318	34.771	91.83712	4.72464	1.15415	0.4624	0.87245	0.37625	0.39924	0.06707	0.05203	0.01869	0.01869	0.15609	89.85079	3.38771	1.35064	nan	2.00739	nan	0.41124	1.94572	0.54177	0.00371	0.28392	0.00224	0.51419	0.66929	0.29858	62.92056	604.84499	621.38847	540.94571	650.65096	361.74485	593.14785	nan	542.12217	432.89074	456.45591	231.5508	438.16855	552.13373	531.11309	409.80386	488.28831	655.64932	540.0748	115.57032	69.38628	115.57032	16.8261	0.47428	58.73047	17.96574	7.77E-05	2.67871	1.02E-05	1.31E+07	7.69E-08	27.62894	179.73532	6.65E-05	0.00559	2.59E-05	2.36E-05
0.182	10.33619	17.20646	32.10164	6.46132	33.70673	91.97475	4.60535	1.14011	0.44884	0.86823	0.38689	0.39763	0.06767	0.05203	0.01887	0.01887	0.15537	89.99092	3.27743	1.38196	nan	2.00736	nan	0.40431	1.85694	0.54596	0.0038	0.28281	0.00222	0.50949	0.65437	0.29506	61.90999	605.05348	622.30584	539.72785	650.67377	361.95047	593.54663	nan	542.10539	434.35885	459.24554	230.95435	437.40653	552.14102	531.60306	404.94759	487.33306	655.71662	539.9673	115.74532	70.75098	115.74532	16.549	0.47532	58.82147	17.99358	7.78E-05	2.6788	1.02E-05	1.31E+07	7.67E-08	27.63368	180.09399	6.66E-05	0.00558	2.59E-05	2.37E-05
0.1824	11.53899	17.09179	31.71944	6.81945	32.64246	92.11238	4.48606	1.12607	0.43528	0.86401	0.39753	0.39602	0.06827	0.05204	0.01904	0.01904	0.15464	90.13106	3.16716	1.41327	nan	2.00733	nan	0.39737	1.76816	0.55015	0.00389	0.28171	0.00219	0.50479	0.63945	0.29154	60.89942	605.26197	623.22321	538.50999	650.69659	362.1561	593.9454	nan	542.0886	435.82695	462.03518	230.3579	436.64451	552.14831	532.09303	400.09133	486.37782	655.78392	539.8598	115.92032	72.11569	115.92032	16.27189	0.47635	58.91246	18.02142	7.79E-05	2.67889	1.02E-05	1.32E+07	7.65E-08	27.63841	180.45265	6.67E-05	0.00557	2.60E-05	2.37E-05
0.1828	12.7418	16.97712	31.33723	7.17759	31.57819	92.25002	4.36678	1.11203	0.42172	0.85979	0.40817	0.39442	0.06887	0.05205	0.01921	0.01921	0.15391	90.27119	3.05689	1.44458	nan	2.0073	nan	0.39044	1.67938	0.55434	0.00399	0.28061	0.00217	0.50009	0.62453	0.28802	59.88885	605.47045	624.14058	537.29213	650.7194	362.36172	594.34417	nan	542.07182	437.29506	464.82482	229.76145	435.8825	552.15561	532.583	395.23506	485.42257	655.85122	539.7523	116.09532	73.48039	116.09532	15.99479	0.47739	59.00345	18.04926	7.80E-05	2.67899	1.02E-05	1.32E+07	7.64E-08	27.64314	180.81132	6.68E-05	0.00556	2.60E-05	2.37E-05
0.1832	13.9446	16.86246	30.95503	7.53572	30.51392	92.38765	4.24749	1.09799	0.40816	0.85557	0.41881	0.39281	0.06947	0.05205	0.01939	0.01939	0.15319	90.41132	2.94661	1.4759	nan	2.00727	nan	0.3835	1.5906	0.55853	0.00408	0.2795	0.00215	0.49539	0.60961	0.2845	58.87828	605.67894	625.05795	536.07428	650.74222	362.56734	594.74295	nan	542.05504	438.76317	467.61446	229.165	435.12048	552.1629	533.07296	390.3788	484.46733	655.91852	539.6448	116.27032	74.8451	116.27032	15.71769	0.47842	59.09445	18.0771	7.82E-05	2.67908	1.02E-05	1.32E+07	7.62E-08	27.64788	181.16999	6.70E-05	0.00555	2.61E-05	2.38E-05
0.1836	15.14741	16.74779	30.57283	7.89386	29.44965	92.52529	4.1282	1.08395	0.3946	0.85135	0.42945	0.3912	0.07007	0.05206	0.01956	0.01956	0.15246	90.55146	2.83634	1.50721	nan	2.00724	nan	0.37656	1.50182	0.56272	0.00417	0.2784	0.00212	0.49069	0.59469	0.28098	57.86771	605.88743	625.97532	534.85642	650.76503	362.77296	595.14172	nan	542.03825	440.23127	470.4041	228.56855	434.35846	552.17019	533.56293	385.52253	483.51209	655.98582	539.5373	116.44532	76.20981	116.44532	15.44059	0.47946	59.18544	18.10494	7.83E-05	2.67917	1.02E-05	1.32E+07	7.60E-08	27.65261	181.52866	6.71E-05	0.00553	2.61E-05	2.38E-05
0.184	16.35021	16.63312	30.19063	8.25199	28.38538	92.66292	4.00891	1.06991	0.38104	0.84713	0.44009	0.3896	0.07067	0.05207	0.01973	0.01973	0.15173	90.69159	2.72606	1.53852	nan	2.00721	nan	0.36963	1.41304	0.56691	0.00427	0.2773	0.0021	0.48599	0.57977	0.27746	56.85714	606.09592	626.89269	533.63856	650.78784	362.97858	595.5405	nan	542.02147	441.69938	473.19373	227.9721	433.59644	552.17748	534.0529	380.66626	482.55684	656.05312	539.4298	116.62032	77.57451	116.62032	15.16349	0.4805	59.27643	18.13278	7.84E-05	2.67927	1.02E-05	1.33E+07	7.58E-08	27.65734	181.88733	6.72E-05	0.00552	2.61E-05	2.38E-05
0.1844	17.55302	16.51846	29.80843	8.61013	27.3211	92.80055	3.88963	1.05587	0.36748	0.84291	0.45073	0.38799	0.07127	0.05207	0.01991	0.01991	0.15101	90.83173	2.61579	1.56984	nan	2.00718	nan	0.36269	1.32426	0.5711	0.00436	0.27619	0.00208	0.48129	0.56485	0.27394	55.84657	606.3044	627.81006	532.4207	650.81066	363.1842	595.93927	nan	542.00469	443.16749	475.98337	227.37565	432.83442	552.18477	534.54287	375.81	481.6016	656.12042	539.3223	116.79532	78.93922	116.79532	14.88639	0.48153	59.36743	18.16062	7.85E-05	2.67936	1.02E-05	1.33E+07	7.57E-08	27.66208	182.24599	6.73E-05	0.00551	2.62E-05	2.39E-05
0.1848	18.75582	16.40379	29.42623	8.96826	26.25683	92.93819	3.77034	1.04183	0.35392	0.83869	0.46137	0.38638	0.07187	0.05208	0.02008	0.02008	0.15028	90.97186	2.50552	1.60115	nan	2.00715	nan	0.35576	1.23548	0.57529	0.00445	0.27509	0.00205	0.47659	0.54993	0.27042	54.836	606.51289	628.72743	531.20284	650.83347	363.38982	596.33804	nan	541.9879	444.6356	478.77301	226.7792	432.0724	552.19207	535.03284	370.95373	480.64635	656.18772	539.2148	116.97032	80.30392	116.97032	14.60929	0.48257	59.45842	18.18846	7.86E-05	2.67945	1.02E-05	1.33E+07	7.55E-08	27.66681	182.60466	6.74E-05	0.0055	2.62E-05	2.39E-05
0.1852	19.95863	16.28912	29.04403	9.3264	25.19256	93.07582	3.65105	1.02779	0.34036	0.83447	0.47201	0.38478	0.07247	0.05209	0.02025	0.02025	0.14955	91.11199	2.39524	1.63246	nan	2.00712	nan	0.34882	1.1467	0.57948	0.00455	0.27399	0.00203	0.47189	0.53501	0.2669	53.82543	606.72138	629.6448	529.98498	650.85628	363.59544	596.73682	nan	541.97112	446.1037	481.56265	226.18276	431.31038	552.19936	535.52281	366.09747	479.69111	656.25502	539.1073	117.14532	81.66863	117.14532	14.33219	0.4836	59.54942	18.2163	7.87E-05	2.67955	1.02E-05	1.33E+07	7.53E-08	27.67154	182.96333	6.75E-05	0.00549	2.62E-05	2.39E-05
0.1856	21.16143	16.17445	28.66182	9.68453	24.12829	93.21346	3.53177	1.01375	0.3268	0.83025	0.48265	0.38317	0.07307	0.05209	0.02043	0.02043	0.14883	91.25213	2.28497	1.66378	nan	2.00709	nan	0.34188	1.05792	0.58367	0.00464	0.27288	0.00201	0.46719	0.52009	0.26338	52.81486	606.92987	630.56217	528.76713	650.8791	363.80106	597.13559	nan	541.95434	447.57181	484.35228	225.58631	430.54836	552.20665	536.01278	361.2412	478.73587	656.32232	538.9998	117.32032	83.03333	117.32032	14.05509	0.48464	59.64041	18.24415	7.88E-05	2.67964	1.02E-05	1.34E+07	7.51E-08	27.67628	183.322	6.76E-05	0.00548	2.63E-05	2.40E-05
0.186	22.36424	16.05979	28.27962	10.04267	23.06402	93.35109	3.41248	0.99971	0.31324	0.82603	0.49329	0.38156	0.07367	0.0521	0.0206	0.0206	0.1481	91.39226	2.17469	1.69509	nan	2.00706	nan	0.33495	0.96913	0.58786	0.00473	0.27178	0.00198	0.46249	0.50517	0.25986	51.80429	607.13835	631.47954	527.54927	650.90191	364.00668	597.53437	nan	541.93755	449.03992	487.14192	224.98986	429.78634	552.21394	536.50274	356.38493	477.78062	656.38963	538.8923	117.49533	84.39804	117.49533	13.77798	0.48567	59.7314	18.27199	7.89E-05	2.67973	1.02E-05	1.34E+07	7.50E-08	27.68101	183.68067	6.77E-05	0.00546	2.63E-05	2.40E-05
0.1864	23.56704	15.94512	27.89742	10.4008	21.99975	93.48872	3.29319	0.98567	0.29968	0.82181	0.50393	0.37996	0.07427	0.05211	0.02077	0.02077	0.14737	91.53239	2.06442	1.72641	nan	2.00703	nan	0.32801	0.88035	0.59205	0.00483	0.27068	0.00196	0.45779	0.49025	0.25634	50.79372	607.34684	632.39691	526.33141	650.92472	364.2123	597.93314	nan	541.92077	450.50802	489.93156	224.39341	429.02432	552.22123	536.99271	351.52867	476.82538	656.45693	538.7848	117.67033	85.76274	117.67033	13.50088	0.48671	59.8224	18.29983	7.90E-05	2.67983	1.02E-05	1.34E+07	7.48E-08	27.68574	184.03934	6.78E-05	0.00545	2.63E-05	2.40E-05
0.1868	24.76985	15.83045	27.51522	10.75894	20.93548	93.62636	3.1739	0.97163	0.28612	0.81759	0.51457	0.37835	0.07487	0.05211	0.02095	0.02095	0.14665	91.67253	1.95415	1.75772	nan	2.007	nan	0.32108	0.79157	0.59624	0.00492	0.26957	0.00194	0.45309	0.47533	0.25282	49.78315	607.55533	633.31428	525.11355	650.94754	364.41792	598.33192	nan	541.90399	451.97613	492.7212	223.79696	428.2623	552.22852	537.48268	346.6724	475.87014	656.52423	538.6773	117.84533	87.12745	117.84533	13.22378	0.48774	59.91339	18.32767	7.91E-05	2.67992	1.02E-05	1.35E+07	7.46E-08	27.69048	184.398	6.80E-05	0.00544	2.64E-05	2.41E-05
0.1872	25.97265	15.71579	27.13302	11.11707	19.87121	93.76399	3.05462	0.95759	0.27256	0.81337	0.52521	0.37674	0.07547	0.05212	0.02112	0.02112	0.14592	91.81266	1.84387	1.78903	nan	2.00697	nan	0.31414	0.70279	0.60043	0.00501	0.26847	0.00191	0.44839	0.46041	0.2493	48.77257	607.76382	634.23165	523.89569	650.97035	364.62354	598.73069	nan	541.8872	453.44424	495.51084	223.20051	427.50029	552.23582	537.97265	341.81614	474.91489	656.59153	538.5698	118.02033	88.49215	118.02033	12.94668	0.48878	60.00438	18.35551	7.93E-05	2.68001	1.02E-05	1.35E+07	7.44E-08	27.69521	184.75667	6.81E-05	0.00543	2.64E-05	2.41E-05
0.1876	27.17546	15.60112	26.75082	11.47521	18.80694	93.90162	2.93533	0.94355	0.259	0.80915	0.53585	0.37514	0.07607	0.05213	0.02129	0.02129	0.14519	91.9528	1.7336	1.82035	nan	2.00694	nan	0.3072	0.61401	0.60462	0.00511	0.26737	0.00189	0.44369	0.44549	0.24578	47.762	607.9723	635.14902	522.67784	650.99316	364.82917	599.12946	nan	541.87042	454.91235	498.30047	222.60406	426.73827	552.24311	538.46262	336.95987	473.95965	656.65883	538.4623	118.19533	89.85686	118.19533	12.66958	0.48982	60.09538	18.38335	7.94E-05	2.68011	1.02E-05	1.35E+07	7.43E-08	27.69994	185.11534	6.82E-05	0.00542	2.65E-05	2.41E-05
0.188	28.37826	15.48645	26.36861	11.83334	17.74267	94.03926	2.81604	0.92951	0.24544	0.80493	0.54649	0.37353	0.07667	0.05213	0.02147	0.02147	0.14447	92.09293	1.62333	1.85166	nan	2.00691	nan	0.30027	0.52523	0.60881	0.0052	0.26626	0.00187	0.43899	0.43057	0.24226	46.75143	608.18079	636.06639	521.45998	651.01598	365.03479	599.52824	nan	541.85364	456.38045	501.09011	222.00761	425.97625	552.2504	538.95259	332.1036	473.0044	656.72613	538.3548	118.37033	91.22157	118.37033	12.39248	0.49085	60.18637	18.41119	7.95E-05	2.6802	1.02E-05	1.35E+07	7.41E-08	27.70468	185.47401	6.83E-05	0.00541	2.65E-05	2.42E-05
0.1884	29.58107	15.37178	25.98641	12.19147	16.67839	94.17689	2.69676	0.91547	0.23188	0.80071	0.55713	0.37192	0.07727	0.05214	0.02164	0.02164	0.14374	92.23306	1.51305	1.88297	nan	2.00688	nan	0.29333	0.43645	0.613	0.00529	0.26516	0.00184	0.43429	0.41565	0.23874	45.74086	608.38928	636.98376	520.24212	651.03879	365.24041	599.92701	nan	541.83685	457.84856	503.87975	221.41116	425.21423	552.25769	539.44256	327.24734	472.04916	656.79343	538.2473	118.54533	92.58627	118.54533	12.11538	0.49189	60.27736	18.43903	7.96E-05	2.68029	1.02E-05	1.36E+07	7.39E-08	27.70941	185.83268	6.84E-05	0.00539	2.65E-05	2.42E-05
0.1888	30.78387	15.25712	25.60421	12.54961	15.61412	94.31453	2.57747	0.90143	0.21832	0.79649	0.56777	0.37032	0.07787	0.05215	0.02181	0.02181	0.14301	92.3732	1.40278	1.91429	nan	2.00685	nan	0.28639	0.34767	0.61719	0.00539	0.26406	0.00182	0.42959	0.40073	0.23522	44.73029	608.59777	637.90113	519.02426	651.0616	365.44603	600.32579	nan	541.82007	459.31667	506.66939	220.81471	424.45221	552.26498	539.93253	322.39107	471.09392	656.86073	538.1398	118.72033	93.95098	118.72033	11.83828	0.49292	60.36836	18.46687	7.97E-05	2.68039	1.02E-05	1.36E+07	7.37E-08	27.71414	186.19134	6.85E-05	0.00538	2.66E-05	2.42E-05
0.1892	31.98668	15.14245	25.22201	12.90774	14.54985	94.45216	2.45818	0.88739	0.20476	0.79227	0.57841	0.36871	0.07847	0.05215	0.02199	0.02199	0.14229	92.51333	1.2925	1.9456	nan	2.00682	nan	0.27946	0.25889	0.62138	0.00548	0.26295	0.0018	0.42489	0.38581	0.2317	43.71972	608.80625	638.8185	517.8064	651.08442	365.65165	600.72456	nan	541.80328	460.78477	509.45902	220.21826	423.69019	552.27228	540.42249	317.53481	470.13867	656.92803	538.0323	118.89533	95.31568	118.89533	11.56118	0.49396	60.45935	18.49471	7.98E-05	2.68048	1.02E-05	1.36E+07	7.36E-08	27.71888	186.55001	6.86E-05	0.00537	2.66E-05	2.43E-05
0.1896	33.18948	15.02778	24.83981	13.26588	13.48558	94.58979	2.33889	0.87335	0.1912	0.78805	0.58905	0.3671	0.07907	0.05216	0.02216	0.02216	0.14156	92.65347	1.18223	1.97691	nan	2.00679	nan	0.27252	0.17011	0.62557	0.00557	0.26185	0.00177	0.42019	0.37089	0.22818	42.70915	609.01474	639.73587	516.58854	651.10723	365.85727	601.12333	nan	541.7865	462.25288	512.24866	219.62182	422.92817	552.27957	540.91246	312.67854	469.18343	656.99533	537.9248	119.07033	96.68039	119.07033	11.28407	0.49499	60.55035	18.52255	7.99E-05	2.68057	1.02E-05	1.36E+07	7.34E-08	27.72361	186.90868	6.87E-05	0.00536	2.66E-05	2.43E-05
0.19	34.38739	14.91221	24.46397	13.62237	12.42239	94.7274	2.21971	0.85927	0.17765	0.78383	0.59964	0.36549	0.07967	0.05217	0.02233	0.02233	0.14083	92.79364	1.07209	2.00806	nan	2.00676	nan	0.2656	0.0815	0.62973	0.00567	0.26074	0.00175	0.4155	0.356	0.22465	41.69876	609.22406	640.65248	515.34197	651.12902	366.05085	601.52211	nan	541.76915	463.71498	515.02931	219.02544	422.15609	552.28686	541.39952	307.83586	468.21674	657.06236	537.81773	119.24463	98.04248	119.24463	11.00735	0.49605	60.64102	18.55029	8.00E-05	2.68066	1.02E-05	1.37E+07	7.32E-08	27.72834	187.26789	6.88E-05	0.00535	2.67E-05	2.43E-05
0.1904	33.01298	14.32328	27.43085	13.11423	11.92666	94.85007	2.15736	0.8277	0.17071	0.78268	0.58798	0.35927	0.07956	0.05208	0.02148	0.02148	0.13795	92.9531	1.0292	1.95201	nan	2.00673	nan	0.26498	0.08198	0.62138	0.00573	0.25798	0.00176	0.41316	0.35444	0.21835	40.7837	609.87219	641.17007	499.01026	650.6121	359.92177	601.92088	nan	541.45588	462.02225	513.08557	218.46867	416.09872	552.29415	540.35561	310.13261	461.23571	656.98858	537.93992	119.04866	98.03143	119.04866	10.92954	0.50552	60.56353	18.52659	8.01E-05	2.67948	1.02E-05	1.37E+07	7.30E-08	27.7308	187.90922	6.91E-05	0.00533	2.67E-05	2.44E-05
0.1908	31.63858	13.73434	30.39773	12.6061	11.43092	94.97275	2.09501	0.79613	0.16376	0.78152	0.57631	0.35305	0.07945	0.05199	0.02063	0.02063	0.13508	93.11257	0.98631	1.89597	nan	2.0067	nan	0.26436	0.08246	0.61303	0.0058	0.25521	0.00176	0.41082	0.35288	0.21204	39.86863	610.52032	641.68765	482.67856	650.09517	353.79269	602.31966	nan	541.1426	460.32951	511.14182	217.91191	410.04135	552.30144	539.31171	312.42936	454.25468	656.91479	538.0621	118.85269	98.02038	118.85269	10.85172	0.51499	60.48605	18.5029	8.02E-05	2.67829	1.02E-05	1.38E+07	7.28E-08	27.73327	188.55056	6.93E-05	0.00531	2.67E-05	2.44E-05
0.1912	30.26417	13.14541	33.36461	12.09796	10.93519	95.09542	2.03265	0.76455	0.15681	0.78037	0.56464	0.34683	0.07935	0.05191	0.01977	0.01977	0.13221	93.27204	0.94342	1.83992	nan	2.00667	nan	0.26374	0.08294	0.60468	0.00587	0.25245	0.00177	0.40848	0.35132	0.20573	38.95357	611.16845	642.20523	466.34685	649.57825	347.6636	602.71843	nan	540.82933	458.63678	509.19808	217.35514	403.98399	552.30873	538.2678	314.72611	447.27365	656.84101	538.18428	118.65673	98.00933	118.65673	10.7739	0.52446	60.40856	18.47921	8.03E-05	2.6771	1.02E-05	1.38E+07	7.25E-08	27.73574	189.19189	6.95E-05	0.0053	2.68E-05	2.44E-05
0.1916	28.88977	12.55647	36.33148	11.58983	10.43945	95.2181	1.9703	0.73298	0.14987	0.77922	0.55298	0.34061	0.07924	0.05182	0.01892	0.01892	0.12933	93.43151	0.90054	1.78387	nan	2.00664	nan	0.26312	0.08342	0.59633	0.00593	0.24968	0.00177	0.40614	0.34976	0.19943	38.03851	611.81658	642.72281	450.01515	649.06133	341.53452	603.1172	nan	540.51605	456.94404	507.25434	216.79837	397.92662	552.31603	537.2239	317.02286	440.29262	656.76723	538.30647	118.46076	97.99828	118.46076	10.69608	0.53393	60.33107	18.45551	8.04E-05	2.67592	1.02E-05	1.39E+07	7.23E-08	27.7382	189.83323	6.98E-05	0.00528	2.68E-05	2.44E-05
0.192	27.51536	11.96754	39.29836	11.08169	9.94371	95.34077	1.90795	0.70141	0.14292	0.77806	0.54131	0.33439	0.07913	0.05173	0.01807	0.01807	0.12646	93.59097	0.85765	1.72783	nan	2.00661	nan	0.26251	0.0839	0.58798	0.006	0.24692	0.00178	0.4038	0.3482	0.19312	37.12344	612.46471	643.24039	433.68344	648.54441	335.40543	603.51598	nan	540.20277	455.25131	505.3106	216.24161	391.86925	552.32332	536.18	319.31961	433.3116	656.69344	538.42865	118.26479	97.98723	118.26479	10.61827	0.5434	60.25358	18.43182	8.05E-05	2.67473	1.02E-05	1.39E+07	7.21E-08	27.74067	190.47456	7.00E-05	0.00526	2.68E-05	2.45E-05
0.1924	26.14096	11.3786	42.26524	10.57356	9.44798	95.46344	1.84559	0.66983	0.13597	0.77691	0.52964	0.32817	0.07903	0.05165	0.01721	0.01721	0.12359	93.75044	0.81476	1.67178	nan	2.00658	nan	0.26189	0.08438	0.57963	0.00607	0.24415	0.00178	0.40146	0.34664	0.18681	36.20838	613.11284	643.75798	417.35174	648.02749	329.27635	603.91475	nan	539.8895	453.55858	503.36686	215.68484	385.81188	552.33061	535.13609	321.61636	426.33057	656.61966	538.55084	118.06882	97.97618	118.06882	10.54045	0.55288	60.1761	18.40813	8.06E-05	2.67354	1.02E-05	1.39E+07	7.18E-08	27.74314	191.1159	7.03E-05	0.00525	2.69E-05	2.45E-05
0.1928	24.76655	10.78966	45.23212	10.06542	8.95224	95.58612	1.78324	0.63826	0.12903	0.77576	0.51798	0.32195	0.07892	0.05156	0.01636	0.01636	0.12071	93.90991	0.77188	1.61573	nan	2.00655	nan	0.26127	0.08486	0.57128	0.00613	0.24139	0.00179	0.39912	0.34508	0.18051	35.29332	613.76097	644.27556	401.02003	647.51056	323.14726	604.31353	nan	539.57622	451.86584	501.42312	215.12807	379.75451	552.3379	534.09219	323.91311	419.34954	656.54587	538.67302	117.87286	97.96513	117.87286	10.46263	0.56235	60.09861	18.38443	8.07E-05	2.67236	1.02E-05	1.40E+07	7.16E-08	27.7456	191.75724	7.05E-05	0.00523	2.69E-05	2.45E-05
0.1932	23.39214	10.20073	48.199	9.55728	8.45651	95.70879	1.72089	0.60669	0.12208	0.7746	0.50631	0.31573	0.07881	0.05147	0.01551	0.01551	0.11784	94.06937	0.72899	1.55969	nan	2.00652	nan	0.26065	0.08534	0.56293	0.0062	0.23862	0.00179	0.39678	0.34352	0.1742	34.37825	614.4091	644.79314	384.68833	646.99364	317.01818	604.7123	nan	539.26294	450.17311	499.47938	214.5713	373.69715	552.34519	533.04828	326.20986	412.36851	656.47209	538.7952	117.67689	97.95408	117.67689	10.38482	0.57182	60.02112	18.36074	8.07E-05	2.67117	1.02E-05	1.40E+07	7.14E-08	27.74807	192.39857	7.07E-05	0.00521	2.69E-05	2.46E-05
0.1936	22.01774	9.61179	51.16588	9.04915	7.96077	95.83146	1.65853	0.57511	0.11513	0.77345	0.49464	0.30951	0.07871	0.05139	0.01465	0.01465	0.11497	94.22884	0.6861	1.50364	nan	2.00649	nan	0.26003	0.08582	0.55458	0.00627	0.23586	0.0018	0.39444	0.34196	0.16789	33.46319	615.05723	645.31072	368.35662	646.47672	310.88909	605.11108	nan	538.94967	448.48037	497.53564	214.01454	367.63978	552.35249	532.00438	328.50661	405.38748	656.39831	538.91739	117.48092	97.94303	117.48092	10.307	0.58129	59.94364	18.33705	8.08E-05	2.66998	1.02E-05	1.41E+07	7.12E-08	27.75054	193.03991	7.10E-05	0.00519	2.69E-05	2.46E-05
0.194	20.64333	9.02286	54.13276	8.54101	7.46504	95.95414	1.59618	0.54354	0.10819	0.7723	0.48298	0.30329	0.0786	0.0513	0.0138	0.0138	0.11209	94.38831	0.64322	1.44759	nan	2.00646	nan	0.25941	0.0863	0.54623	0.00633	0.23309	0.0018	0.3921	0.3404	0.16159	32.54812	615.70536	645.8283	352.02492	645.9598	304.76001	605.50985	nan	538.63639	446.78764	495.5919	213.45777	361.58241	552.35978	530.96047	330.80336	398.40646	656.32452	539.03957	117.28495	97.93198	117.28495	10.22918	0.59076	59.86615	18.31335	8.09E-05	2.6688	1.02E-05	1.41E+07	7.09E-08	27.753	193.68124	7.12E-05	0.00518	2.70E-05	2.46E-05
0.1944	19.26893	8.43392	57.09963	8.03288	6.9693	96.07681	1.53383	0.51197	0.10124	0.77114	0.47131	0.29707	0.07849	0.05121	0.01295	0.01295	0.10922	94.54778	0.60033	1.39154	nan	2.00643	nan	0.25879	0.08678	0.53788	0.0064	0.23033	0.00181	0.38976	0.33884	0.15528	31.63306	616.35349	646.34589	335.69321	645.44288	298.63093	605.90862	nan	538.32312	445.0949	493.64815	212.901	355.52504	552.36707	529.91657	333.1001	391.42543	656.25074	539.16175	117.08899	97.92093	117.08899	10.15137	0.60024	59.78866	18.28966	8.10E-05	2.66761	1.02E-05	1.42E+07	7.07E-08	27.75547	194.32258	7.14E-05	0.00516	2.70E-05	2.46E-05
0.1948	17.89452	7.84499	60.06651	7.52474	6.47357	96.19949	1.47147	0.48039	0.09429	0.76999	0.45964	0.29085	0.07839	0.05113	0.01209	0.01209	0.10635	94.70724	0.55744	1.3355	nan	2.0064	nan	0.25817	0.08726	0.52953	0.00647	0.22756	0.00181	0.38742	0.33728	0.14897	30.718	617.00162	646.86347	319.36151	644.92595	292.50184	606.3074	nan	538.00984	443.40217	491.70441	212.34424	349.46767	552.37436	528.87267	335.39685	384.4444	656.17696	539.28394	116.89302	97.90988	116.89302	10.07355	0.60971	59.71118	18.26597	8.11E-05	2.66642	1.02E-05	1.42E+07	7.05E-08	27.75794	194.96392	7.17E-05	0.00514	2.70E-05	2.47E-05
0.1952	16.52012	7.25605	63.03339	7.01661	5.97783	96.32216	1.40912	0.44882	0.08735	0.76884	0.44798	0.28463	0.07828	0.05104	0.01124	0.01124	0.10347	94.86671	0.51456	1.27945	nan	2.00637	nan	0.25756	0.08774	0.52118	0.00653	0.2248	0.00182	0.38508	0.33572	0.14267	29.80293	617.64975	647.38105	303.0298	644.40903	286.37276	606.70617	nan	537.69656	441.70943	489.76067	211.78747	343.4103	552.38165	527.82876	337.6936	377.46337	656.10317	539.40612	116.69705	97.89883	116.69705	9.99573	0.61918	59.63369	18.24227	8.12E-05	2.66524	1.02E-05	1.43E+07	7.02E-08	27.7604	195.60525	7.19E-05	0.00513	2.71E-05	2.47E-05
0.1956	15.14571	6.66711	66.00027	6.50847	5.4821	96.44483	1.34676	0.41724	0.0804	0.76768	0.43631	0.27841	0.07817	0.05095	0.01038	0.01038	0.1006	95.02618	0.47167	1.2234	nan	2.00634	nan	0.25694	0.08822	0.51283	0.0066	0.22203	0.00182	0.38274	0.33416	0.13636	28.88787	618.29787	647.89863	286.6981	643.89211	280.24367	607.10495	nan	537.38329	440.0167	487.81693	211.2307	337.35294	552.38894	526.78486	339.99035	370.48235	656.02939	539.52831	116.50108	97.88778	116.50108	9.91791	0.62865	59.5562	18.21858	8.13E-05	2.66405	1.02E-05	1.43E+07	7.00E-08	27.76287	196.24659	7.21E-05	0.00511	2.71E-05	2.47E-05
0.196	13.77131	6.07818	68.96715	6.00034	4.98636	96.56751	1.28441	0.38567	0.07345	0.76653	0.42464	0.27219	0.07807	0.05087	0.00953	0.00953	0.09773	95.18565	0.42878	1.16736	nan	2.00631	nan	0.25632	0.0887	0.50448	0.00667	0.21927	0.00183	0.3804	0.3326	0.13005	27.97281	618.946	648.41621	270.36639	643.37519	274.11459	607.50372	nan	537.07001	438.32396	485.87319	210.67393	331.29557	552.39624	525.74095	342.2871	363.50132	655.95561	539.65049	116.30512	97.87673	116.30512	9.8401	0.63812	59.47871	18.19489	8.14E-05	2.66286	1.02E-05	1.44E+07	6.98E-08	27.76534	196.88792	7.24E-05	0.00509	2.71E-05	2.47E-05
0.1964	12.3969	5.48924	71.93403	5.4922	4.49063	96.69018	1.22206	0.3541	0.06651	0.76538	0.41298	0.26597	0.07796	0.05078	0.00868	0.00868	0.09485	95.34511	0.3859	1.11131	nan	2.00628	nan	0.2557	0.08918	0.49613	0.00673	0.2165	0.00183	0.37806	0.33104	0.12375	27.05774	619.59413	648.9338	254.03468	642.85826	267.9855	607.90249	nan	536.75673	436.63123	483.92945	210.11717	325.2382	552.40353	524.69705	344.58385	356.52029	655.88182	539.77267	116.10915	97.86568	116.10915	9.76228	0.64759	59.40123	18.17119	8.15E-05	2.66168	1.02E-05	1.44E+07	6.96E-08	27.7678	197.52926	7.26E-05	0.00507	2.72E-05	2.48E-05
0.1968	11.0225	4.90031	74.90091	4.98407	3.99489	96.81285	1.1597	0.32252	0.05956	0.76422	0.40131	0.25975	0.07785	0.05069	0.00782	0.00782	0.09198	95.50458	0.34301	1.05526	nan	2.00625	nan	0.25508	0.08966	0.48778	0.0068	0.21374	0.00184	0.37572	0.32948	0.11744	26.14268	620.24226	649.45138	237.70298	642.34134	261.85642	608.30127	nan	536.44346	434.93849	481.98571	209.5604	319.18083	552.41082	523.65315	346.8806	349.53926	655.80804	539.89486	115.91318	97.85463	115.91318	9.68446	0.65707	59.32374	18.1475	8.15E-05	2.66049	1.02E-05	1.44E+07	6.93E-08	27.77027	198.1706	7.29E-05	0.00506	2.72E-05	2.48E-05
0.1972	9.64809	4.31137	77.86778	4.47593	3.49916	96.93553	1.09735	0.29095	0.05261	0.76307	0.38964	0.25353	0.07775	0.05061	0.00697	0.00697	0.08911	95.66405	0.30012	0.99922	nan	2.00622	nan	0.25446	0.09014	0.47943	0.00687	0.21097	0.00184	0.37338	0.32792	0.11113	25.22762	620.89039	649.96896	221.37127	641.82442	255.72733	608.70004	nan	536.13018	433.24576	480.04197	209.00363	313.12346	552.41811	522.60924	349.17735	342.55823	655.73425	540.01704	115.71721	97.84358	115.71721	9.60665	0.66654	59.24625	18.12381	8.16E-05	2.6593	1.02E-05	1.45E+07	6.91E-08	27.77274	198.81193	7.31E-05	0.00504	2.72E-05	2.48E-05
0.1976	8.27368	3.72244	80.83466	3.9678	3.00342	97.0582	1.035	0.25938	0.04567	0.76192	0.37798	0.24731	0.07764	0.05052	0.00612	0.00612	0.08623	95.82352	0.25724	0.94317	nan	2.00619	nan	0.25384	0.09062	0.47108	0.00693	0.20821	0.00185	0.37104	0.32636	0.10483	24.31255	621.53852	650.48654	205.03957	641.3075	249.59825	609.09882	nan	535.81691	431.55302	478.09823	208.44686	307.06609	552.4254	521.56534	351.4741	335.57721	655.66047	540.13922	115.52125	97.83253	115.52125	9.52883	0.67601	59.16877	18.10011	8.17E-05	2.65812	1.02E-05	1.45E+07	6.89E-08	27.7752	199.45327	7.33E-05	0.00502	2.72E-05	2.48E-05
0.198	6.89928	3.1335	83.80154	3.45966	2.50769	97.18088	0.97264	0.2278	0.03872	0.76076	0.36631	0.24109	0.07753	0.05043	0.00526	0.00526	0.08336	95.98298	0.21435	0.88712	nan	2.00616	nan	0.25323	0.0911	0.46273	0.007	0.20544	0.00185	0.3687	0.3248	0.09852	23.39749	622.18665	651.00412	188.70786	640.79058	243.46916	609.49759	nan	535.50363	429.86029	476.15448	207.8901	301.00873	552.4327	520.52143	353.77085	328.59618	655.58669	540.26141	115.32528	97.82148	115.32528	9.45101	0.68548	59.09128	18.07642	8.18E-05	2.65693	1.02E-05	1.46E+07	6.86E-08	27.77767	200.0946	7.36E-05	0.00501	2.73E-05	2.49E-05
0.1984	5.52487	2.54456	86.76842	2.95153	2.01195	97.30355	0.91029	0.19623	0.03177	0.75961	0.35464	0.23487	0.07743	0.05035	0.00441	0.00441	0.08049	96.14245	0.17146	0.83108	nan	2.00613	nan	0.25261	0.09158	0.45438	0.00707	0.20268	0.00186	0.36636	0.32324	0.09221	22.48242	622.83478	651.52171	172.37616	640.27365	237.34008	609.89637	nan	535.19035	428.16755	474.21074	207.33333	294.95136	552.43999	519.47753	356.0676	321.61515	655.5129	540.38359	115.12931	97.81043	115.12931	9.3732	0.69495	59.01379	18.05273	8.19E-05	2.65574	1.02E-05	1.46E+07	6.84E-08	27.78014	200.73594	7.38E-05	0.00499	2.73E-05	2.49E-05
0.1988	4.15047	1.95563	89.7353	2.44339	1.51621	97.42622	0.84794	0.16466	0.02483	0.75846	0.34298	0.22865	0.07732	0.05026	0.00356	0.00356	0.07761	96.30192	0.12857	0.77503	nan	2.0061	nan	0.25199	0.09206	0.44603	0.00713	0.19991	0.00186	0.36402	0.32168	0.08591	21.56736	623.48291	652.03929	156.04445	639.75673	231.211	610.29514	nan	534.87708	426.47482	472.267	206.77656	288.89399	552.44728	518.43362	358.36435	314.63412	655.43912	540.50578	114.93334	97.79938	114.93334	9.29538	0.70442	58.93631	18.02903	8.20E-05	2.65456	1.02E-05	1.47E+07	6.82E-08	27.7826	201.37727	7.40E-05	0.00497	2.73E-05	2.49E-05
0.1992	2.77606	1.36669	92.70218	1.93525	1.02048	97.5489	0.78558	0.13308	0.01788	0.7573	0.33131	0.22243	0.07721	0.05017	0.0027	0.0027	0.07474	96.46138	0.08569	0.71898	nan	2.00607	nan	0.25137	0.09254	0.43768	0.0072	0.19715	0.00187	0.36168	0.32012	0.0796	20.6523	624.13104	652.55687	139.71275	639.23981	225.08191	610.69391	nan	534.5638	424.78208	470.32326	206.2198	282.83662	552.45457	517.38972	360.6611	307.65309	655.36534	540.62796	114.73738	97.78833	114.73738	9.21756	0.7139	58.85882	18.00534	8.21E-05	2.65337	1.02E-05	1.47E+07	6.80E-08	27.78507	202.01861	7.43E-05	0.00495	2.74E-05	2.49E-05
0.1996	1.40166	0.77776	95.66906	1.42712	0.52474	97.67157	0.72323	0.10151	0.01093	0.75615	0.31964	0.21621	0.07711	0.05009	0.00185	0.00185	0.07187	96.62085	0.0428	0.66293	nan	2.00604	nan	0.25075	0.09302	0.42933	0.00727	0.19438	0.00187	0.35934	0.31856	0.07329	19.73723	624.77917	653.07445	123.38104	638.72289	218.95283	611.09269	nan	534.25052	423.08935	468.37952	205.66303	276.77925	552.46186	516.34582	362.95784	300.67207	655.29155	540.75014	114.54141	97.77728	114.54141	9.13974	0.72337	58.78133	17.98165	8.22E-05	2.65218	1.02E-05	1.48E+07	6.77E-08	27.78754	202.65995	7.45E-05	0.00494	2.74E-05	2.50E-05
0.2	0.03187	0.19074	98.6227	0.92393	0.03076	97.7938	0.66109	0.07004	0.00401	0.75498	0.30805	0.21002	0.077	0.05	0.001	0.001	0.069	96.7797	6.55E-05	0.60719	nan	2.00601	nan	0.25013	0.0935	0.42098	0.00733	0.19162	0.00188	0.35699	0.31701	0.06701	18.82492	625.42392	653.59021	107.11304	638.20805	212.85141	611.49146	nan	533.93725	421.402	466.43578	205.10626	270.74368	552.46915	515.3052	365.25147	293.71959	655.21777	540.87233	114.34544	97.76623	114.34544	9.06193	0.73281	58.70411	17.95803	8.23E-05	2.651	1.02E-05	1.48E+07	6.75E-08	27.79	203.29878	7.47E-05	0.00492	2.74E-05	2.50E-05
0.2004	0.96527	0.56154	94.97449	2.88884	0.40936	97.69458	0.70786	0.09167	0.00929	0.74431	0.33114	0.22236	0.07579	0.0492	0.00238	0.00238	0.07056	96.63216	0.03282	0.70356	nan	2.00598	nan	0.24951	0.09398	0.41263	0.0074	0.18885	0.00188	0.35199	0.32121	0.07149	19.28408	624.38176	653.19686	122.63198	638.73149	220.5586	611.89024	nan	533.62397	422.40176	464.49204	204.54949	275.58555	552.47645	515.90666	365.98464	301.01299	655.14399	540.99451	114.14947	97.75518	114.14947	8.98411	0.72727	58.75871	17.97472	8.22E-05	2.65253	1.02E-05	1.48E+07	6.77E-08	27.7885	202.68778	7.45E-05	0.00494	2.74E-05	2.50E-05
0.2008	1.89867	0.93234	91.32627	4.85375	0.78796	97.59536	0.75463	0.1133	0.01457	0.73364	0.35423	0.2347	0.07458	0.0484	0.00376	0.00376	0.07212	96.48462	0.06557	0.79993	nan	2.00595	nan	0.24889	0.09446	0.40428	0.00747	0.18609	0.00189	0.34699	0.32541	0.07597	19.74324	623.33961	652.80351	138.15092	639.25493	228.26578	612.28901	nan	533.3107	423.40153	462.5483	203.99273	280.42742	552.48374	516.50811	366.71782	308.30639	655.0702	541.1167	113.95351	97.74413	113.95351	8.90629	0.72174	58.81331	17.99141	8.21E-05	2.65406	1.02E-05	1.47E+07	6.79E-08	27.787	202.07677	7.43E-05	0.00495	2.74E-05	2.50E-05
0.2012	2.83208	1.30315	87.67806	6.81865	1.16656	97.49614	0.8014	0.13493	0.01985	0.72297	0.37732	0.24704	0.07337	0.0476	0.00514	0.00514	0.07368	96.33708	0.09832	0.8963	nan	2.00592	nan	0.24828	0.09494	0.39593	0.00753	0.18332	0.00189	0.34199	0.32961	0.08045	20.2024	622.29745	652.41016	153.66986	639.77837	235.97296	612.68778	nan	532.99742	424.40129	460.60456	203.43596	285.26929	552.49103	517.10957	367.451	315.59978	654.99642	541.23888	113.75754	97.73308	113.75754	8.82848	0.7162	58.86791	18.0081	8.20E-05	2.65559	1.02E-05	1.47E+07	6.81E-08	27.7855	201.46577	7.40E-05	0.00497	2.73E-05	2.49E-05
0.2016	3.76548	1.67395	84.02985	8.78356	1.54516	97.39692	0.84817	0.15656	0.02513	0.7123	0.40041	0.25938	0.07216	0.0468	0.00652	0.00652	0.07524	96.18954	0.13107	0.99267	nan	2.00589	nan	0.24766	0.09542	0.38758	0.0076	0.18056	0.0019	0.33699	0.33381	0.08493	20.66157	621.2553	652.01681	169.18881	640.30182	243.68014	613.08656	nan	532.68414	425.40106	458.66081	202.87919	290.11116	552.49832	517.71103	368.18417	322.89318	654.92263	541.36106	113.56157	97.72203	113.56157	8.75066	0.71067	58.92251	18.02479	8.19E-05	2.65712	1.02E-05	1.46E+07	6.83E-08	27.784	200.85477	7.38E-05	0.00498	2.73E-05	2.49E-05
0.202	4.69889	2.04475	80.38163	10.74847	1.92376	97.2977	0.89494	0.17819	0.03041	0.70163	0.4235	0.27172	0.07095	0.046	0.0079	0.0079	0.0768	96.042	0.16382	1.08904	nan	2.00586	nan	0.24704	0.0959	0.37923	0.00767	0.17779	0.0019	0.33199	0.33801	0.08941	21.12073	620.21314	651.62346	184.70775	640.82526	251.38732	613.48533	nan	532.37087	426.40082	456.71707	202.32243	294.95303	552.50561	518.31248	368.91735	330.18658	654.84885	541.48325	113.3656	97.71098	113.3656	8.67284	0.70513	58.97711	18.04148	8.18E-05	2.65865	1.02E-05	1.46E+07	6.86E-08	27.7825	200.24377	7.36E-05	0.005	2.73E-05	2.49E-05
0.2024	5.63229	2.41555	76.73342	12.71338	2.30237	97.19848	0.94171	0.19982	0.03569	0.69096	0.44659	0.28406	0.06974	0.0452	0.00928	0.00928	0.07836	95.89446	0.19657	1.18542	nan	2.00583	nan	0.24642	0.09638	0.37088	0.00773	0.17503	0.00191	0.32699	0.34221	0.09389	21.57989	619.17099	651.2301	200.22669	641.3487	259.0945	613.88411	nan	532.05759	427.40058	454.77333	201.76566	299.7949	552.51291	518.91394	369.65052	337.47998	654.77507	541.60543	113.16964	97.69993	113.16964	8.59503	0.69959	59.03171	18.05817	8.18E-05	2.66018	1.02E-05	1.46E+07	6.88E-08	27.781	199.63276	7.33E-05	0.00502	2.73E-05	2.49E-05
0.2028	6.56569	2.78635	73.0852	14.67828	2.68097	97.09926	0.98848	0.22145	0.04097	0.68029	0.46968	0.29641	0.06853	0.0444	0.01066	0.01066	0.07992	95.74692	0.22932	1.28179	nan	2.0058	nan	0.2458	0.09686	0.36253	0.0078	0.17226	0.00191	0.32199	0.34641	0.09837	22.03905	618.12884	650.83675	215.74563	641.87214	266.80168	614.28288	nan	531.74431	428.40035	452.82959	201.20889	304.63677	552.5202	519.51539	370.3837	344.77338	654.70128	541.72761	112.97367	97.68888	112.97367	8.51721	0.69406	59.08631	18.07486	8.17E-05	2.66171	1.02E-05	1.45E+07	6.90E-08	27.7795	199.02176	7.31E-05	0.00503	2.72E-05	2.48E-05
0.2032	7.4991	3.15715	69.43699	16.64319	3.05957	97.00004	1.03526	0.24308	0.04625	0.66962	0.49277	0.30875	0.06732	0.0436	0.01204	0.01204	0.08148	95.59938	0.26207	1.37816	nan	2.00577	nan	0.24518	0.09734	0.35418	0.00787	0.1695	0.00192	0.31699	0.35061	0.10285	22.49821	617.08668	650.4434	231.26457	642.39558	274.50886	614.68165	nan	531.43104	429.40011	450.88585	200.65212	309.47864	552.52749	520.11685	371.11688	352.06678	654.6275	541.8498	112.7777	97.67783	112.7777	8.43939	0.68852	59.14091	18.09155	8.16E-05	2.66324	1.02E-05	1.45E+07	6.92E-08	27.778	198.41076	7.29E-05	0.00505	2.72E-05	2.48E-05
0.2036	8.4325	3.52795	65.78877	18.6081	3.43817	96.90082	1.08203	0.26471	0.05153	0.65895	0.51586	0.32109	0.06611	0.0428	0.01342	0.01342	0.08304	95.45184	0.29482	1.47453	nan	2.00574	nan	0.24456	0.09782	0.34583	0.00793	0.16673	0.00192	0.31199	0.35481	0.10733	22.95737	616.04453	650.05005	246.78352	642.91903	282.21604	615.08043	nan	531.11776	430.39988	448.94211	200.09536	314.32051	552.53478	520.7183	371.85005	359.36018	654.55372	541.97198	112.58173	97.66678	112.58173	8.36157	0.68299	59.19551	18.10824	8.15E-05	2.66477	1.02E-05	1.44E+07	6.94E-08	27.7765	197.79976	7.26E-05	0.00506	2.72E-05	2.48E-05
0.204	9.3659	3.89876	62.14056	20.57301	3.81677	96.8016	1.1288	0.28634	0.05681	0.64828	0.53895	0.33343	0.0649	0.042	0.0148	0.0148	0.0846	95.3043	0.32757	1.5709	nan	2.00571	nan	0.24395	0.0983	0.33748	0.008	0.16397	0.00193	0.30699	0.35901	0.11181	23.41654	615.00237	649.6567	262.30246	643.44247	289.92322	615.4792	nan	530.80449	431.39964	446.99837	199.53859	319.16238	552.54207	521.31976	372.58323	366.65358	654.47993	542.09417	112.38577	97.65573	112.38577	8.28376	0.67745	59.25011	18.12493	8.14E-05	2.6663	1.02E-05	1.44E+07	6.96E-08	27.775	197.18875	7.24E-05	0.00508	2.71E-05	2.48E-05
0.2044	10.29931	4.26956	58.49234	22.53792	4.19537	96.70238	1.17557	0.30797	0.06209	0.63761	0.56204	0.34577	0.06369	0.0412	0.01618	0.01618	0.08616	95.15676	0.36032	1.66727	nan	2.00568	nan	0.24333	0.09878	0.32913	0.00807	0.1612	0.00193	0.30199	0.36321	0.11629	23.8757	613.96022	649.26335	277.8214	643.96591	297.6304	615.87798	nan	530.49121	432.3994	445.05463	198.98182	324.00425	552.54936	521.92122	373.31641	373.94698	654.40615	542.21635	112.1898	97.64468	112.1898	8.20594	0.67191	59.30471	18.14162	8.13E-05	2.66783	1.02E-05	1.43E+07	6.98E-08	27.7735	196.57775	7.22E-05	0.0051	2.71E-05	2.47E-05
0.2048	11.23271	4.64036	54.84413	24.50282	4.57398	96.60316	1.22234	0.3296	0.06737	0.62694	0.58513	0.35811	0.06248	0.0404	0.01756	0.01756	0.08772	95.00922	0.39307	1.76364	nan	2.00565	nan	0.24271	0.09926	0.32078	0.00813	0.15844	0.00194	0.29699	0.36741	0.12077	24.33486	612.91807	648.86999	293.34034	644.48935	305.33758	616.27675	nan	530.17793	433.39917	443.11089	198.42505	328.84612	552.55666	522.52267	374.04958	381.24038	654.33237	542.33853	111.99383	97.63363	111.99383	8.12812	0.66638	59.35931	18.15831	8.13E-05	2.66936	1.02E-05	1.43E+07	7.00E-08	27.772	195.96675	7.19E-05	0.00511	2.71E-05	2.47E-05
0.2052	12.16612	5.01116	51.19591	26.46773	4.95258	96.50394	1.26911	0.35123	0.07265	0.61627	0.60822	0.37045	0.06127	0.0396	0.01894	0.01894	0.08928	94.86168	0.42582	1.86001	nan	2.00562	nan	0.24209	0.09974	0.31243	0.0082	0.15567	0.00194	0.29199	0.37161	0.12525	24.79402	611.87591	648.47664	308.85928	645.01279	313.04477	616.67553	nan	529.86466	434.39893	441.16714	197.86829	333.68799	552.56395	523.12413	374.78276	388.53378	654.25858	542.46072	111.79786	97.62258	111.79786	8.05031	0.66084	59.41391	18.175	8.12E-05	2.67089	1.02E-05	1.43E+07	7.02E-08	27.7705	195.35575	7.17E-05	0.00513	2.71E-05	2.47E-05
0.2056	13.09952	5.38196	47.5477	28.43264	5.33118	96.40472	1.31588	0.37286	0.07793	0.6056	0.63131	0.38279	0.06006	0.0388	0.02032	0.02032	0.09084	94.71414	0.45857	1.95638	nan	2.00559	nan	0.24147	0.10022	0.30408	0.00827	0.15291	0.00195	0.28699	0.37581	0.12973	25.25318	610.83376	648.08329	324.37823	645.53624	320.75195	617.0743	nan	529.55138	435.3987	439.2234	197.31152	338.52985	552.57124	523.72558	375.51593	395.82718	654.1848	542.5829	111.6019	97.61153	111.6019	7.97249	0.65531	59.46851	18.19169	8.11E-05	2.67242	1.02E-05	1.42E+07	7.04E-08	27.769	194.74474	7.15E-05	0.00514	2.70E-05	2.47E-05
0.206	14.03292	5.75276	43.89948	30.39755	5.70978	96.3055	1.36265	0.39449	0.08321	0.59493	0.6544	0.39513	0.05885	0.038	0.0217	0.0217	0.0924	94.5666	0.49132	2.05275	nan	2.00556	nan	0.24085	0.1007	0.29573	0.00833	0.15014	0.00195	0.28199	0.38001	0.13421	25.71235	609.7916	647.68994	339.89717	646.05968	328.45913	617.47307	nan	529.2381	436.39846	437.27966	196.75475	343.37172	552.57853	524.32704	376.24911	403.12057	654.11101	542.70509	111.40593	97.60048	111.40593	7.89467	0.64977	59.52311	18.20838	8.10E-05	2.67395	1.02E-05	1.42E+07	7.07E-08	27.7675	194.13374	7.12E-05	0.00516	2.70E-05	2.46E-05
0.2064	14.96633	6.12357	40.25127	32.36246	6.08838	96.20628	1.40942	0.41612	0.08849	0.58426	0.67749	0.40747	0.05764	0.0372	0.02308	0.02308	0.09396	94.41906	0.52407	2.14912	nan	2.00553	nan	0.24023	0.10118	0.28738	0.0084	0.14738	0.00196	0.27699	0.38421	0.13869	26.17151	608.74945	647.29659	355.41611	646.58312	336.16631	617.87185	nan	528.92483	437.39822	435.33592	196.19799	348.21359	552.58582	524.92849	376.98229	410.41397	654.03723	542.82727	111.20996	97.58943	111.20996	7.81686	0.64423	59.57771	18.22507	8.09E-05	2.67548	1.02E-05	1.41E+07	7.09E-08	27.766	193.52274	7.10E-05	0.00518	2.70E-05	2.46E-05
0.2068	15.89973	6.49437	36.60306	34.32736	6.46698	96.10705	1.45619	0.43775	0.09377	0.57359	0.70058	0.41981	0.05643	0.0364	0.02446	0.02446	0.09552	94.27151	0.55682	2.24549	nan	2.0055	nan	0.23961	0.10166	0.27903	0.00847	0.14461	0.00196	0.27199	0.38841	0.14317	26.63067	607.70729	646.90324	370.93505	647.10656	343.87349	618.27062	nan	528.61155	438.39799	433.39218	195.64122	353.05546	552.59312	525.52995	377.71546	417.70737	653.96345	542.94945	111.01399	97.57838	111.01399	7.73904	0.6387	59.63231	18.24176	8.08E-05	2.67701	1.02E-05	1.41E+07	7.11E-08	27.7645	192.91174	7.07E-05	0.00519	2.69E-05	2.46E-05
0.2072	16.83313	6.86517	32.95484	36.29227	6.84558	96.00783	1.50296	0.45938	0.09905	0.56292	0.72367	0.43215	0.05522	0.0356	0.02584	0.02584	0.09708	94.12397	0.58957	2.34186	nan	2.00547	nan	0.239	0.10214	0.27068	0.00853	0.14185	0.00197	0.26699	0.39261	0.14765	27.08983	606.66514	646.50988	386.454	647.63	351.58067	618.6694	nan	528.29828	439.39775	431.44844	195.08445	357.89733	552.60041	526.13141	378.44864	425.00077	653.88966	543.07164	110.81803	97.56733	110.81803	7.66122	0.63316	59.68691	18.25845	8.08E-05	2.67854	1.02E-05	1.40E+07	7.13E-08	27.763	192.30073	7.05E-05	0.00521	2.69E-05	2.46E-05
0.2076	17.76654	7.23597	29.30663	38.25718	7.22419	95.90861	1.54973	0.48101	0.10433	0.55225	0.74676	0.44449	0.05401	0.0348	0.02722	0.02722	0.09864	93.97643	0.62232	2.43823	nan	2.00544	nan	0.23838	0.10262	0.26233	0.0086	0.13908	0.00197	0.26199	0.39681	0.15213	27.54899	605.62299	646.11653	401.97294	648.15345	359.28785	619.06817	nan	527.985	440.39752	429.5047	194.52768	362.7392	552.6077	526.73286	379.18182	432.29417	653.81588	543.19382	110.62206	97.55628	110.62206	7.58341	0.62763	59.74151	18.27514	8.07E-05	2.68007	1.02E-05	1.40E+07	7.15E-08	27.7615	191.68973	7.03E-05	0.00522	2.69E-05	2.45E-05
0.208	18.69994	7.60677	25.65841	40.22209	7.60279	95.80939	1.5965	0.50264	0.10961	0.54158	0.76985	0.45683	0.0528	0.034	0.0286	0.0286	0.1002	93.82889	0.65507	2.5346	nan	2.00541	nan	0.23776	0.1031	0.25398	0.00867	0.13632	0.00198	0.25699	0.40101	0.15661	28.00816	604.58083	645.72318	417.49188	648.67689	366.99503	619.46694	nan	527.67172	441.39728	427.56096	193.97092	367.58107	552.61499	527.33432	379.91499	439.58757	653.7421	543.316	110.42609	97.54523	110.42609	7.50559	0.62209	59.79611	18.29183	8.06E-05	2.6816	1.02E-05	1.40E+07	7.17E-08	27.76	191.07873	7.00E-05	0.00524	2.69E-05	2.45E-05
0.2084	19.63335	7.97757	22.0102	42.18699	7.98139	95.71017	1.64327	0.52428	0.11489	0.53091	0.79294	0.46917	0.05159	0.0332	0.02998	0.02998	0.10176	93.68135	0.68782	2.63097	nan	2.00538	nan	0.23714	0.10358	0.24563	0.00873	0.13355	0.00198	0.25199	0.40521	0.16109	28.46732	603.53868	645.32983	433.01082	649.20033	374.70221	619.86572	nan	527.35845	442.39704	425.61722	193.41415	372.42294	552.62228	527.93577	380.64817	446.88097	653.66831	543.43819	110.23012	97.53418	110.23012	7.42777	0.61655	59.85071	18.30852	8.05E-05	2.68313	1.02E-05	1.39E+07	7.19E-08	27.7585	190.46773	6.98E-05	0.00526	2.68E-05	2.45E-05
0.2088	20.56675	8.34837	18.36198	44.1519	8.35999	95.61095	1.69004	0.54591	0.12017	0.52024	0.81603	0.48151	0.05038	0.0324	0.03136	0.03136	0.10332	93.53381	0.72057	2.72734	nan	2.00535	nan	0.23652	0.10406	0.23728	0.0088	0.13079	0.00199	0.24699	0.40941	0.16557	28.92648	602.49652	644.93648	448.52976	649.72377	382.40939	620.26449	nan	527.04517	443.39681	423.67347	192.85738	377.26481	552.62957	528.53723	381.38134	454.17437	653.59453	543.56037	110.03416	97.52313	110.03416	7.34995	0.61102	59.90531	18.32521	8.04E-05	2.68466	1.02E-05	1.39E+07	7.21E-08	27.757	189.85672	6.96E-05	0.00527	2.68E-05	2.45E-05
0.2092	21.50015	8.71918	14.71377	46.11681	8.73859	95.51173	1.73681	0.56754	0.12545	0.50957	0.83912	0.49385	0.04917	0.0316	0.03274	0.03274	0.10488	93.38627	0.75332	2.82371	nan	2.00532	nan	0.2359	0.10454	0.22893	0.00887	0.12802	0.00199	0.24199	0.41361	0.17005	29.38564	601.45437	644.54313	464.04871	650.24722	390.11657	620.66327	nan	526.73189	444.39657	421.72973	192.30062	382.10668	552.63687	529.13868	382.11452	461.46777	653.52075	543.68256	109.83819	97.51208	109.83819	7.27214	0.60548	59.95991	18.3419	8.03E-05	2.68619	1.02E-05	1.38E+07	7.23E-08	27.7555	189.24572	6.93E-05	0.00529	2.68E-05	2.44E-05
0.2096	22.43356	9.08998	11.06555	48.08172	9.11719	95.41251	1.78358	0.58917	0.13073	0.4989	0.86221	0.50619	0.04796	0.0308	0.03412	0.03412	0.10644	93.23873	0.78607	2.92008	nan	2.00529	nan	0.23528	0.10502	0.22058	0.00893	0.12526	0.002	0.23699	0.41781	0.17453	29.8448	600.41222	644.14978	479.56765	650.77066	397.82375	621.06204	nan	526.41862	445.39634	419.78599	191.74385	386.94855	552.64416	529.74014	382.8477	468.76117	653.44696	543.80474	109.64222	97.50103	109.64222	7.19432	0.59995	60.01451	18.35859	8.03E-05	2.68772	1.02E-05	1.38E+07	7.25E-08	27.754	188.63472	6.91E-05	0.0053	2.68E-05	2.44E-05
0.21	23.36422	9.4612	7.42503	50.04025	9.4968	95.3132	1.83046	0.61082	0.13602	0.48827	0.88523	0.5185	0.04675	0.03	0.0355	0.0355	0.10801	93.09112	0.819	3.01617	nan	2.00526	nan	0.23467	0.10556	0.21225	0.00905	0.12249	0.002	0.23202	0.42203	0.17901	30.30508	599.37203	643.75557	495.0595	651.29317	405.514	621.46081	nan	526.10347	446.39431	417.84408	191.19386	391.77908	552.65145	530.33982	383.58147	476.0415	653.37338	543.92689	109.44649	97.48794	109.44649	7.11724	0.59441	60.06874	18.37517	8.02E-05	2.68925	1.02E-05	1.37E+07	7.28E-08	27.75249	188.02388	6.89E-05	0.00532	2.67E-05	2.44E-05
0.2104	22.9937	10.03208	7.43715	48.96975	10.35444	95.17234	1.92907	0.64359	0.14722	0.49921	0.87378	0.51729	0.04716	0.03079	0.03524	0.03524	0.11075	92.91074	0.93698	2.97599	nan	2.00523	nan	0.23809	0.13312	0.21234	0.03097	0.11994	0.00205	0.23967	0.43692	0.18598	31.29548	599.26952	642.95691	497.67693	651.37358	405.15716	621.85959	nan	524.90016	446.54016	416.77006	193.8669	391.22213	552.65874	530.09712	384.60054	477.11355	653.39505	544.03102	109.36393	96.50543	109.36393	7.39098	0.58789	59.9441	18.33705	8.01E-05	2.68935	1.02E-05	1.37E+07	7.30E-08	27.74831	187.49088	6.87E-05	0.00534	2.67E-05	2.44E-05
0.2108	22.62318	10.60296	7.44927	47.89924	11.21209	95.03147	2.02769	0.67636	0.15842	0.51014	0.86234	0.51609	0.04757	0.03157	0.03498	0.03498	0.11349	92.73036	1.05496	2.93581	nan	2.0052	nan	0.2415	0.16068	0.21242	0.05289	0.11738	0.00211	0.24733	0.45181	0.19295	32.28587	599.16701	642.15825	500.29436	651.45399	404.80032	622.25836	nan	523.69685	446.68602	415.69604	196.53994	390.66519	552.66603	529.85441	385.61961	478.18559	653.41671	544.13515	109.28136	95.52293	109.28136	7.66471	0.58137	59.81946	18.29893	8.00E-05	2.68945	1.02E-05	1.37E+07	7.32E-08	27.74413	186.95788	6.85E-05	0.00535	2.67E-05	2.43E-05
0.2112	22.25266	11.17385	7.46139	46.82874	12.06973	94.8906	2.1263	0.70913	0.16962	0.52108	0.8509	0.51489	0.04798	0.03235	0.03472	0.03472	0.11624	92.54998	1.17294	2.89563	nan	2.00517	nan	0.24491	0.18824	0.21251	0.07481	0.11483	0.00216	0.25498	0.4667	0.19992	33.27627	599.06449	641.35959	502.91179	651.53439	404.44348	622.65714	nan	522.49354	446.83188	414.62203	199.21299	390.10824	552.67333	529.6117	386.63869	479.25763	653.43838	544.23929	109.19879	94.54042	109.19879	7.93844	0.57485	59.69482	18.2608	7.99E-05	2.68956	1.02E-05	1.36E+07	7.35E-08	27.73995	186.42487	6.84E-05	0.00537	2.66E-05	2.43E-05
0.2116	21.88214	11.74473	7.47351	45.75823	12.92737	94.74973	2.22491	0.7419	0.18082	0.53201	0.83946	0.51368	0.04839	0.03314	0.03446	0.03446	0.11898	92.3696	1.29092	2.85545	nan	2.00514	nan	0.24833	0.2158	0.21259	0.09673	0.11227	0.00221	0.26264	0.48159	0.20689	34.26666	598.96198	640.56093	505.52922	651.6148	404.08664	623.05591	nan	521.29023	446.97773	413.54801	201.88603	389.5513	552.68062	529.36899	387.65776	480.32968	653.46005	544.34342	109.11623	93.55792	109.11623	8.21218	0.56833	59.57018	18.22268	7.98E-05	2.68966	1.02E-05	1.36E+07	7.37E-08	27.73577	185.89187	6.82E-05	0.00539	2.66E-05	2.43E-05
0.212	21.51161	12.31561	7.48563	44.68773	13.78502	94.60886	2.32353	0.77467	0.19202	0.54294	0.82802	0.51248	0.0488	0.03392	0.0342	0.0342	0.12173	92.18922	1.4089	2.81527	nan	2.00511	nan	0.25174	0.24336	0.21268	0.11865	0.10971	0.00227	0.2703	0.49648	0.21386	35.25706	598.85946	639.76227	508.14665	651.69521	403.7298	623.45469	nan	520.08692	447.12359	412.47399	204.55907	388.99435	552.68791	529.12629	388.67683	481.40172	653.48171	544.44755	109.03366	92.57542	109.03366	8.48591	0.56181	59.44554	18.18456	7.97E-05	2.68976	1.02E-05	1.35E+07	7.40E-08	27.73159	185.35887	6.80E-05	0.00541	2.66E-05	2.42E-05
0.2124	21.14109	12.88649	7.49775	43.61723	14.64266	94.46799	2.42214	0.80744	0.20322	0.55388	0.81657	0.51127	0.04921	0.03471	0.03394	0.03394	0.12447	92.00884	1.52688	2.7751	nan	2.00508	nan	0.25515	0.27092	0.21277	0.14057	0.10716	0.00232	0.27795	0.51137	0.22083	36.24746	598.75695	638.96361	510.76408	651.77562	403.37296	623.85346	nan	518.8836	447.26945	411.39997	207.23211	388.43741	552.6952	528.88358	389.6959	482.47377	653.50338	544.55169	108.95109	91.59291	108.95109	8.75965	0.55529	59.3209	18.14644	7.96E-05	2.68986	1.02E-05	1.35E+07	7.42E-08	27.72741	184.82587	6.78E-05	0.00542	2.65E-05	2.42E-05
0.2128	20.77057	13.45737	7.50987	42.54672	15.50031	94.32712	2.52076	0.84021	0.21442	0.56481	0.80513	0.51007	0.04962	0.03549	0.03368	0.03368	0.12721	91.82846	1.64486	2.73492	nan	2.00505	nan	0.25857	0.29848	0.21285	0.16249	0.1046	0.00237	0.28561	0.52626	0.2278	37.23785	598.65443	638.16494	513.38151	651.85603	403.01612	624.25223	nan	517.68029	447.4153	410.32595	209.90515	387.88046	552.70249	528.64087	390.71497	483.54581	653.52505	544.65582	108.86852	90.61041	108.86852	9.03338	0.54877	59.19625	18.10831	7.94E-05	2.68996	1.02E-05	1.35E+07	7.45E-08	27.72323	184.29287	6.77E-05	0.00544	2.65E-05	2.42E-05
0.2132	20.40005	14.02826	7.52199	41.47622	16.35795	94.18626	2.61937	0.87298	0.22562	0.57575	0.79369	0.50887	0.05003	0.03627	0.03342	0.03342	0.12996	91.64808	1.76284	2.69474	nan	2.00502	nan	0.26198	0.32604	0.21294	0.18441	0.10205	0.00243	0.29326	0.54115	0.23477	38.22825	598.55192	637.36628	515.99894	651.93644	402.65929	624.65101	nan	516.47698	447.56116	409.25194	212.57819	387.32352	552.70978	528.39816	391.73404	484.61786	653.54671	544.75996	108.78596	89.62791	108.78596	9.30712	0.54225	59.07161	18.07019	7.93E-05	2.69007	1.02E-05	1.34E+07	7.47E-08	27.71905	183.75986	6.75E-05	0.00546	2.64E-05	2.41E-05
0.2136	20.02953	14.59914	7.53411	40.40571	17.21559	94.04539	2.71799	0.90575	0.23682	0.58668	0.78225	0.50766	0.05044	0.03706	0.03316	0.03316	0.1327	91.46769	1.88082	2.65456	nan	2.00499	nan	0.26539	0.3536	0.21302	0.20633	0.09949	0.00248	0.30092	0.55604	0.24174	39.21864	598.44941	636.56762	518.61637	652.01684	402.30245	625.04978	nan	515.27367	447.70702	408.17792	215.25123	386.76657	552.71708	528.15545	392.75311	485.6899	653.56838	544.86409	108.70339	88.6454	108.70339	9.58085	0.53573	58.94697	18.03207	7.92E-05	2.69017	1.02E-05	1.34E+07	7.50E-08	27.71487	183.22686	6.73E-05	0.00548	2.64E-05	2.41E-05
0.214	19.65901	15.17002	7.54623	39.33521	18.07324	93.90452	2.8166	0.93852	0.24802	0.59761	0.77081	0.50646	0.05085	0.03784	0.0329	0.0329	0.13545	91.28731	1.9988	2.61438	nan	2.00496	nan	0.26881	0.38116	0.21311	0.22825	0.09693	0.00253	0.30858	0.57093	0.24871	40.20904	598.34689	635.76896	521.2338	652.09725	401.94561	625.44856	nan	514.07036	447.85287	407.1039	217.92427	386.20962	552.72437	527.91275	393.77218	486.76194	653.59005	544.96822	108.62082	87.6629	108.62082	9.85459	0.52921	58.82233	17.99395	7.91E-05	2.69027	1.02E-05	1.33E+07	7.52E-08	27.71069	182.69386	6.71E-05	0.00549	2.64E-05	2.41E-05
0.2144	19.28849	15.7409	7.55835	38.2647	18.93088	93.76365	2.91522	0.97129	0.25922	0.60855	0.75936	0.50525	0.05126	0.03863	0.03264	0.03264	0.13819	91.10693	2.11678	2.57421	nan	2.00493	nan	0.27222	0.40872	0.2132	0.25017	0.09438	0.00259	0.31623	0.58582	0.25568	41.19944	598.24438	634.9703	523.85123	652.17766	401.58877	625.84733	nan	512.86705	447.99873	406.02988	220.59731	385.65268	552.73166	527.67004	394.79125	487.83399	653.61171	545.07236	108.53826	86.68039	108.53826	10.12832	0.52269	58.69769	17.95583	7.90E-05	2.69037	1.02E-05	1.33E+07	7.55E-08	27.70651	182.16086	6.70E-05	0.00551	2.63E-05	2.40E-05
0.2148	18.91796	16.31179	7.57047	37.1942	19.78852	93.62278	3.01383	1.00406	0.27042	0.61948	0.74792	0.50405	0.05167	0.03941	0.03238	0.03238	0.14093	90.92655	2.23476	2.53403	nan	2.0049	nan	0.27563	0.43628	0.21328	0.27209	0.09182	0.00264	0.32389	0.60071	0.26265	42.18983	598.14186	634.17164	526.46866	652.25807	401.23193	626.2461	nan	511.66374	448.14459	404.95587	223.27035	385.09573	552.73895	527.42733	395.81032	488.90603	653.63338	545.17649	108.45569	85.69789	108.45569	10.40205	0.51617	58.57305	17.9177	7.89E-05	2.69047	1.02E-05	1.33E+07	7.57E-08	27.70233	181.62786	6.68E-05	0.00553	2.63E-05	2.40E-05
0.2152	18.54744	16.88267	7.58259	36.1237	20.64617	93.48191	3.11244	1.03683	0.28162	0.63042	0.73648	0.50285	0.05208	0.04019	0.03212	0.03212	0.14368	90.74617	2.35274	2.49385	nan	2.00487	nan	0.27905	0.46384	0.21337	0.29401	0.08927	0.00269	0.33154	0.6156	0.26962	43.18023	598.03935	633.37298	529.08609	652.33848	400.87509	626.64488	nan	510.46042	448.29044	403.88185	225.94339	384.53879	552.74624	527.18462	396.82939	489.97808	653.65505	545.28062	108.37312	84.71539	108.37312	10.67579	0.50965	58.44841	17.87958	7.88E-05	2.69058	1.02E-05	1.32E+07	7.60E-08	27.69815	181.09485	6.66E-05	0.00554	2.63E-05	2.40E-05
0.2156	18.17692	17.45355	7.59471	35.05319	21.50381	93.34104	3.21106	1.0696	0.29282	0.64135	0.72504	0.50164	0.05249	0.04098	0.03186	0.03186	0.14642	90.56579	2.47072	2.45367	nan	2.00484	nan	0.28246	0.4914	0.21345	0.31593	0.08671	0.00275	0.3392	0.63049	0.2766	44.17062	597.93683	632.57432	531.70352	652.41889	400.51825	627.04365	nan	509.25711	448.4363	402.80783	228.61643	383.98184	552.75354	526.94192	397.84846	491.05012	653.67671	545.38476	108.29056	83.73288	108.29056	10.94952	0.50313	58.32377	17.84146	7.87E-05	2.69068	1.02E-05	1.32E+07	7.62E-08	27.69397	180.56185	6.64E-05	0.00556	2.62E-05	2.39E-05
0.216	17.8064	18.02443	7.60683	33.98269	22.36145	93.20018	3.30967	1.10237	0.30402	0.65228	0.7136	0.50044	0.0529	0.04176	0.0316	0.0316	0.14917	90.38541	2.5887	2.41349	nan	2.00481	nan	0.28587	0.51896	0.21354	0.33785	0.08415	0.0028	0.34686	0.64538	0.28357	45.16102	597.83432	631.77565	534.32095	652.49929	400.16141	627.44243	nan	508.0538	448.58216	401.73381	231.28947	383.4249	552.76083	526.69921	398.86753	492.12217	653.69838	545.48889	108.20799	82.75038	108.20799	11.22326	0.49661	58.19913	17.80334	7.86E-05	2.69078	1.02E-05	1.31E+07	7.64E-08	27.68979	180.02885	6.63E-05	0.00558	2.62E-05	2.39E-05
0.2164	17.43588	18.59532	7.61895	32.91218	23.2191	93.05931	3.40829	1.13514	0.31522	0.66322	0.70215	0.49923	0.05331	0.04255	0.03134	0.03134	0.15191	90.20503	2.70669	2.37332	nan	2.00478	nan	0.28929	0.54652	0.21363	0.35977	0.0816	0.00285	0.35451	0.66027	0.29054	46.15142	597.7318	630.97699	536.93838	652.5797	399.80457	627.8412	nan	506.85049	448.72801	400.6598	233.96251	382.86795	552.76812	526.4565	399.88661	493.19421	653.72005	545.59303	108.12542	81.76787	108.12542	11.49699	0.49009	58.07449	17.76522	7.85E-05	2.69088	1.02E-05	1.31E+07	7.67E-08	27.68561	179.49585	6.61E-05	0.0056	2.62E-05	2.39E-05
0.2168	17.06536	19.1662	7.63107	31.84168	24.07674	92.91844	3.5069	1.16791	0.32642	0.67415	0.69071	0.49803	0.05372	0.04333	0.03108	0.03108	0.15465	90.02465	2.82467	2.33314	nan	2.00475	nan	0.2927	0.57408	0.21371	0.38169	0.07904	0.00291	0.36217	0.67516	0.29751	47.14181	597.62929	630.17833	539.55581	652.66011	399.44773	628.23997	nan	505.64718	448.87387	399.58578	236.63556	382.31101	552.77541	526.21379	400.90568	494.26625	653.74171	545.69716	108.04285	80.78537	108.04285	11.77073	0.48357	57.94985	17.72709	7.84E-05	2.69098	1.02E-05	1.31E+07	7.69E-08	27.68143	178.96284	6.59E-05	0.00561	2.61E-05	2.38E-05
0.2172	16.69484	19.73708	7.64319	30.77117	24.93438	92.77757	3.60552	1.20068	0.33762	0.68509	0.67927	0.49683	0.05413	0.04411	0.03082	0.03082	0.1574	89.84427	2.94265	2.29296	nan	2.00472	nan	0.29611	0.60164	0.2138	0.40361	0.07649	0.00296	0.36982	0.69005	0.30448	48.13221	597.52678	629.37967	542.17325	652.74052	399.09089	628.63875	84.771	504.44387	449.01972	398.51176	239.3086	381.75406	552.7827	525.97109	401.92475	495.3383	653.76338	545.80129	107.96029	79.80287	107.96029	12.04446	0.47706	57.82521	17.68897	7.83E-05	2.69109	1.02E-05	1.30E+07	7.72E-08	27.67725	178.42984	6.58E-05	0.00563	2.61E-05	2.38E-05
0.2176	16.32431	20.30796	7.65531	29.70067	25.79203	92.6367	3.70413	1.23345	0.34882	0.69602	0.66783	0.49562	0.05454	0.0449	0.03056	0.03056	0.16014	89.66389	3.06063	2.25278	nan	2.00469	nan	0.29953	0.6292	0.21388	0.42553	0.07393	0.00301	0.37748	0.70494	0.31145	49.1226	597.42426	628.58101	544.79068	652.82093	398.73405	629.03752	84.771	503.24055	449.16558	397.43774	241.98164	381.19711	552.78999	525.72838	402.94382	496.41034	653.78505	545.90543	107.87772	78.82036	107.87772	12.3182	0.47054	57.70057	17.65085	7.82E-05	2.69119	1.02E-05	1.30E+07	7.74E-08	27.67307	177.89684	6.56E-05	0.00565	2.61E-05	2.38E-05
0.218	15.95379	20.87884	7.66743	28.63017	26.64967	92.49583	3.80274	1.26622	0.36002	0.70695	0.65639	0.49442	0.05495	0.04568	0.0303	0.0303	0.16289	89.48351	3.17861	2.2126	nan	2.00466	nan	0.30294	0.65676	0.21397	0.44745	0.07137	0.00307	0.38514	0.71983	0.31842	50.113	597.32175	627.78235	547.40811	652.90134	398.37721	629.4363	84.771	502.03724	449.31144	396.36373	244.65468	380.64017	552.79729	525.48567	403.96289	497.48239	653.80671	546.00956	107.79515	77.83786	107.79515	12.59193	0.46402	57.57593	17.61273	7.81E-05	2.69129	1.02E-05	1.29E+07	7.77E-08	27.66889	177.36384	6.54E-05	0.00567	2.60E-05	2.38E-05
0.2184	15.58327	21.44973	7.67955	27.55966	27.50731	92.35496	3.90136	1.29899	0.37122	0.71789	0.64494	0.49321	0.05536	0.04647	0.03004	0.03004	0.16563	89.30313	3.29659	2.17242	nan	2.00463	nan	0.30635	0.68432	0.21406	0.46937	0.06882	0.00312	0.39279	0.73472	0.32539	51.1034	597.21923	626.98369	550.02554	652.98174	398.02037	629.83507	84.771	500.83393	449.45729	395.28971	247.32772	380.08322	552.80458	525.24296	404.98196	498.55443	653.82838	546.11369	107.71259	76.85535	107.71259	12.86566	0.4575	57.45129	17.5746	7.80E-05	2.69139	1.02E-05	1.29E+07	7.79E-08	27.66471	176.83084	6.52E-05	0.00568	2.60E-05	2.37E-05
0.2188	15.21275	22.02061	7.69167	26.48916	28.36496	92.2141	3.99997	1.33176	0.38242	0.72882	0.6335	0.49201	0.05577	0.04725	0.02978	0.02978	0.16837	89.12275	3.41457	2.13225	nan	2.0046	nan	0.30977	0.71188	0.21414	0.49129	0.06626	0.00317	0.40045	0.74961	0.33236	52.09379	597.11672	626.18503	552.64297	653.06215	397.66353	630.23385	84.771	499.63062	449.60315	394.21569	250.00076	379.52628	552.81187	525.00026	406.00103	499.62648	653.85005	546.21783	107.63002	75.87285	107.63002	13.1394	0.45098	57.32665	17.53648	7.79E-05	2.69149	1.02E-05	1.29E+07	7.82E-08	27.66053	176.29783	6.51E-05	0.0057	2.60E-05	2.37E-05
0.2192	14.84223	22.59149	7.70379	25.41865	29.2226	92.07323	4.09859	1.36453	0.39362	0.73976	0.62206	0.49081	0.05618	0.04803	0.02952	0.02952	0.17112	88.94236	3.53255	2.09207	nan	2.00457	nan	0.31318	0.73944	0.21423	0.51321	0.06371	0.00323	0.4081	0.7645	0.33933	53.08419	597.0142	625.38637	555.2604	653.14256	397.30669	630.63262	84.771	498.42731	449.74901	393.14167	252.6738	378.96933	552.81916	524.75755	407.0201	500.69852	653.87171	546.32196	107.54745	74.89035	107.54745	13.41313	0.44446	57.20201	17.49836	7.78E-05	2.6916	1.02E-05	1.28E+07	7.84E-08	27.65635	175.76483	6.49E-05	0.00572	2.59E-05	2.37E-05
0.2196	14.47171	23.16237	7.71591	24.34815	30.08024	91.93236	4.1972	1.3973	0.40482	0.75069	0.61062	0.4896	0.05659	0.04882	0.02926	0.02926	0.17386	88.76198	3.65053	2.05189	nan	2.00454	nan	0.31659	0.767	0.21431	0.53513	0.06115	0.00328	0.41576	0.77939	0.3463	54.07458	596.91169	624.5877	557.87783	653.22297	396.94985	631.03139	84.771	497.224	449.89486	392.06765	255.34684	378.41239	552.82645	524.51484	408.03917	501.77056	653.89338	546.4261	107.46489	73.90784	107.46489	13.68687	0.43794	57.07737	17.46024	7.77E-05	2.6917	1.02E-05	1.28E+07	7.87E-08	27.65217	175.23183	6.47E-05	0.00573	2.59E-05	2.36E-05
0.22	14.1054	23.7301	7.72786	23.2808	30.93384	91.79217	4.29536	1.42989	0.41597	0.76159	0.59922	0.48839	0.057	0.0496	0.029	0.029	0.17659	88.5825	3.76797	2.01183	nan	2.00451	nan	0.31997	0.79445	0.21438	0.55698	0.0586	0.00333	0.42339	0.79422	0.35323	55.06068	596.81087	623.7928	560.48371	653.30236	396.59365	631.43017	84.771	496.02539	450.0485	391.00029	258.01024	377.85322	552.83375	524.25876	409.05153	502.83421	653.91421	546.53102	107.38069	72.92859	107.38069	13.95895	0.43144	56.95333	17.4223	7.76E-05	2.6918	1.02E-05	1.27E+07	7.89E-08	27.64801	174.70138	6.45E-05	0.00575	2.59E-05	2.36E-05
0.2204	15.65273	22.86702	7.66214	23.6432	29.9524	91.95976	4.18704	1.38213	0.40339	0.75626	0.60765	0.48552	0.05776	0.04897	0.0291	0.0291	0.17317	88.81078	3.64186	2.02578	nan	2.00448	nan	0.30849	0.77087	0.20589	0.54588	0.06081	0.00329	0.42004	0.78147	0.34496	54.09612	597.47795	624.70091	557.85334	652.92005	396.5276	631.82894	84.771	496.96013	453.73036	392.95097	256.29955	376.28831	552.84104	517.93877	407.02024	500.08769	653.55441	546.99302	106.55899	73.42349	106.55899	13.48014	0.43511	57.10337	17.46819	7.77E-05	2.69113	1.02E-05	1.28E+07	7.86E-08	27.65269	175.32938	6.48E-05	0.00573	2.59E-05	2.36E-05
0.2208	17.20006	22.00393	7.59641	24.0056	28.97095	92.12735	4.07871	1.33437	0.39081	0.75094	0.61608	0.48264	0.05852	0.04835	0.0292	0.0292	0.16974	89.03906	3.51575	2.03973	nan	2.00445	nan	0.29701	0.74729	0.19739	0.53478	0.06302	0.00324	0.41668	0.76872	0.33669	53.13157	598.14504	625.60902	555.22297	652.53774	396.46155	632.22772	84.771	497.89486	457.41222	394.90164	254.58886	374.7234	552.84833	511.61878	404.98895	497.34117	653.19461	547.45502	105.73729	73.91839	105.73729	13.00134	0.43879	57.25341	17.51409	7.78E-05	2.69045	1.02E-05	1.28E+07	7.84E-08	27.65737	175.95739	6.50E-05	0.00571	2.59E-05	2.37E-05
0.2212	18.74738	21.14085	7.53069	24.368	27.98951	92.29493	3.97039	1.28661	0.37823	0.74562	0.62451	0.47977	0.05928	0.04773	0.0293	0.0293	0.16632	89.26734	3.38964	2.05367	nan	2.00442	nan	0.28553	0.72371	0.18889	0.52368	0.06523	0.00319	0.41332	0.75597	0.32842	52.16701	598.81213	626.51713	552.5926	652.15543	396.3955	632.62649	84.771	498.8296	461.09408	396.85231	252.87818	373.15849	552.85562	505.29879	402.95767	494.59464	652.8348	547.91702	104.91558	74.41329	104.91558	12.52254	0.44246	57.40345	17.55998	7.80E-05	2.68978	1.02E-05	1.29E+07	7.81E-08	27.66205	176.58539	6.52E-05	0.00569	2.60E-05	2.37E-05
0.2216	20.29471	20.27777	7.46497	24.7304	27.00807	92.46252	3.86206	1.23885	0.36565	0.74029	0.63295	0.47689	0.06004	0.0471	0.0294	0.0294	0.1629	89.49563	3.26353	2.06762	nan	2.00439	nan	0.27405	0.70013	0.1804	0.51258	0.06744	0.00315	0.40997	0.74322	0.32015	51.20245	599.47921	627.42524	549.96223	651.77312	396.32945	633.02526	84.771	499.76434	464.77593	398.80299	251.16749	371.59357	552.86291	498.97879	400.92638	491.84812	652.475	548.37902	104.09388	74.9082	104.09388	12.04374	0.44614	57.55349	17.60587	7.81E-05	2.68911	1.02E-05	1.29E+07	7.78E-08	27.66673	177.21339	6.54E-05	0.00567	2.60E-05	2.37E-05
0.222	21.84204	19.41468	7.39925	25.0928	26.02662	92.63011	3.75374	1.19109	0.35307	0.73497	0.64138	0.47401	0.0608	0.04648	0.0295	0.0295	0.15947	89.72391	3.13742	2.08157	nan	2.00436	nan	0.26257	0.67655	0.1719	0.50148	0.06964	0.0031	0.40661	0.73047	0.31188	50.2379	600.1463	628.33336	547.33186	651.39081	396.26339	633.42404	84.771	500.69908	468.45779	400.75366	249.4568	370.02866	552.8702	492.6588	398.89509	489.1016	652.1152	548.84103	103.27218	75.4031	103.27218	11.56494	0.44981	57.70353	17.65176	7.82E-05	2.68844	1.02E-05	1.30E+07	7.76E-08	27.67141	177.84139	6.56E-05	0.00565	2.61E-05	2.38E-05
0.2224	23.38936	18.5516	7.33353	25.45521	25.04518	92.7977	3.64542	1.14333	0.34049	0.72964	0.64981	0.47114	0.06156	0.04585	0.0296	0.0296	0.15605	89.95219	3.01131	2.09552	nan	2.00433	nan	0.25109	0.65297	0.16341	0.49038	0.07185	0.00305	0.40326	0.71772	0.30361	49.27334	600.81339	629.24147	544.70149	651.0085	396.19734	633.82281	84.771	501.63381	472.13965	402.70434	247.74612	368.46375	552.8775	486.33881	396.8638	486.35508	651.7554	549.30303	102.45047	75.898	102.45047	11.08614	0.45349	57.85357	17.69765	7.83E-05	2.68777	1.02E-05	1.30E+07	7.73E-08	27.67609	178.4694	6.58E-05	0.00563	2.61E-05	2.38E-05
0.2228	24.93669	17.68852	7.26781	25.81761	24.06373	92.96529	3.53709	1.09557	0.32791	0.72432	0.65824	0.46826	0.06232	0.04523	0.0297	0.0297	0.15262	90.18047	2.8852	2.10947	nan	2.0043	nan	0.23961	0.62939	0.15491	0.47928	0.07406	0.00301	0.3999	0.70497	0.29534	48.30879	601.48047	630.14958	542.07112	650.62619	396.13129	634.22159	84.771	502.56855	475.82151	404.65501	246.03543	366.89883	552.88479	480.01882	394.83251	483.60856	651.3956	549.76503	101.62877	76.3929	101.62877	10.60733	0.45716	58.00361	17.74355	7.84E-05	2.68709	1.02E-05	1.30E+07	7.70E-08	27.68077	179.0974	6.60E-05	0.00561	2.61E-05	2.39E-05
0.2232	26.48401	16.82543	7.20209	26.18001	23.08229	93.13288	3.42877	1.04781	0.31533	0.719	0.66667	0.46539	0.06308	0.04461	0.0298	0.0298	0.1492	90.40875	2.75909	2.12342	nan	2.00427	nan	0.22813	0.60581	0.14641	0.46818	0.07627	0.00296	0.39654	0.69222	0.28707	47.34423	602.14756	631.05769	539.44075	650.24388	396.06524	634.62036	nan	503.50329	479.50337	406.60569	244.32474	365.33392	552.89208	473.69883	392.80123	480.86204	651.0358	550.22703	100.80707	76.8878	100.80707	10.12853	0.46083	58.15365	17.78944	7.86E-05	2.68642	1.02E-05	1.31E+07	7.68E-08	27.68545	179.7254	6.62E-05	0.00559	2.62E-05	2.39E-05
0.2236	28.03134	15.96235	7.13637	26.54241	22.10085	93.30047	3.32044	1.00005	0.30275	0.71367	0.67511	0.46251	0.06384	0.04398	0.0299	0.0299	0.14578	90.63703	2.63298	2.13736	nan	2.00424	nan	0.21665	0.58223	0.13792	0.45708	0.07848	0.00291	0.39319	0.67947	0.2788	46.37968	602.81465	631.9658	536.81038	649.86157	395.99918	635.01913	nan	504.43802	483.18523	408.55636	242.61405	363.76901	552.89937	467.37884	390.76994	478.11552	650.676	550.68903	99.98536	77.38271	99.98536	9.64973	0.46451	58.3037	17.83533	7.87E-05	2.68575	1.02E-05	1.31E+07	7.65E-08	27.69013	180.3534	6.64E-05	0.00557	2.62E-05	2.39E-05
0.224	29.57867	15.09927	7.07065	26.90481	21.1194	93.46806	3.21212	0.95229	0.29017	0.70835	0.68354	0.45963	0.0646	0.04336	0.03	0.03	0.14235	90.86531	2.50687	2.15131	nan	2.00421	nan	0.20517	0.55865	0.12942	0.44598	0.08068	0.00287	0.38983	0.66672	0.27053	45.41512	603.48173	632.87391	534.18001	649.47926	395.93313	635.41791	nan	505.37276	486.86709	410.50704	240.90337	362.20409	552.90666	461.05884	388.73865	475.369	650.31619	551.15103	99.16366	77.87761	99.16366	9.17093	0.46818	58.45374	17.88122	7.88E-05	2.68508	1.02E-05	1.32E+07	7.62E-08	27.69481	180.98141	6.67E-05	0.00555	2.63E-05	2.40E-05
0.2244	31.12599	14.23618	7.00493	27.26721	20.13796	93.63564	3.10379	0.90453	0.27759	0.70302	0.69197	0.45676	0.06536	0.04273	0.0301	0.0301	0.13893	91.09359	2.38076	2.16526	nan	2.00418	nan	0.19369	0.53507	0.12092	0.43488	0.08289	0.00282	0.38648	0.65397	0.26226	44.45056	604.14882	633.78203	531.54964	649.09695	395.86708	635.81668	nan	506.3075	490.54895	412.45771	239.19268	360.63918	552.91395	454.73885	386.70736	472.62248	649.95639	551.61304	98.34196	78.37251	98.34196	8.69213	0.47186	58.60378	17.92711	7.89E-05	2.68441	1.02E-05	1.32E+07	7.60E-08	27.69949	181.60941	6.69E-05	0.00553	2.63E-05	2.40E-05
0.2248	32.67332	13.3731	6.93921	27.62961	19.15651	93.80323	2.99547	0.85677	0.26501	0.6977	0.7004	0.45388	0.06612	0.04211	0.0302	0.0302	0.1355	91.32187	2.25465	2.17921	nan	2.00415	nan	0.18221	0.51149	0.11243	0.42378	0.0851	0.00277	0.38312	0.64122	0.25399	43.48601	604.81591	634.69014	528.91927	648.71464	395.80103	636.21546	nan	507.24223	494.2308	414.40839	237.48199	359.07427	552.92125	448.41886	384.67607	469.87596	649.59659	552.07504	97.52025	78.86741	97.52025	8.21332	0.47553	58.75382	17.97301	7.91E-05	2.68373	1.02E-05	1.33E+07	7.57E-08	27.70417	182.23741	6.71E-05	0.00551	2.64E-05	2.40E-05
0.2252	34.22064	12.51002	6.87349	27.99202	18.17507	93.97082	2.88714	0.80901	0.25243	0.69238	0.70883	0.45101	0.06688	0.04149	0.0303	0.0303	0.13208	91.55015	2.12854	2.19316	nan	2.00412	nan	0.17073	0.48791	0.10393	0.41268	0.08731	0.00273	0.37976	0.62847	0.24572	42.52145	605.48299	635.59825	526.2889	648.33234	395.73498	636.61423	nan	508.17697	497.91266	416.35906	235.77131	357.50936	552.92854	442.09887	382.64479	467.12943	649.23679	552.53704	96.69855	79.36231	96.69855	7.73452	0.47921	58.90386	18.0189	7.92E-05	2.68306	1.02E-05	1.33E+07	7.54E-08	27.70885	182.86541	6.73E-05	0.00549	2.64E-05	2.41E-05
0.2256	35.76797	11.64693	6.80777	28.35442	17.19363	94.13841	2.77882	0.76125	0.23985	0.68705	0.71727	0.44813	0.06764	0.04086	0.0304	0.0304	0.12866	91.77844	2.00243	2.2071	nan	2.00409	nan	0.15925	0.46433	0.09544	0.40157	0.08952	0.00268	0.37641	0.61572	0.23745	41.5569	606.15008	636.50636	523.65853	647.95003	395.66892	637.01301	nan	509.11171	501.59452	418.30973	234.06062	355.94444	552.93583	435.77888	380.6135	464.38291	648.87699	552.99904	95.87685	79.85722	95.87685	7.25572	0.48288	59.0539	18.06479	7.93E-05	2.68239	1.02E-05	1.34E+07	7.52E-08	27.71353	183.49342	6.75E-05	0.00547	2.64E-05	2.41E-05
0.226	37.3153	10.78385	6.74205	28.71682	16.21218	94.306	2.6705	0.71349	0.22727	0.68173	0.7257	0.44525	0.0684	0.04024	0.0305	0.0305	0.12523	92.00672	1.87631	2.22105	nan	2.00406	nan	0.14777	0.44075	0.08694	0.39047	0.09172	0.00263	0.37305	0.60297	0.22918	40.59234	606.81717	637.41447	521.02816	647.56772	395.60287	637.41178	nan	510.04645	505.27638	420.26041	232.34993	354.37953	552.94312	429.45888	378.58221	461.63639	648.51719	553.46104	95.05514	80.35212	95.05514	6.77692	0.48656	59.20394	18.11068	7.94E-05	2.68172	1.02E-05	1.34E+07	7.49E-08	27.71821	184.12142	6.77E-05	0.00545	2.65E-05	2.42E-05
0.2264	38.86262	9.92077	6.67633	29.07922	15.23074	94.47359	2.56217	0.66573	0.21469	0.6764	0.73413	0.44238	0.06916	0.03961	0.0306	0.0306	0.12181	92.235	1.7502	2.235	nan	2.00403	nan	0.13629	0.41717	0.07844	0.37937	0.09393	0.00259	0.3697	0.59022	0.22091	39.62778	607.48425	638.32258	518.39778	647.18541	395.53682	637.81055	nan	510.98118	508.95824	422.21108	230.63925	352.81462	552.95041	423.13889	376.55092	458.88987	648.15739	553.92305	94.23344	80.84702	94.23344	6.29812	0.49023	59.35398	18.15658	7.96E-05	2.68105	1.02E-05	1.34E+07	7.46E-08	27.72289	184.74942	6.79E-05	0.00543	2.65E-05	2.42E-05
0.2268	40.40995	9.05768	6.61061	29.44162	14.24929	94.64118	2.45385	0.61797	0.20211	0.67108	0.74256	0.4395	0.06992	0.03899	0.0307	0.0307	0.11838	92.46328	1.62409	2.24895	nan	2.004	nan	0.12481	0.39359	0.06995	0.36827	0.09614	0.00254	0.36634	0.57747	0.21264	38.66323	608.15134	639.2307	515.76741	646.8031	395.47077	638.20933	nan	511.91592	512.6401	424.16176	228.92856	351.2497	552.95771	416.8189	374.51963	456.14335	647.79758	554.38505	93.41174	81.34192	93.41174	5.81931	0.4939	59.50402	18.20247	7.97E-05	2.68037	1.02E-05	1.35E+07	7.44E-08	27.72757	185.37742	6.81E-05	0.00541	2.66E-05	2.42E-05
0.2272	41.95728	8.1946	6.54489	29.80402	13.26785	94.80876	2.34552	0.57021	0.18953	0.66576	0.751	0.43663	0.07068	0.03837	0.0308	0.0308	0.11496	92.69156	1.49798	2.2629	nan	2.00397	nan	0.11333	0.37001	0.06145	0.35717	0.09835	0.00249	0.36298	0.56472	0.20437	37.69867	608.81843	640.13881	513.13704	646.42079	395.40471	638.6081	nan	512.85066	516.32196	426.11243	227.21787	349.68479	552.965	410.49891	372.48834	453.39683	647.43778	554.84705	92.59003	81.83682	92.59003	5.34051	0.49758	59.65406	18.24836	7.98E-05	2.6797	1.02E-05	1.35E+07	7.41E-08	27.73225	186.00543	6.84E-05	0.00539	2.66E-05	2.43E-05
0.2276	43.5046	7.33152	6.47917	30.16642	12.28641	94.97635	2.2372	0.52245	0.17695	0.66043	0.75943	0.43375	0.07144	0.03774	0.0309	0.0309	0.11154	92.91984	1.37187	2.27684	nan	2.00394	nan	0.10185	0.34643	0.05296	0.34607	0.10056	0.00245	0.35963	0.55197	0.1961	36.73412	609.48551	641.04692	510.50667	646.03848	395.33866	639.00688	nan	513.78539	520.00382	428.06311	225.50719	348.11988	552.97229	404.17892	370.45706	450.65031	647.07798	555.30905	91.76833	82.33173	91.76833	4.86171	0.50125	59.8041	18.29425	7.99E-05	2.67903	1.02E-05	1.36E+07	7.38E-08	27.73693	186.63343	6.86E-05	0.00537	2.66E-05	2.43E-05
0.228	45.05193	6.46843	6.41345	30.52883	11.30496	95.14394	2.12887	0.47469	0.16437	0.65511	0.76786	0.43087	0.0722	0.03712	0.031	0.031	0.10811	93.14812	1.24576	2.29079	nan	2.00391	nan	0.09037	0.32285	0.04446	0.33497	0.10277	0.0024	0.35627	0.53922	0.18783	35.76956	610.1526	641.95503	507.8763	645.65617	395.27261	639.40565	nan	514.72013	523.68567	430.01378	223.7965	346.55497	552.97958	397.85892	368.42577	447.90379	646.71818	555.77105	90.94663	82.82663	90.94663	4.38291	0.50493	59.95414	18.34014	8.01E-05	2.67836	1.02E-05	1.36E+07	7.36E-08	27.74161	187.26143	6.88E-05	0.00535	2.67E-05	2.43E-05
0.2284	46.59925	5.60535	6.34773	30.89123	10.32352	95.31153	2.02055	0.42693	0.15179	0.64978	0.77629	0.428	0.07296	0.03649	0.0311	0.0311	0.10469	93.3764	1.11965	2.30474	nan	2.00388	nan	0.07889	0.29927	0.03596	0.32387	0.10497	0.00235	0.35292	0.52647	0.17956	34.805	610.81969	642.86314	505.24593	645.27386	395.20656	639.80442	nan	515.65487	527.36753	431.96446	222.08581	344.99005	552.98687	391.53893	366.39448	445.15727	646.35838	556.23306	90.12492	83.32153	90.12492	3.90411	0.5086	60.10418	18.38604	8.02E-05	2.67769	1.02E-05	1.37E+07	7.33E-08	27.74629	187.88943	6.90E-05	0.00533	2.67E-05	2.44E-05
0.2288	48.14658	4.74227	6.28201	31.25363	9.34207	95.47912	1.91222	0.37917	0.13921	0.64446	0.78472	0.42512	0.07372	0.03587	0.0312	0.0312	0.10126	93.60468	0.99354	2.31869	nan	2.00385	nan	0.06741	0.27569	0.02747	0.31277	0.10718	0.00231	0.34956	0.51372	0.17129	33.84045	611.48677	643.77125	502.61556	644.89155	395.1405	640.2032	nan	516.58961	531.04939	433.91513	220.37513	343.42514	552.99416	385.21894	364.36319	442.41075	645.99858	556.69506	89.30322	83.81643	89.30322	3.4253	0.51228	60.25422	18.43193	8.03E-05	2.67701	1.02E-05	1.37E+07	7.30E-08	27.75097	188.51744	6.92E-05	0.00531	2.68E-05	2.44E-05
0.2292	49.69391	3.87918	6.21629	31.61603	8.36063	95.64671	1.8039	0.33141	0.12663	0.63914	0.79316	0.42225	0.07448	0.03525	0.0313	0.0313	0.09784	93.83296	0.86743	2.33264	nan	2.00382	nan	0.05593	0.25211	0.01897	0.30167	0.10939	0.00226	0.3462	0.50097	0.16302	32.87589	612.15386	644.67937	499.98519	644.50924	395.07445	640.60197	nan	517.52434	534.73125	435.8658	218.66444	341.86023	553.00146	378.89895	362.3319	439.66422	645.63878	557.15706	88.48152	84.31133	88.48152	2.9465	0.51595	60.40426	18.47782	8.04E-05	2.67634	1.02E-05	1.38E+07	7.28E-08	27.75565	189.14544	6.94E-05	0.00529	2.68E-05	2.45E-05
0.2296	51.24123	3.0161	6.15057	31.97843	7.37919	95.8143	1.69558	0.28365	0.11405	0.63381	0.80159	0.41937	0.07524	0.03462	0.0314	0.0314	0.09442	94.06124	0.74132	2.34658	nan	2.00379	nan	0.04445	0.22853	0.01048	0.29057	0.1116	0.00221	0.34285	0.48822	0.15475	31.91134	612.82095	645.58748	497.35482	644.12693	395.0084	641.00075	nan	518.45908	538.41311	437.81648	216.95375	340.29531	553.00875	372.57896	360.30062	436.9177	645.27897	557.61906	87.65981	84.80624	87.65981	2.4677	0.51962	60.5543	18.52371	8.06E-05	2.67567	1.02E-05	1.38E+07	7.25E-08	27.76033	189.77344	6.96E-05	0.00527	2.68E-05	2.45E-05
0.23	52.7828	2.15494	6.08618	32.33761	6.40347	95.98107	1.5879	0.23602	0.10154	0.62852	0.80996	0.4165	0.076	0.034	0.0315	0.0315	0.091	94.28859	0.61586	2.36038	nan	2.00376	nan	0.03302	0.20508	0.00204	0.27947	0.11381	0.00217	0.33952	0.47554	0.14652	30.9519	613.48519	646.49055	494.73228	643.74168	394.9406	641.39952	nan	519.39382	542.08678	439.76715	215.24307	338.73995	553.01604	366.28764	358.27615	434.18164	644.92156	558.07857	86.84299	85.29549	86.84299	1.99203	0.52329	60.70372	18.56941	8.07E-05	2.675	1.02E-05	1.38E+07	7.22E-08	27.76498	190.39891	6.98E-05	0.00525	2.69E-05	2.45E-05
0.2304	51.8266	2.12834	6.59838	31.29901	7.91288	95.79279	1.7601	0.24689	0.12092	0.63888	0.792	0.41608	0.07592	0.03412	0.03112	0.03112	0.09164	94.10981	0.77202	2.30732	nan	2.00373	nan	0.0411	0.2384	0.01792	0.26837	0.11601	0.00212	0.35018	0.49134	0.15534	32.21303	612.91394	645.20674	495.50777	642.082	394.11309	641.79829	nan	520.32855	542.20802	441.71783	213.53238	341.32728	553.02333	372.43368	359.21123	435.98002	645.59996	557.45777	88.14179	83.33308	88.14179	2.87604	0.52342	60.58166	18.53207	8.05E-05	2.67448	1.02E-05	1.38E+07	7.25E-08	27.75798	189.92691	6.97E-05	0.00527	2.68E-05	2.45E-05
0.2308	50.87039	2.10174	7.11058	30.2604	9.42228	95.60451	1.9323	0.25775	0.1403	0.64924	0.77404	0.41566	0.07584	0.03424	0.03074	0.03074	0.09228	93.93103	0.92818	2.25426	nan	2.0037	nan	0.04918	0.27172	0.0338	0.25727	0.11822	0.00207	0.36084	0.50714	0.16416	33.47415	612.3427	643.92294	496.28325	640.42231	393.28559	642.19707	nan	521.26329	542.32926	443.6685	211.82169	343.91461	553.03062	378.57973	360.14632	437.77841	646.27837	556.83697	89.4406	81.37067	89.4406	3.76004	0.52355	60.4596	18.49473	8.04E-05	2.67396	1.02E-05	1.38E+07	7.27E-08	27.75098	189.45491	6.96E-05	0.00528	2.68E-05	2.44E-05
0.2312	49.91419	2.07514	7.62278	29.2218	10.93169	95.41622	2.1045	0.26861	0.15968	0.6596	0.75608	0.41524	0.07576	0.03436	0.03036	0.03036	0.09292	93.75225	1.08434	2.2012	nan	2.00367	nan	0.05726	0.30504	0.04968	0.24617	0.12043	0.00203	0.3715	0.52294	0.17298	34.73528	611.77146	642.63913	497.05873	638.76262	392.45809	642.59584	nan	522.19803	542.4505	445.61918	210.111	346.50194	553.03792	384.72577	361.0814	439.5768	646.95677	556.21616	90.7394	79.40826	90.7394	4.64404	0.52368	60.33754	18.45739	8.02E-05	2.67344	1.02E-05	1.37E+07	7.30E-08	27.74398	188.98291	6.94E-05	0.0053	2.67E-05	2.44E-05
0.2316	48.95799	2.04854	8.13499	28.18319	12.4411	95.22794	2.2767	0.27947	0.17906	0.66996	0.73812	0.41482	0.07568	0.03448	0.02998	0.02998	0.09356	93.57347	1.2405	2.14814	nan	2.00364	nan	0.06534	0.33836	0.06556	0.23507	0.12264	0.00198	0.38216	0.53874	0.1818	35.9964	611.20022	641.35533	497.83422	637.10294	391.63058	642.99462	nan	523.13276	542.57174	447.56985	208.40032	349.08927	553.04521	390.87181	362.01649	441.37519	647.63517	555.59536	92.03821	77.44586	92.03821	5.52805	0.52381	60.21548	18.42005	8.01E-05	2.67292	1.02E-05	1.37E+07	7.32E-08	27.73698	188.51091	6.93E-05	0.00531	2.67E-05	2.43E-05
0.232	48.00178	2.02194	8.64719	27.14459	13.9505	95.03966	2.4489	0.29033	0.19844	0.68032	0.72016	0.4144	0.0756	0.0346	0.0296	0.0296	0.0942	93.39469	1.39666	2.09508	nan	2.00361	nan	0.07342	0.37168	0.08144	0.22397	0.12485	0.00193	0.39282	0.55454	0.19062	37.25753	610.62897	640.07152	498.6097	635.44325	390.80308	643.39339	nan	524.0675	542.69298	449.52053	206.68963	351.6766	553.0525	397.01786	362.95157	443.17357	648.31357	554.97456	93.33701	75.48345	93.33701	6.41205	0.52394	60.09342	18.38271	7.99E-05	2.6724	1.02E-05	1.36E+07	7.35E-08	27.72998	188.0389	6.92E-05	0.00533	2.66E-05	2.43E-05
0.2324	47.04558	1.99534	9.15939	26.10599	15.45991	94.85138	2.6211	0.30119	0.21783	0.69068	0.7022	0.41398	0.07552	0.03472	0.02922	0.02922	0.09484	93.2159	1.55282	2.04202	nan	2.00358	nan	0.0815	0.405	0.09732	0.21287	0.12705	0.00189	0.40348	0.57034	0.19944	38.51865	610.05773	638.78772	499.38518	633.78356	389.97558	643.79217	nan	525.00224	542.81422	451.4712	204.97894	354.26393	553.05979	403.1639	363.88665	444.97196	648.99198	554.35376	94.63582	73.52104	94.63582	7.29605	0.52407	59.97136	18.34537	7.98E-05	2.67188	1.02E-05	1.36E+07	7.37E-08	27.72298	187.5669	6.90E-05	0.00534	2.66E-05	2.43E-05
0.2328	46.08937	1.96874	9.67159	25.06738	16.96931	94.6631	2.7933	0.31205	0.23721	0.70104	0.68424	0.41356	0.07544	0.03484	0.02884	0.02884	0.09548	93.03712	1.70898	1.98896	nan	2.00355	nan	0.08958	0.43832	0.1132	0.20177	0.12926	0.00184	0.41414	0.58614	0.20826	39.77978	609.48649	637.50391	500.16067	632.12388	389.14807	644.19094	nan	525.93698	542.93546	453.42187	203.26826	356.85126	553.06708	409.30995	364.82174	446.77035	649.67038	553.73295	95.93462	71.55863	95.93462	8.18006	0.5242	59.8493	18.30803	7.96E-05	2.67136	1.02E-05	1.36E+07	7.40E-08	27.71598	187.0949	6.89E-05	0.00536	2.65E-05	2.42E-05
0.2332	45.13317	1.94214	10.18379	24.02878	18.47872	94.47482	2.9655	0.32291	0.25659	0.7114	0.66628	0.41314	0.07536	0.03496	0.02846	0.02846	0.09612	92.85834	1.86514	1.9359	nan	2.00352	nan	0.09766	0.47164	0.12908	0.19067	0.13147	0.00179	0.4248	0.60194	0.21708	41.0409	608.91525	636.22011	500.93615	630.46419	388.32057	644.58971	nan	526.87171	543.0567	455.37255	201.55757	359.43859	553.07437	415.45599	365.75682	448.56873	650.34878	553.11215	97.23343	69.59622	97.23343	9.06406	0.52433	59.72724	18.27069	7.94E-05	2.67084	1.02E-05	1.35E+07	7.43E-08	27.70898	186.6229	6.87E-05	0.00538	2.65E-05	2.42E-05
0.2336	44.17697	1.91554	10.696	22.99017	19.98813	94.28654	3.1377	0.33377	0.27597	0.72176	0.64832	0.41272	0.07528	0.03508	0.02808	0.02808	0.09676	92.67956	2.0213	1.88284	nan	2.00349	nan	0.10574	0.50496	0.14496	0.17957	0.13368	0.00175	0.43546	0.61774	0.2259	42.30203	608.34401	634.9363	501.71163	628.8045	387.49307	644.98849	nan	527.80645	543.17794	457.32322	199.84688	362.02592	553.08167	421.60204	366.6919	450.36712	651.02718	552.49135	98.53223	67.63382	98.53223	9.94807	0.52446	59.60517	18.23335	7.93E-05	2.67032	1.02E-05	1.35E+07	7.45E-08	27.70198	186.1509	6.86E-05	0.00539	2.64E-05	2.41E-05
0.234	43.22076	1.88894	11.2082	21.95157	21.49753	94.09826	3.3099	0.34463	0.29535	0.73212	0.63036	0.4123	0.0752	0.0352	0.0277	0.0277	0.0974	92.50078	2.17747	1.82978	nan	2.00346	nan	0.11382	0.53828	0.16084	0.16847	0.13589	0.0017	0.44612	0.63354	0.23472	43.56315	607.77276	633.6525	502.48711	627.14482	386.66556	645.38726	nan	528.74119	543.29918	459.2739	198.1362	364.61325	553.08896	427.74808	367.62699	452.16551	651.70559	551.87055	99.83104	65.67141	99.83104	10.83207	0.52459	59.48311	18.19601	7.91E-05	2.6698	1.02E-05	1.35E+07	7.48E-08	27.69498	185.6789	6.85E-05	0.00541	2.64E-05	2.41E-05
0.2344	42.26456	1.86234	11.7204	20.91297	23.00694	93.90998	3.4821	0.35549	0.31473	0.74248	0.6124	0.41188	0.07512	0.03532	0.02732	0.02732	0.09804	92.322	2.33363	1.77672	nan	2.00343	nan	0.1219	0.5716	0.17672	0.15737	0.13809	0.00165	0.45678	0.64934	0.24354	44.82428	607.20152	632.36869	503.2626	625.48513	385.83806	645.78604	nan	529.67592	543.42042	461.22457	196.42551	367.20058	553.09625	433.89413	368.56207	453.9639	652.38399	551.24974	101.12984	63.709	101.12984	11.71607	0.52472	59.36105	18.15867	7.90E-05	2.66928	1.02E-05	1.34E+07	7.50E-08	27.68798	185.20689	6.83E-05	0.00542	2.63E-05	2.40E-05
0.2348	41.30835	1.83574	12.2326	19.87436	24.51634	93.7217	3.6543	0.36635	0.33411	0.75284	0.59444	0.41146	0.07504	0.03544	0.02694	0.02694	0.09868	92.14322	2.48979	1.72366	nan	2.0034	nan	0.12998	0.60492	0.1926	0.14627	0.1403	0.00161	0.46745	0.66514	0.25236	46.0854	606.63028	631.08489	504.03808	623.82544	385.01056	646.18481	nan	530.61066	543.54166	463.17525	194.71482	369.78792	553.10354	440.04017	369.49716	455.76228	653.06239	550.62894	102.42865	61.74659	102.42865	12.60008	0.52486	59.23899	18.12133	7.88E-05	2.66876	1.02E-05	1.34E+07	7.53E-08	27.68098	184.73489	6.82E-05	0.00544	2.63E-05	2.40E-05
0.2352	40.35215	1.80914	12.7448	18.83576	26.02575	93.53342	3.82651	0.37721	0.35349	0.7632	0.57648	0.41104	0.07496	0.03556	0.02656	0.02656	0.09932	91.96444	2.64595	1.6706	nan	2.00337	nan	0.13806	0.63824	0.20848	0.13517	0.14251	0.00156	0.47811	0.68094	0.26118	47.34653	606.05904	629.80108	504.81356	622.16576	384.18305	646.58358	nan	531.5454	543.66291	465.12592	193.00414	372.37525	553.11083	446.18622	370.43224	457.56067	653.7408	550.00814	103.72745	59.78418	103.72745	13.48408	0.52499	59.11693	18.08399	7.87E-05	2.66824	1.02E-05	1.33E+07	7.55E-08	27.67398	184.26289	6.80E-05	0.00546	2.62E-05	2.39E-05
0.2356	39.39595	1.78254	13.25701	17.79715	27.53516	93.34514	3.99871	0.38807	0.37287	0.77356	0.55852	0.41062	0.07488	0.03568	0.02618	0.02618	0.09996	91.78566	2.80211	1.61753	nan	2.00334	nan	0.14614	0.67156	0.22436	0.12407	0.14472	0.00151	0.48877	0.69674	0.27	48.60765	605.48779	628.51728	505.58905	620.50607	383.35555	646.98236	nan	532.48014	543.78415	467.0766	191.29345	374.96258	553.11813	452.33226	371.36732	459.35906	654.4192	549.38734	105.02626	57.82178	105.02626	14.36808	0.52512	58.99487	18.04665	7.85E-05	2.66772	1.02E-05	1.33E+07	7.58E-08	27.66698	183.79089	6.79E-05	0.00547	2.62E-05	2.39E-05
0.236	38.43974	1.75594	13.76921	16.75855	29.04456	93.15686	4.17091	0.39893	0.39225	0.78392	0.54056	0.4102	0.0748	0.0358	0.0258	0.0258	0.1006	91.60688	2.95827	1.56447	nan	2.00331	nan	0.15422	0.70488	0.24024	0.11297	0.14693	0.00147	0.49943	0.71254	0.27882	49.86878	604.91655	627.23347	506.36453	618.84638	382.52805	647.38113	nan	533.41487	543.90539	469.02727	189.58276	377.54991	553.12542	458.4783	372.30241	461.15744	655.0976	548.76653	106.32507	55.85937	106.32507	15.25209	0.52525	58.87281	18.00931	7.84E-05	2.6672	1.02E-05	1.33E+07	7.60E-08	27.65998	183.31889	6.78E-05	0.00549	2.61E-05	2.38E-05
0.2364	37.48354	1.72934	14.28141	15.71994	30.55397	92.96857	4.34311	0.40979	0.41163	0.79428	0.5226	0.40978	0.07472	0.03592	0.02542	0.02542	0.10124	91.4281	3.11443	1.51141	nan	2.00328	nan	0.1623	0.7382	0.25612	0.10187	0.14913	0.00142	0.51009	0.72834	0.28764	51.1299	604.34531	625.94967	507.14001	617.1867	381.70054	647.77991	nan	534.34961	544.02663	470.97794	187.87208	380.13724	553.13271	464.62435	373.23749	462.95583	655.776	548.14573	107.62387	53.89696	107.62387	16.13609	0.52538	58.75075	17.97197	7.82E-05	2.66668	1.02E-05	1.32E+07	7.63E-08	27.65298	182.84688	6.76E-05	0.0055	2.61E-05	2.38E-05
0.2368	36.52734	1.70274	14.79361	14.68134	32.06337	92.78029	4.51531	0.42065	0.43101	0.80464	0.50464	0.40936	0.07464	0.03604	0.02504	0.02504	0.10188	91.24932	3.27059	1.45835	nan	2.00325	nan	0.17038	0.77152	0.272	0.09077	0.15134	0.00137	0.52075	0.74414	0.29646	52.39103	603.77407	624.66586	507.9155	615.52701	380.87304	648.17868	nan	535.28435	544.14787	472.92862	186.16139	382.72457	553.14	470.77039	374.17257	464.75422	656.45441	547.52493	108.92268	51.93455	108.92268	17.02009	0.52551	58.62869	17.93463	7.81E-05	2.66616	1.02E-05	1.32E+07	7.65E-08	27.64598	182.37488	6.75E-05	0.00552	2.60E-05	2.37E-05
0.2372	35.57113	1.67614	15.30581	13.64274	33.57278	92.59201	4.68751	0.43151	0.45039	0.815	0.48668	0.40894	0.07456	0.03616	0.02466	0.02466	0.10252	91.07054	3.42675	1.40529	nan	2.00322	nan	0.17846	0.80484	0.28788	0.07967	0.15355	0.00133	0.53141	0.75994	0.30528	53.65215	603.20283	623.38205	508.69098	613.86732	380.04554	648.57745	nan	536.21908	544.26911	474.87929	184.4507	385.3119	553.14729	476.91644	375.10766	466.55261	657.13281	546.90413	110.22148	49.97215	110.22148	17.9041	0.52564	58.50663	17.89729	7.79E-05	2.66564	1.02E-05	1.31E+07	7.68E-08	27.63898	181.90288	6.74E-05	0.00553	2.60E-05	2.37E-05
0.2376	34.61493	1.64954	15.81802	12.60413	35.08219	92.40373	4.85971	0.44237	0.46977	0.82536	0.46872	0.40852	0.07448	0.03628	0.02428	0.02428	0.10316	90.89176	3.58291	1.35223	nan	2.00319	nan	0.18654	0.83816	0.30376	0.06857	0.15576	0.00128	0.54207	0.77574	0.3141	54.91328	602.63158	622.09825	509.46646	612.20764	379.21803	648.97623	nan	537.15382	544.39035	476.82997	182.74002	387.89923	553.15458	483.06248	376.04274	468.35099	657.81121	546.28332	111.52029	48.00974	111.52029	18.7881	0.52577	58.38457	17.85995	7.77E-05	2.66512	1.02E-05	1.31E+07	7.70E-08	27.63198	181.43088	6.72E-05	0.00555	2.59E-05	2.36E-05
0.238	33.65872	1.62294	16.33022	11.56553	36.59159	92.21545	5.03191	0.45323	0.48915	0.83572	0.45076	0.4081	0.0744	0.0364	0.0239	0.0239	0.1038	90.71297	3.73907	1.29917	nan	2.00316	nan	0.19462	0.87148	0.31964	0.05747	0.15797	0.00123	0.55273	0.79154	0.32292	56.1744	602.06034	620.81444	510.24195	610.54795	378.39053	649.375	nan	538.08856	544.51159	478.78064	181.02933	390.48656	553.16188	489.20853	376.97783	470.14938	658.48961	545.66252	112.81909	46.04733	112.81909	19.6721	0.5259	58.26251	17.82261	7.76E-05	2.6646	1.02E-05	1.31E+07	7.73E-08	27.62498	180.95888	6.71E-05	0.00557	2.59E-05	2.36E-05
0.2384	32.70252	1.59634	16.84242	10.52692	38.101	92.02717	5.20411	0.46409	0.50853	0.84608	0.4328	0.40768	0.07432	0.03652	0.02352	0.02352	0.10444	90.53419	3.89523	1.24611	nan	2.00313	nan	0.2027	0.9048	0.33552	0.04637	0.16017	0.00119	0.56339	0.80734	0.33174	57.43553	601.4891	619.53064	511.01743	608.88826	377.56303	649.27689	nan	539.0233	544.63283	480.73132	179.31864	393.07389	553.16917	495.35457	377.91291	471.94777	659.16802	545.04172	114.1179	44.08492	114.1179	20.55611	0.52603	58.14045	17.78527	7.74E-05	2.66408	1.03E-05	1.30E+07	7.75E-08	27.61798	180.48687	6.69E-05	0.00558	2.58E-05	2.35E-05
0.2388	31.74632	1.56974	17.35462	9.48832	39.6104	91.83889	5.37631	0.47495	0.52791	0.85644	0.41484	0.40726	0.07424	0.03664	0.02314	0.02314	0.10508	90.35541	4.05139	1.19305	nan	2.0031	nan	0.21078	0.93812	0.3514	0.03527	0.16238	0.00114	0.57405	0.82314	0.34056	58.69665	600.91786	618.24683	511.79291	607.22858	376.73552	649.02552	nan	539.95803	544.75407	482.68199	177.60795	395.66122	553.17646	501.50062	378.84799	473.74615	659.84642	544.42092	115.4167	42.12251	115.4167	21.44011	0.52616	58.01839	17.74793	7.73E-05	2.66356	1.03E-05	1.30E+07	7.78E-08	27.61098	180.01487	6.68E-05	0.0056	2.58E-05	2.35E-05
0.2392	30.79011	1.54314	17.86683	8.44972	41.11981	91.65061	5.54851	0.48581	0.54729	0.8668	0.39688	0.40684	0.07416	0.03676	0.02276	0.02276	0.10572	90.17663	4.20755	1.13999	nan	2.00307	nan	0.21886	0.97144	0.36728	0.02417	0.16459	0.00109	0.58471	0.83894	0.34938	59.95778	600.34661	616.96303	512.56839	605.56889	375.90802	648.77416	nan	540.89277	544.87531	484.63267	175.89727	398.24855	553.18375	507.64666	379.78308	475.54454	660.52482	543.80012	116.71551	40.16011	116.71551	22.32411	0.52629	57.89633	17.71059	7.71E-05	2.66304	1.03E-05	1.29E+07	7.80E-08	27.60398	179.54287	6.67E-05	0.00561	2.57E-05	2.34E-05
0.2396	29.83391	1.51654	18.37903	7.41111	42.62922	91.46233	5.72071	0.49667	0.56667	0.87716	0.37892	0.40642	0.07408	0.03688	0.02238	0.02238	0.10636	89.99785	4.36371	1.08693	nan	2.00304	nan	0.22694	1.00476	0.38316	0.01307	0.1668	0.00105	0.59537	0.85474	0.3582	61.2189	599.77537	615.67922	513.34388	603.9092	375.08052	648.5228	nan	541.82751	544.99655	486.58334	174.18658	400.83588	553.19104	513.79271	380.71816	477.34293	661.20323	543.17931	118.01431	38.1977	118.01431	23.20812	0.52642	57.77427	17.67325	7.70E-05	2.66252	1.03E-05	1.29E+07	7.83E-08	27.59698	179.07087	6.65E-05	0.00563	2.57E-05	2.34E-05
0.24	28.87805	1.49527	18.88995	6.37505	44.13168	91.27466	5.89211	0.50771	0.58596	0.8875	0.36103	0.406	0.074	0.03701	0.022	0.022	0.10702	89.81934	4.51915	1.03411	nan	2.00301	nan	0.23502	1.03791	0.39902	0.00201	0.16902	0.001	0.60597	0.87044	0.36699	62.4761	599.20654	614.40082	514.11861	602.25848	374.25545	648.27143	nan	542.75976	545.08637	488.53401	172.50051	403.41659	553.19834	519.92525	381.65077	479.13826	661.87916	542.55928	119.30988	36.24639	119.30988	24.08849	0.52654	57.65258	17.63603	7.68E-05	2.66201	1.03E-05	1.29E+07	7.85E-08	27.59001	178.59972	6.64E-05	0.00565	2.56E-05	2.34E-05
0.2404	28.06705	3.69138	18.86835	6.39445	42.74777	91.34131	5.72827	0.597	0.56833	0.88749	0.37166	0.40601	0.07393	0.0391	0.022	0.022	0.11436	89.75206	4.37329	1.07845	nan	2.00298	nan	0.24266	0.99963	0.40749	0.00749	0.17902	0.00165	0.59234	0.84525	0.36239	62.10282	599.6418	615.36631	514.58316	604.33436	374.44162	648.02007	nan	542.66078	532.11591	490.48469	181.04642	403.24752	553.20563	520.44488	381.5549	479.66218	661.52916	542.25747	119.26188	38.9072	119.26188	23.45748	0.52109	57.68782	17.64681	7.69E-05	2.66439	1.03E-05	1.29E+07	7.85E-08	27.59591	178.48472	6.63E-05	0.00565	2.56E-05	2.34E-05
0.2408	27.25605	5.88749	18.84675	6.41385	41.36387	91.40796	5.56443	0.6863	0.5507	0.88748	0.38229	0.40602	0.07386	0.04119	0.022	0.022	0.1217	89.68478	4.22743	1.12279	nan	2.00295	nan	0.2503	0.96135	0.41596	0.01297	0.18902	0.0023	0.57871	0.82005	0.35779	61.72954	600.07705	616.3318	515.0477	606.41024	374.62779	647.7687	nan	542.5618	519.14545	492.43536	189.59234	403.07845	553.21292	520.96451	381.45903	480.1861	661.17916	541.95567	119.21388	41.56801	119.21388	22.82648	0.51564	57.72306	17.65759	7.70E-05	2.66677	1.03E-05	1.29E+07	7.84E-08	27.60181	178.36972	6.62E-05	0.00565	2.57E-05	2.34E-05
0.2412	26.44504	8.0836	18.82515	6.43325	39.97996	91.47461	5.40058	0.77559	0.53307	0.88747	0.39292	0.40603	0.07379	0.04328	0.022	0.022	0.12904	89.6175	4.08157	1.16713	nan	2.00292	nan	0.25794	0.92307	0.42443	0.01845	0.19902	0.00295	0.56508	0.79486	0.35319	61.35626	600.5123	617.2973	515.51224	608.48612	374.81396	647.51734	nan	542.46282	506.17499	494.38604	198.13825	402.90938	553.22021	521.48414	381.36316	480.71002	660.82916	541.65387	119.16588	44.22882	119.16588	22.19548	0.51019	57.7583	17.66837	7.71E-05	2.66915	1.03E-05	1.29E+07	7.83E-08	27.60771	178.25472	6.62E-05	0.00565	2.57E-05	2.34E-05
0.2416	25.63404	10.27971	18.80355	6.45265	38.59606	91.54126	5.23674	0.86488	0.51544	0.88746	0.40355	0.40604	0.07372	0.04537	0.022	0.022	0.13638	89.55022	3.93571	1.21147	nan	2.00289	nan	0.26558	0.88479	0.4329	0.02393	0.20902	0.0036	0.55145	0.76967	0.34859	60.98298	600.94755	618.26279	515.97678	610.562	375.00013	647.26598	nan	542.36384	493.20452	496.33671	206.68417	402.74031	553.2275	522.00378	381.26729	481.23395	660.47915	541.35207	119.11788	46.88963	119.11788	21.56448	0.50475	57.79355	17.67915	7.72E-05	2.67153	1.02E-05	1.29E+07	7.83E-08	27.61361	178.13972	6.61E-05	0.00566	2.57E-05	2.35E-05
0.242	24.82304	12.47581	18.78195	6.47205	37.21215	91.60791	5.0729	0.95417	0.49781	0.88745	0.41418	0.40605	0.07365	0.04746	0.022	0.022	0.14372	89.48294	3.78985	1.25581	nan	2.00286	nan	0.27322	0.84651	0.44137	0.02941	0.21902	0.00425	0.53782	0.74447	0.34399	60.6097	601.3828	619.22829	516.44132	612.63787	375.1863	647.01461	nan	542.26486	480.23406	498.28739	215.23008	402.57124	553.23479	522.52341	381.17142	481.75787	660.12915	541.05027	119.06988	49.55044	119.06988	20.93347	0.4993	57.82879	17.68993	7.73E-05	2.67391	1.02E-05	1.29E+07	7.82E-08	27.61951	178.02472	6.60E-05	0.00566	2.58E-05	2.35E-05
0.2424	24.01203	14.67192	18.76035	6.49145	35.82825	91.67456	4.90906	1.04346	0.48018	0.88744	0.42481	0.40606	0.07358	0.04955	0.022	0.022	0.15106	89.41566	3.64399	1.30015	nan	2.00283	nan	0.28086	0.80823	0.44984	0.03489	0.22902	0.0049	0.52419	0.71928	0.33939	60.23642	601.81806	620.19378	516.90587	614.71375	375.37247	646.76325	nan	542.16588	467.2636	500.23806	223.776	402.40217	553.24209	523.04304	381.07555	482.28179	659.77915	540.74847	119.02188	52.21125	119.02188	20.30247	0.49385	57.86403	17.70071	7.74E-05	2.67629	1.02E-05	1.29E+07	7.81E-08	27.62541	177.90972	6.59E-05	0.00566	2.58E-05	2.35E-05
0.2428	23.20103	16.86803	18.73875	6.51085	34.44434	91.74121	4.74522	1.13275	0.46255	0.88743	0.43544	0.40607	0.07351	0.05164	0.022	0.022	0.1584	89.34838	3.49813	1.34449	nan	2.0028	nan	0.2885	0.76995	0.45831	0.04037	0.23902	0.00555	0.51056	0.69409	0.33479	59.86313	602.25331	621.15927	517.37041	616.78963	375.55864	646.51189	nan	542.0669	454.29314	502.18874	232.32191	402.2331	553.24938	523.56267	380.97968	482.80571	659.42915	540.44667	118.97388	54.87206	118.97388	19.67147	0.48841	57.89927	17.71149	7.75E-05	2.67867	1.02E-05	1.29E+07	7.81E-08	27.63131	177.79472	6.58E-05	0.00566	2.58E-05	2.36E-05
0.2432	22.39003	19.06414	18.71715	6.53025	33.06043	91.80786	4.58138	1.22204	0.44492	0.88742	0.44607	0.40608	0.07344	0.05373	0.022	0.022	0.16574	89.2811	3.35227	1.38883	nan	2.00277	nan	0.29614	0.73167	0.46678	0.04585	0.24902	0.0062	0.49693	0.66889	0.33019	59.48985	602.68856	622.12477	517.83495	618.86551	375.74481	646.26052	nan	541.96792	441.32268	504.13941	240.86782	402.06403	553.25667	524.0823	380.88381	483.32963	659.07915	540.14487	118.92588	57.53287	118.92588	19.04047	0.48296	57.93451	17.72227	7.76E-05	2.68105	1.02E-05	1.29E+07	7.80E-08	27.63721	177.67972	6.58E-05	0.00567	2.59E-05	2.36E-05
0.2436	21.57902	21.26025	18.69555	6.54965	31.67653	91.87451	4.41754	1.31133	0.42729	0.88741	0.4567	0.40609	0.07337	0.05582	0.022	0.022	0.17308	89.21382	3.2064	1.43317	nan	2.00274	nan	0.30378	0.69339	0.47525	0.05133	0.25902	0.00685	0.4833	0.6437	0.32559	59.11657	603.12381	623.09026	518.29949	620.94139	375.93098	646.00916	nan	541.86894	428.35221	506.09009	249.41374	401.89496	553.26396	524.60194	380.78794	483.85356	658.72915	539.84306	118.87788	60.19368	118.87788	18.40946	0.47751	57.96975	17.73305	7.77E-05	2.68343	1.02E-05	1.29E+07	7.79E-08	27.64311	177.56472	6.57E-05	0.00567	2.59E-05	2.36E-05
0.244	20.76802	23.45636	18.67395	6.56905	30.29262	91.94116	4.2537	1.40062	0.40966	0.8874	0.46733	0.4061	0.0733	0.05791	0.022	0.022	0.18042	89.14654	3.06054	1.47751	nan	2.00271	nan	0.31142	0.65511	0.48372	0.05681	0.26902	0.0075	0.46967	0.61851	0.32099	58.74329	603.55906	624.05576	518.76403	623.01727	376.11715	645.75779	nan	541.76996	415.38175	508.04076	257.95965	401.72589	553.27125	525.12157	380.69207	484.37748	658.37915	539.54126	118.82988	62.85449	118.82988	17.77846	0.47206	58.00499	17.74383	7.78E-05	2.68581	1.02E-05	1.29E+07	7.79E-08	27.64901	177.44972	6.56E-05	0.00567	2.59E-05	2.37E-05
0.2444	19.95702	25.65247	18.65235	6.58845	28.90872	92.00781	4.08986	1.48991	0.39203	0.88739	0.47796	0.40611	0.07323	0.06	0.022	0.022	0.18776	89.07926	2.91468	1.52185	nan	2.00268	nan	0.31906	0.61683	0.49219	0.06229	0.27902	0.00815	0.45604	0.59331	0.31639	58.37001	603.99431	625.02125	519.22858	625.09314	376.30333	645.50643	nan	541.67098	402.41129	509.99143	266.50557	401.55682	553.27855	525.6412	380.5962	484.9014	658.02914	539.23946	118.78188	65.5153	118.78188	17.14746	0.46662	58.04023	17.75461	7.79E-05	2.68819	1.02E-05	1.29E+07	7.78E-08	27.65491	177.33472	6.55E-05	0.00567	2.60E-05	2.37E-05
0.2448	19.14601	27.84858	18.63075	6.60785	27.52481	92.07446	3.92602	1.5792	0.3744	0.88738	0.48859	0.40612	0.07316	0.06209	0.022	0.022	0.1951	89.01198	2.76882	1.56619	nan	2.00265	nan	0.3267	0.57855	0.50066	0.06777	0.28902	0.0088	0.44241	0.56812	0.31179	57.99673	604.42957	625.98674	519.69312	627.16902	376.4895	645.25507	nan	541.572	389.44083	511.94211	275.05148	401.38775	553.28584	526.16083	380.50033	485.42532	657.67914	538.93766	118.73388	68.17611	118.73388	16.51646	0.46117	58.07547	17.76539	7.80E-05	2.69057	1.02E-05	1.29E+07	7.77E-08	27.66081	177.21972	6.54E-05	0.00568	2.60E-05	2.37E-05
0.2452	18.33501	30.04468	18.60915	6.62725	26.14091	92.14111	3.76218	1.66849	0.35677	0.88737	0.49922	0.40613	0.07309	0.06418	0.022	0.022	0.20244	88.9447	2.62296	1.61053	nan	2.00262	nan	0.33434	0.54027	0.50913	0.07325	0.29902	0.00945	0.42878	0.54292	0.30719	57.62344	604.86482	626.95224	520.15766	629.2449	376.67567	645.0037	nan	541.47302	376.47037	513.89278	283.59739	401.21868	553.29313	526.68046	380.40445	485.94924	657.32914	538.63586	118.68588	70.83692	118.68588	15.88545	0.45572	58.11071	17.77617	7.81E-05	2.69295	1.02E-05	1.30E+07	7.77E-08	27.66671	177.10472	6.54E-05	0.00568	2.60E-05	2.38E-05
0.2456	17.52401	32.24079	18.58755	6.64665	24.757	92.20776	3.59834	1.75778	0.33914	0.88736	0.50985	0.40614	0.07302	0.06627	0.022	0.022	0.20978	88.87741	2.4771	1.65487	nan	2.00259	nan	0.34198	0.50199	0.5176	0.07873	0.30902	0.0101	0.41515	0.51773	0.30259	57.25016	605.30007	627.91773	520.6222	631.32078	376.86184	644.75234	nan	541.37404	363.4999	515.84346	292.14331	401.0496	553.30042	527.2001	380.30858	486.47317	656.97914	538.33406	118.63788	73.49773	118.63788	15.25445	0.45027	58.14595	17.78695	7.82E-05	2.69533	1.02E-05	1.30E+07	7.76E-08	27.67261	176.98972	6.53E-05	0.00568	2.61E-05	2.38E-05
0.246	16.713	34.4369	18.56595	6.66605	23.3731	92.27441	3.4345	1.84707	0.32151	0.88735	0.52048	0.40615	0.07295	0.06836	0.022	0.022	0.21712	88.81013	2.33124	1.69921	nan	2.00256	nan	0.34962	0.46371	0.52607	0.08421	0.31902	0.01075	0.40152	0.49254	0.29799	56.87688	605.73532	628.88323	521.08674	633.39666	377.04801	644.50098	nan	541.27506	350.52944	517.79413	300.68922	400.88053	553.30771	527.71973	380.21271	486.99709	656.62914	538.03226	118.58988	76.15855	118.58988	14.62345	0.44483	58.18119	17.79773	7.83E-05	2.69771	1.02E-05	1.30E+07	7.75E-08	27.67851	176.87472	6.52E-05	0.00568	2.61E-05	2.38E-05
0.2464	15.902	36.63301	18.54435	6.68545	21.98919	92.34106	3.27066	1.93636	0.30388	0.88734	0.53111	0.40616	0.07288	0.07045	0.022	0.022	0.22446	88.74285	2.18538	1.74355	nan	2.00253	nan	0.35726	0.42543	0.53454	0.08969	0.32902	0.0114	0.38789	0.46734	0.29339	56.5036	606.17057	629.84872	521.55128	635.47253	377.23418	644.24961	nan	541.17608	337.55898	519.74481	309.23514	400.71146	553.315	528.23936	380.11684	487.52101	656.27914	537.73046	118.54188	78.81936	118.54188	13.99245	0.43938	58.21643	17.80851	7.84E-05	2.70009	1.02E-05	1.30E+07	7.75E-08	27.68441	176.75972	6.51E-05	0.00569	2.61E-05	2.39E-05
0.2468	15.091	38.82912	18.52275	6.70485	20.60528	92.40771	3.10682	2.02565	0.28625	0.88733	0.54174	0.40617	0.07281	0.07254	0.022	0.022	0.2318	88.67557	2.03952	1.78789	nan	2.0025	nan	0.3649	0.38715	0.54301	0.09517	0.33902	0.01205	0.37426	0.44215	0.28879	56.13032	606.60582	630.81421	522.01583	637.54841	377.42035	643.99825	nan	541.0771	324.58852	521.69548	317.78105	400.54239	553.3223	528.75899	380.02097	488.04493	655.92914	537.42866	118.49388	81.48017	118.49388	13.36144	0.43393	58.25167	17.81929	7.85E-05	2.70247	1.02E-05	1.30E+07	7.74E-08	27.69031	176.64472	6.50E-05	0.00569	2.62E-05	2.39E-05
0.2472	14.28	41.02523	18.50115	6.72425	19.22138	92.47436	2.94297	2.11494	0.26862	0.88732	0.55237	0.40618	0.07274	0.07463	0.022	0.022	0.23914	88.60829	1.89366	1.83223	nan	2.00247	nan	0.37254	0.34887	0.55148	0.10065	0.34902	0.0127	0.36063	0.41696	0.28419	55.75704	607.04108	631.77971	522.48037	639.62429	377.60652	643.74688	nan	540.97812	311.61806	523.64616	326.32697	400.37332	553.32959	529.27862	379.9251	488.56886	655.57913	537.12685	118.44588	84.14098	118.44588	12.73044	0.42849	58.28691	17.83007	7.86E-05	2.70485	1.02E-05	1.30E+07	7.73E-08	27.69621	176.52972	6.50E-05	0.00569	2.62E-05	2.39E-05
0.2476	13.46899	43.22134	18.47955	6.74365	17.83747	92.54102	2.77913	2.20423	0.25099	0.88731	0.563	0.40619	0.07267	0.07672	0.022	0.022	0.24648	88.54101	1.7478	1.87657	nan	2.00244	nan	0.38018	0.31059	0.55995	0.10613	0.35902	0.01335	0.347	0.39176	0.27959	55.38376	607.47633	632.7452	522.94491	641.70017	377.79269	643.49552	nan	540.87913	298.6476	525.59683	334.87288	400.20425	553.33688	529.79826	379.82923	489.09278	655.22913	536.82505	118.39788	86.80179	118.39788	12.09944	0.42304	58.32215	17.84085	7.87E-05	2.70723	1.02E-05	1.30E+07	7.73E-08	27.70211	176.41472	6.49E-05	0.00569	2.62E-05	2.40E-05
0.248	12.65799	45.41745	18.45795	6.76305	16.45357	92.60767	2.61529	2.29352	0.23336	0.8873	0.57363	0.4062	0.0726	0.07881	0.022	0.022	0.25382	88.47373	1.60194	1.92091	nan	2.00241	nan	0.38782	0.27231	0.56842	0.11161	0.36902	0.014	0.33337	0.36657	0.27499	55.01047	607.91158	633.71069	523.40945	643.77605	377.97886	643.24416	nan	540.78015	285.67713	527.5475	343.41879	400.03518	553.34417	530.31789	379.73336	489.6167	654.87913	536.52325	118.34988	89.4626	118.34988	11.46844	0.41759	58.35739	17.85163	7.88E-05	2.70961	1.02E-05	1.30E+07	7.72E-08	27.70801	176.29971	6.48E-05	0.0057	2.63E-05	2.40E-05
0.2484	11.84699	47.61356	18.43635	6.78245	15.06966	92.67432	2.45145	2.38281	0.21573	0.88729	0.58426	0.40621	0.07253	0.0809	0.022	0.022	0.26116	88.40645	1.45608	1.96525	nan	2.00238	nan	0.39546	0.23402	0.57689	0.11709	0.37902	0.01465	0.31974	0.34138	0.27039	54.63719	608.34683	634.67619	523.87399	645.85193	378.16503	642.99279	nan	540.68117	272.70667	529.49818	351.96471	399.86611	553.35146	530.83752	379.63749	490.14062	654.52913	536.22145	118.30188	92.12341	118.30188	10.83743	0.41214	58.39263	17.86241	7.89E-05	2.71199	1.02E-05	1.30E+07	7.71E-08	27.71391	176.18471	6.47E-05	0.0057	2.63E-05	2.40E-05
0.2488	11.03598	49.80966	18.41475	6.80185	13.68576	92.74097	2.28761	2.4721	0.1981	0.88728	0.59489	0.40622	0.07246	0.08299	0.022	0.022	0.2685	88.33917	1.31022	2.00959	nan	2.00235	nan	0.4031	0.19574	0.58536	0.12257	0.38902	0.0153	0.30611	0.31618	0.26579	54.26391	608.78208	635.64168	524.33854	647.9278	378.3512	642.74143	nan	540.58219	259.73621	531.44885	360.51062	399.69704	553.35876	531.35715	379.54162	490.66454	654.17913	535.91965	118.25388	94.78422	118.25388	10.20643	0.4067	58.42787	17.87319	7.90E-05	2.71437	1.02E-05	1.30E+07	7.71E-08	27.71981	176.06971	6.46E-05	0.0057	2.63E-05	2.41E-05
0.2492	10.22498	52.00577	18.39315	6.82125	12.30185	92.80762	2.12377	2.56139	0.18047	0.88727	0.60552	0.40623	0.07239	0.08508	0.022	0.022	0.27584	88.27189	1.16436	2.05393	nan	2.00232	nan	0.41074	0.15746	0.59383	0.12805	0.39902	0.01595	0.29248	0.29099	0.26119	53.89063	609.21733	636.60718	524.80308	650.00368	378.53737	642.49007	nan	540.48321	246.76575	533.39953	369.05654	399.52797	553.36605	531.87678	379.44575	491.18847	653.82913	535.61785	118.20588	97.44503	118.20588	9.57543	0.40125	58.46311	17.88397	7.91E-05	2.71675	1.02E-05	1.30E+07	7.70E-08	27.72571	175.95471	6.46E-05	0.0057	2.64E-05	2.41E-05
0.2496	9.41398	54.20188	18.37155	6.84065	10.91795	92.87427	1.95993	2.65068	0.16284	0.88726	0.61615	0.40624	0.07232	0.08717	0.022	0.022	0.28318	88.20461	1.0185	2.09827	nan	2.00229	nan	0.41838	0.11918	0.6023	0.13353	0.40902	0.0166	0.27885	0.2658	0.25659	53.51735	609.65259	637.57267	525.26762	652.07956	378.72354	642.2387	nan	540.38423	233.79529	535.3502	377.60245	399.3589	553.37334	532.39642	379.34988	491.71239	653.47913	535.31605	118.15788	100.10584	118.15788	8.94443	0.3958	58.49835	17.89475	7.92E-05	2.71913	1.02E-05	1.30E+07	7.69E-08	27.73161	175.83971	6.45E-05	0.00571	2.64E-05	2.41E-05
0.25	8.60557	56.38898	18.35071	6.85987	9.53987	92.94063	1.79678	2.73961	0.14528	0.88725	0.62673	0.40625	0.07225	0.08925	0.022	0.022	0.29049	88.13761	0.87323	2.14245	nan	2.00226	nan	0.42601	0.08111	0.61077	0.13899	0.419	0.01725	0.26527	0.2407	0.252	53.14519	610.0854	638.53408	525.73102	654.15036	378.90599	641.98734	nan	540.28555	220.87075	537.29575	386.11707	399.1932	553.38063	532.91411	379.25443	492.23579	653.13085	535.01495	118.1109	102.75747	118.1109	8.31568	0.39038	58.53352	17.90551	7.93E-05	2.7215	1.02E-05	1.30E+07	7.69E-08	27.73749	175.7253	6.44E-05	0.00571	2.64E-05	2.41E-05
0.2504	8.83177	54.98168	18.63521	6.80867	10.48747	92.89294	1.90786	2.6829	0.15732	0.88729	0.6182	0.40611	0.07217	0.08792	0.02191	0.02191	0.28572	88.18052	0.96674	2.12071	nan	2.00223	nan	0.42973	0.12505	0.61961	0.13383	0.4197	0.01668	0.2739	0.2557	0.25241	53.22184	609.54389	637.86737	525.73706	654.1958	377.60163	641.73597	nan	540.30691	226.27173	537.19535	382.14682	400.37285	553.38792	532.65877	379.32581	492.55045	653.46992	534.99381	118.47117	101.74667	118.47117	8.58935	0.39404	58.54215	17.90815	7.93E-05	2.71996	1.02E-05	1.30E+07	7.69E-08	27.73349	175.8433	6.45E-05	0.0057	2.64E-05	2.41E-05
0.2508	9.05797	53.57437	18.91971	6.75747	11.43508	92.84525	2.01894	2.62619	0.16936	0.88733	0.60967	0.40597	0.07209	0.08659	0.02182	0.02182	0.28095	88.22343	1.06025	2.09897	nan	2.0022	nan	0.43345	0.16899	0.62845	0.12867	0.42039	0.01611	0.28253	0.27069	0.25282	53.29849	609.00239	637.20066	525.7431	654.24124	376.29728	641.48461	nan	540.32826	231.67272	537.09495	378.17656	401.55251	553.39521	532.40343	379.39719	492.86512	653.80898	534.97268	118.83144	100.73586	118.83144	8.86302	0.3977	58.55078	17.91079	7.92E-05	2.71842	1.02E-05	1.30E+07	7.69E-08	27.72949	175.9613	6.45E-05	0.0057	2.64E-05	2.41E-05
0.2512	9.28417	52.16706	19.20421	6.70627	12.38268	92.79756	2.13002	2.56948	0.1814	0.88737	0.60114	0.40583	0.07201	0.08526	0.02173	0.02173	0.27618	88.26634	1.15376	2.07723	nan	2.00217	nan	0.43717	0.21293	0.63728	0.12351	0.42108	0.01554	0.29116	0.28568	0.25323	53.37514	608.46089	636.53395	525.74914	654.28668	374.99292	641.23325	nan	540.34961	237.0737	536.99455	374.20631	402.73216	553.40251	532.14809	379.46857	493.17979	654.14805	534.95155	119.1917	99.72506	119.1917	9.13669	0.40136	58.55941	17.91343	7.91E-05	2.71688	1.02E-05	1.30E+07	7.69E-08	27.72549	176.0793	6.46E-05	0.0057	2.64E-05	2.41E-05
0.2516	9.51037	50.75976	19.48872	6.65507	13.33028	92.74987	2.2411	2.51277	0.19344	0.88741	0.59261	0.40569	0.07193	0.08393	0.02164	0.02164	0.27141	88.30925	1.24728	2.05549	nan	2.00214	nan	0.44089	0.25687	0.64612	0.11835	0.42178	0.01497	0.29979	0.30068	0.25364	53.45179	607.91939	635.86723	525.75518	654.33212	373.68857	640.98188	nan	540.37097	242.47468	536.89415	370.23605	403.91182	553.4098	531.89275	379.53995	493.49446	654.48712	534.93041	119.55197	98.71426	119.55197	9.41036	0.40502	58.56804	17.91607	7.91E-05	2.71534	1.02E-05	1.30E+07	7.69E-08	27.72149	176.1973	6.47E-05	0.0057	2.64E-05	2.41E-05
0.252	9.73657	49.35245	19.77322	6.60387	14.27789	92.70218	2.35218	2.45606	0.20548	0.88745	0.58408	0.40555	0.07185	0.0826	0.02155	0.02155	0.26664	88.35216	1.34079	2.03375	nan	2.00211	nan	0.44461	0.30081	0.65496	0.11319	0.42247	0.0144	0.30842	0.31567	0.25405	53.52844	607.37789	635.20052	525.76122	654.37756	372.38421	640.73052	nan	540.39232	247.87566	536.79375	366.26579	405.09147	553.41709	531.63741	379.61133	493.80913	654.82619	534.90928	119.91224	97.70345	119.91224	9.68402	0.40868	58.57667	17.91871	7.90E-05	2.7138	1.02E-05	1.30E+07	7.70E-08	27.71749	176.3153	6.47E-05	0.00569	2.63E-05	2.40E-05
0.2524	9.96277	47.94515	20.05772	6.55267	15.22549	92.65449	2.46326	2.39935	0.21752	0.88749	0.57555	0.40541	0.07177	0.08127	0.02146	0.02146	0.26187	88.39507	1.4343	2.01201	nan	2.00208	nan	0.44833	0.34475	0.66379	0.10803	0.42316	0.01383	0.31705	0.33066	0.25446	53.60509	606.83638	634.53381	525.76726	654.423	371.07986	640.47916	nan	540.41367	253.27664	536.69335	362.29554	406.27113	553.42438	531.38207	379.68271	494.12379	655.16526	534.88815	120.27251	96.69265	120.27251	9.95769	0.41234	58.5853	17.92135	7.90E-05	2.71226	1.02E-05	1.30E+07	7.70E-08	27.71349	176.4333	6.48E-05	0.00569	2.63E-05	2.40E-05
0.2528	10.18897	46.53784	20.34222	6.50147	16.1731	92.6068	2.57434	2.34264	0.22956	0.88753	0.56702	0.40527	0.07169	0.07994	0.02137	0.02137	0.2571	88.43798	1.52781	1.99027	nan	2.00205	nan	0.45205	0.38869	0.67263	0.10287	0.42386	0.01326	0.32568	0.34566	0.25487	53.68174	606.29488	633.86709	525.7733	654.46844	369.7755	640.22779	nan	540.43503	258.67762	536.59295	358.32528	407.45078	553.43167	531.12672	379.75409	494.43846	655.50432	534.86701	120.63278	95.68184	120.63278	10.23136	0.416	58.59393	17.92399	7.89E-05	2.71072	1.02E-05	1.30E+07	7.70E-08	27.70949	176.5513	6.49E-05	0.00569	2.63E-05	2.40E-05
0.2532	10.41517	45.13054	20.62672	6.45027	17.1207	92.55911	2.68542	2.28593	0.2416	0.88757	0.55849	0.40513	0.07161	0.07861	0.02128	0.02128	0.25233	88.48089	1.62132	1.96852	nan	2.00202	nan	0.45577	0.43263	0.68147	0.09771	0.42455	0.01269	0.33431	0.36065	0.25528	53.75839	605.75338	633.20038	525.77934	654.51389	368.47115	639.97643	nan	540.45638	264.07861	536.49255	354.35503	408.63044	553.43897	530.87138	379.82547	494.75313	655.84339	534.84588	120.99305	94.67104	120.99305	10.50503	0.41966	58.60256	17.92663	7.88E-05	2.70918	1.02E-05	1.30E+07	7.70E-08	27.70549	176.6693	6.49E-05	0.00568	2.63E-05	2.40E-05
0.2536	10.64137	43.72323	20.91122	6.39907	18.0683	92.51142	2.7965	2.22922	0.25364	0.88761	0.54996	0.40499	0.07153	0.07728	0.02119	0.02119	0.24756	88.5238	1.71483	1.94678	nan	2.00199	nan	0.45949	0.47657	0.6903	0.09255	0.42524	0.01212	0.34294	0.37564	0.25569	53.83504	605.21188	632.53367	525.78538	654.55933	367.16679	639.72506	nan	540.47773	269.47959	536.39215	350.38477	409.81009	553.44626	530.61604	379.89685	495.0678	656.18246	534.82475	121.35331	93.66024	121.35331	10.77869	0.42332	58.61119	17.92927	7.88E-05	2.70764	1.02E-05	1.30E+07	7.70E-08	27.70149	176.7873	6.50E-05	0.00568	2.63E-05	2.40E-05
0.254	10.86757	42.31593	21.19572	6.34787	19.01591	92.46373	2.90758	2.17251	0.26568	0.88765	0.54143	0.40485	0.07145	0.07595	0.0211	0.0211	0.24279	88.56671	1.80834	1.92504	nan	2.00196	nan	0.46321	0.52051	0.69914	0.08739	0.42594	0.01155	0.35157	0.39064	0.2561	53.91169	604.67037	631.86696	525.79142	654.60477	365.86244	639.4737	nan	540.49909	274.88057	536.29174	346.41452	410.98975	553.45355	530.3607	379.96823	495.38247	656.52153	534.80361	121.71358	92.64943	121.71358	11.05236	0.42698	58.61982	17.93191	7.87E-05	2.7061	1.02E-05	1.30E+07	7.71E-08	27.69749	176.9053	6.51E-05	0.00568	2.62E-05	2.39E-05
0.2544	11.09378	40.90862	21.48022	6.29667	19.96351	92.41604	3.01866	2.1158	0.27772	0.88769	0.5329	0.40471	0.07137	0.07462	0.02101	0.02101	0.23802	88.60962	1.90185	1.9033	nan	2.00193	nan	0.46693	0.56445	0.70798	0.08223	0.42663	0.01098	0.3602	0.40563	0.25651	53.98834	604.12887	631.20024	525.79746	654.65021	364.55808	639.22234	nan	540.52044	280.28155	536.19134	342.44426	412.1694	553.46084	530.10536	380.03961	495.69713	656.8606	534.78248	122.07385	91.63863	122.07385	11.32603	0.43064	58.62845	17.93455	7.86E-05	2.70456	1.02E-05	1.30E+07	7.71E-08	27.69349	177.0233	6.51E-05	0.00568	2.62E-05	2.39E-05
0.2548	11.31998	39.50131	21.76472	6.24547	20.91111	92.36835	3.12974	2.05909	0.28976	0.88773	0.52437	0.40457	0.07129	0.07329	0.02092	0.02092	0.23325	88.65253	1.99536	1.88156	nan	2.0019	nan	0.47065	0.60839	0.71681	0.07707	0.42732	0.01041	0.36883	0.42062	0.25692	54.065	603.58737	630.53353	525.8035	654.69565	363.25373	638.97097	nan	540.54179	285.68253	536.09094	338.474	413.34906	553.46813	529.85002	380.11099	496.0118	657.19966	534.76135	122.43412	90.62782	122.43412	11.5997	0.4343	58.63708	17.93719	7.86E-05	2.70302	1.02E-05	1.30E+07	7.71E-08	27.68949	177.1413	6.52E-05	0.00567	2.62E-05	2.39E-05
0.2552	11.54618	38.09401	22.04923	6.19427	21.85872	92.32066	3.24082	2.00238	0.3018	0.88777	0.51584	0.40443	0.07121	0.07196	0.02083	0.02083	0.22848	88.69544	2.08887	1.85982	nan	2.00187	nan	0.47437	0.65233	0.72565	0.07191	0.42802	0.00984	0.37746	0.43562	0.25733	54.14165	603.04587	629.86682	525.80954	654.74109	361.94937	638.71961	nan	540.56315	291.08351	535.99054	334.50375	414.52871	553.47542	529.59468	380.18237	496.32647	657.53873	534.74021	122.79439	89.61702	122.79439	11.87337	0.43796	58.64571	17.93983	7.85E-05	2.70148	1.02E-05	1.30E+07	7.71E-08	27.68549	177.2593	6.53E-05	0.00567	2.62E-05	2.39E-05
0.2556	11.77238	36.6867	22.33373	6.14307	22.80632	92.27297	3.3519	1.94567	0.31384	0.88781	0.50731	0.40429	0.07113	0.07063	0.02074	0.02074	0.22371	88.73835	2.18238	1.83808	nan	2.00184	nan	0.47809	0.69627	0.73449	0.06675	0.42871	0.00927	0.38609	0.45061	0.25774	54.2183	602.50437	629.20011	525.81558	654.78653	360.64502	638.46825	nan	540.5845	296.48449	535.89014	330.53349	415.70837	553.48272	529.33934	380.25375	496.64114	657.8778	534.71908	123.15465	88.60622	123.15465	12.14703	0.44162	58.65434	17.94247	7.84E-05	2.69994	1.02E-05	1.30E+07	7.72E-08	27.68149	177.3773	6.53E-05	0.00567	2.61E-05	2.39E-05
0.256	11.99858	35.2794	22.61823	6.09187	23.75393	92.22528	3.46298	1.88895	0.32588	0.88785	0.49878	0.40415	0.07105	0.0693	0.02065	0.02065	0.21894	88.78126	2.27589	1.81634	nan	2.00181	nan	0.48181	0.74021	0.74332	0.06159	0.4294	0.0087	0.39472	0.46561	0.25815	54.29495	601.96286	628.53339	525.82162	654.83197	359.34066	638.21688	nan	540.60585	301.88548	535.78974	326.56324	416.88802	553.49001	529.084	380.32513	496.95581	658.21687	534.69795	123.51492	87.59541	123.51492	12.4207	0.44528	58.66297	17.94511	7.84E-05	2.6984	1.02E-05	1.30E+07	7.72E-08	27.67749	177.4953	6.54E-05	0.00566	2.61E-05	2.38E-05
0.2564	12.22478	33.87209	22.90273	6.04067	24.70153	92.17759	3.57406	1.83224	0.33792	0.88789	0.49025	0.40401	0.07097	0.06797	0.02056	0.02056	0.21417	88.82417	2.3694	1.7946	nan	2.00178	nan	0.48553	0.78415	0.75216	0.05643	0.4301	0.00813	0.40335	0.4806	0.25856	54.3716	601.42136	627.86668	525.82766	654.87741	358.03631	637.96552	nan	540.62721	307.28646	535.68934	322.59298	418.06767	553.4973	528.82866	380.39651	497.27047	658.55594	534.67681	123.87519	86.58461	123.87519	12.69437	0.44894	58.6716	17.94775	7.83E-05	2.69686	1.02E-05	1.30E+07	7.72E-08	27.67349	177.6133	6.55E-05	0.00566	2.61E-05	2.38E-05
0.2568	12.45098	32.46479	23.18723	5.98947	25.64913	92.1299	3.68515	1.77553	0.34996	0.88793	0.48172	0.40387	0.07089	0.06664	0.02047	0.02047	0.2094	88.86708	2.46291	1.77286	nan	2.00175	nan	0.48925	0.82809	0.761	0.05127	0.43079	0.00756	0.41198	0.49559	0.25897	54.44825	600.87986	627.19997	525.8337	654.92285	356.73195	637.71415	nan	540.64856	312.68744	535.58894	318.62272	419.24733	553.50459	528.57331	380.46789	497.58514	658.895	534.65568	124.23546	85.5738	124.23546	12.96804	0.4526	58.68023	17.95039	7.82E-05	2.69532	1.02E-05	1.30E+07	7.72E-08	27.66949	177.7313	6.56E-05	0.00566	2.61E-05	2.38E-05
0.2572	12.67718	31.05748	23.47173	5.93827	26.59674	92.08221	3.79623	1.71882	0.362	0.88797	0.47319	0.40373	0.07081	0.06531	0.02038	0.02038	0.20463	88.90999	2.55642	1.75112	nan	2.00172	nan	0.49297	0.87203	0.76983	0.04611	0.43148	0.00699	0.42061	0.51059	0.25938	54.5249	600.33836	626.53326	525.83974	654.96829	355.4276	637.46279	nan	540.66991	318.08842	535.48854	314.65247	420.42698	553.51188	528.31797	380.53927	497.89981	659.23407	534.63455	124.59573	84.563	124.59573	13.2417	0.45626	58.68886	17.95303	7.82E-05	2.69378	1.02E-05	1.30E+07	7.72E-08	27.66549	177.8493	6.56E-05	0.00566	2.61E-05	2.38E-05
0.2576	12.90338	29.65017	23.75623	5.88707	27.54434	92.03452	3.90731	1.66211	0.37404	0.88801	0.46466	0.40359	0.07073	0.06398	0.02029	0.02029	0.19986	88.9529	2.64993	1.72938	nan	2.00169	nan	0.49669	0.91597	0.77867	0.04095	0.43218	0.00642	0.42924	0.52558	0.25979	54.60155	599.79686	625.86654	525.84578	655.01373	354.12324	637.21143	nan	540.69127	323.4894	535.38814	310.68221	421.60664	553.51918	528.06263	380.61065	498.21448	659.57314	534.61341	124.95599	83.5522	124.95599	13.51537	0.45992	58.69749	17.95567	7.81E-05	2.69224	1.02E-05	1.30E+07	7.73E-08	27.66149	177.9673	6.57E-05	0.00565	2.60E-05	2.38E-05
0.258	13.12958	28.24287	24.04073	5.83587	28.49194	91.98683	4.01839	1.6054	0.38608	0.88805	0.45613	0.40345	0.07065	0.06265	0.0202	0.0202	0.19509	88.99581	2.74344	1.70764	nan	2.00166	nan	0.50041	0.95991	0.78751	0.03579	0.43287	0.00585	0.43787	0.54057	0.2602	54.6782	599.25535	625.19983	525.85182	655.05917	352.81888	636.96006	nan	540.71262	328.89038	535.28774	306.71196	422.78629	553.52647	527.80729	380.68203	498.52915	659.91221	534.59228	125.31626	82.54139	125.31626	13.78904	0.46357	58.70612	17.95831	7.81E-05	2.6907	1.02E-05	1.30E+07	7.73E-08	27.65749	178.0853	6.58E-05	0.00565	2.60E-05	2.37E-05
0.2584	13.35578	26.83556	24.32524	5.78467	29.43955	91.93914	4.12947	1.54869	0.39812	0.88809	0.4476	0.40331	0.07057	0.06132	0.02011	0.02011	0.19032	89.03872	2.83695	1.6859	nan	2.00163	nan	0.50413	1.00385	0.79634	0.03063	0.43356	0.00528	0.4465	0.55557	0.26061	54.75485	598.71385	624.53312	525.85786	655.10461	351.51453	636.7087	nan	540.73398	334.29137	535.18734	302.7417	423.96595	553.53376	527.55195	380.75341	498.84381	660.25128	534.57115	125.67653	81.53059	125.67653	14.06271	0.46723	58.71475	17.96095	7.80E-05	2.68916	1.02E-05	1.30E+07	7.73E-08	27.65349	178.2033	6.58E-05	0.00565	2.60E-05	2.37E-05
0.2588	13.58199	25.42826	24.60974	5.73347	30.38715	91.89145	4.24055	1.49198	0.41016	0.88813	0.43907	0.40317	0.07049	0.05999	0.02002	0.02002	0.18555	89.08163	2.93046	1.66416	nan	2.0016	nan	0.50785	1.04779	0.80518	0.02547	0.43426	0.00471	0.45513	0.57056	0.26102	54.8315	598.17235	623.8664	525.8639	655.15005	350.21017	636.45734	nan	540.75533	339.69235	535.08694	298.77144	425.1456	553.54105	527.29661	380.82479	499.15848	660.59034	534.55001	126.0368	80.51978	126.0368	14.33637	0.47089	58.72338	17.96359	7.79E-05	2.68762	1.02E-05	1.30E+07	7.73E-08	27.64949	178.32131	6.59E-05	0.00564	2.60E-05	2.37E-05
0.2592	13.80819	24.02095	24.89424	5.68227	31.33476	91.84376	4.35163	1.43527	0.4222	0.88817	0.43054	0.40303	0.07041	0.05866	0.01993	0.01993	0.18078	89.12454	3.02397	1.64242	nan	2.00157	nan	0.51157	1.09173	0.81402	0.02031	0.43495	0.00414	0.46376	0.58555	0.26143	54.90815	597.63085	623.19969	525.86994	655.19549	348.90582	636.20597	nan	540.77668	345.09333	534.98654	294.80119	426.32526	553.54834	527.04127	380.89618	499.47315	660.92941	534.52888	126.39707	79.50898	126.39707	14.61004	0.47455	58.73201	17.96623	7.79E-05	2.68608	1.02E-05	1.30E+07	7.74E-08	27.64549	178.43931	6.60E-05	0.00564	2.60E-05	2.37E-05
0.2596	14.03439	22.61365	25.17874	5.63107	32.28236	91.79607	4.46271	1.37856	0.43424	0.88821	0.42201	0.40289	0.07033	0.05733	0.01984	0.01984	0.17601	89.16745	3.11748	1.62068	nan	2.00154	nan	0.51529	1.13567	0.82285	0.01515	0.43564	0.00357	0.47239	0.60055	0.26184	54.9848	597.08934	622.53298	525.87598	655.24093	347.60146	635.95461	nan	540.79804	350.49431	534.88614	290.83093	427.50491	553.55563	526.78593	380.96756	499.78782	661.26848	534.50775	126.75734	78.49818	126.75734	14.88371	0.47821	58.74064	17.96887	7.78E-05	2.68454	1.02E-05	1.30E+07	7.74E-08	27.64149	178.55731	6.60E-05	0.00564	2.59E-05	2.37E-05
0.26	14.26429	21.20923	25.46035	5.57976	33.22637	91.74866	4.57338	1.32195	0.44624	0.88825	0.41351	0.40275	0.07025	0.056	0.01975	0.01975	0.17125	89.2105	3.21064	1.59902	nan	2.00151	nan	0.51904	1.1794	0.83166	0.01	0.43632	0.003	0.48101	0.61548	0.26225	55.06017	596.54956	621.86901	525.8767	655.2862	346.30419	635.70325	nan	540.81961	355.89933	534.78074	286.85909	428.68051	553.56293	526.53304	381.0278	500.09712	661.60725	534.48687	127.11705	77.48986	127.11705	15.15748	0.48187	58.74934	17.97153	7.77E-05	2.683	1.02E-05	1.30E+07	7.74E-08	27.6375	178.6754	6.61E-05	0.00563	2.59E-05	2.36E-05
0.2604	15.9139	20.91463	24.63224	5.48756	32.79107	91.80882	4.52898	1.30461	0.44093	0.88924	0.41913	0.40088	0.07122	0.0559	0.01994	0.01994	0.17044	89.30737	3.16965	1.60552	nan	2.00148	nan	0.53524	1.14068	0.83052	0.0096	0.43227	0.00296	0.48463	0.60856	0.26094	54.6443	596.66695	622.25607	523.84016	655.26715	347.72251	635.45188	nan	540.92439	362.85443	532.75673	282.27976	428.30025	553.57022	527.22161	376.81808	498.34933	661.83178	534.5642	127.26478	77.43626	127.26478	15.46841	0.48313	58.78305	17.98185	7.78E-05	2.68276	1.02E-05	1.30E+07	7.73E-08	27.6392	178.8284	6.61E-05	0.00563	2.59E-05	2.37E-05
0.2608	17.5635	20.62003	23.80414	5.39536	32.35576	91.86898	4.48458	1.28727	0.43562	0.89023	0.42475	0.39901	0.07219	0.0558	0.02013	0.02013	0.16963	89.40424	3.12866	1.61202	nan	2.00145	nan	0.55144	1.10196	0.82937	0.0092	0.42822	0.00292	0.48825	0.60164	0.25963	54.22843	596.78434	622.64313	521.80361	655.2481	349.14084	635.20052	nan	541.02918	369.80953	530.73272	277.70042	427.91999	553.57751	527.91019	372.60835	496.60154	662.05632	534.64154	127.41252	77.38266	127.41252	15.77934	0.48439	58.81676	17.99217	7.78E-05	2.68252	1.02E-05	1.30E+07	7.73E-08	27.6409	178.9814	6.62E-05	0.00562	2.59E-05	2.37E-05
0.2612	19.21311	20.32543	22.97604	5.30316	31.92046	91.92914	4.44018	1.26993	0.43031	0.89122	0.43037	0.39714	0.07316	0.0557	0.02032	0.02032	0.16882	89.50111	3.08767	1.61852	nan	2.00142	nan	0.56764	1.06324	0.82822	0.0088	0.42416	0.00288	0.49187	0.59472	0.25832	53.81255	596.90173	623.03019	519.76706	655.22905	350.55916	634.94915	nan	541.13397	376.76463	528.70871	273.12108	427.53973	553.5848	528.59876	368.39862	494.85374	662.28085	534.71887	127.56025	77.32906	127.56025	16.09028	0.48565	58.85047	18.00249	7.79E-05	2.68228	1.02E-05	1.31E+07	7.72E-08	27.6426	179.1344	6.62E-05	0.00562	2.60E-05	2.37E-05
0.2616	20.86272	20.03083	22.14793	5.21096	31.48516	91.9893	4.39578	1.25259	0.425	0.89221	0.43599	0.39527	0.07413	0.0556	0.02051	0.02051	0.16801	89.59798	3.04668	1.62502	nan	2.00139	nan	0.58384	1.02452	0.82708	0.0084	0.42011	0.00284	0.49549	0.5878	0.25701	53.39668	597.01912	623.41725	517.73051	655.21	351.97749	634.69779	nan	541.23875	383.71972	526.68471	268.54174	427.15947	553.59209	529.28733	364.1889	493.10595	662.50539	534.7962	127.70799	77.27546	127.70799	16.40121	0.48692	58.88418	18.01281	7.79E-05	2.68204	1.02E-05	1.31E+07	7.72E-08	27.6443	179.2874	6.63E-05	0.00561	2.60E-05	2.37E-05
0.262	22.51232	19.73623	21.31983	5.11876	31.04986	92.04946	4.35138	1.23525	0.41969	0.8932	0.44161	0.3934	0.0751	0.0555	0.0207	0.0207	0.1672	89.69485	3.00569	1.63152	nan	2.00136	nan	0.60004	0.9858	0.82593	0.008	0.41606	0.0028	0.49911	0.58088	0.2557	52.98081	597.13651	623.80431	515.69396	655.19095	353.39582	634.44643	nan	541.34354	390.67482	524.6607	263.9624	426.7792	553.59939	529.9759	359.97917	491.35815	662.72992	534.87354	127.85572	77.22186	127.85572	16.71215	0.48818	58.91789	18.02313	7.79E-05	2.6818	1.02E-05	1.31E+07	7.71E-08	27.646	179.4404	6.63E-05	0.00561	2.60E-05	2.37E-05
0.2624	24.16193	19.44163	20.49173	5.02656	30.61456	92.10962	4.30698	1.21791	0.41438	0.89419	0.44723	0.39153	0.07607	0.0554	0.02089	0.02089	0.16639	89.79172	2.9647	1.63802	nan	2.00133	nan	0.61624	0.94708	0.82478	0.0076	0.412	0.00276	0.50273	0.57396	0.25439	52.56494	597.2539	624.19138	513.65742	655.1719	354.81414	634.19506	nan	541.44833	397.62992	522.63669	259.38306	426.39894	553.60668	530.66448	355.76944	489.61036	662.95446	534.95087	128.00345	77.16826	128.00345	17.02308	0.48944	58.9516	18.03345	7.80E-05	2.68156	1.02E-05	1.31E+07	7.70E-08	27.6477	179.5934	6.64E-05	0.0056	2.60E-05	2.37E-05
0.2628	25.81154	19.14703	19.66362	4.93436	30.17926	92.16978	4.26258	1.20057	0.40907	0.89518	0.45285	0.38966	0.07704	0.0553	0.02108	0.02108	0.16558	89.88859	2.92371	1.64452	nan	2.0013	nan	0.63244	0.90836	0.82364	0.0072	0.40795	0.00272	0.50635	0.56704	0.25308	52.14907	597.37129	624.57844	511.62087	655.15285	356.23247	633.9437	nan	541.55312	404.58502	520.61268	254.80373	426.01868	553.61397	531.35305	351.55972	487.86257	663.17899	535.0282	128.15119	77.11466	128.15119	17.33402	0.4907	58.98531	18.04377	7.80E-05	2.68132	1.02E-05	1.31E+07	7.70E-08	27.6494	179.7464	6.64E-05	0.0056	2.60E-05	2.37E-05
0.2632	27.46114	18.85242	18.83552	4.84216	29.74395	92.22994	4.21818	1.18323	0.40376	0.89617	0.45847	0.38779	0.07801	0.0552	0.02127	0.02127	0.16477	89.98546	2.88272	1.65102	nan	2.00127	nan	0.64864	0.86964	0.82249	0.0068	0.4039	0.00268	0.50997	0.56012	0.25177	51.7332	597.48868	624.9655	509.58432	655.1338	357.65079	633.69234	nan	541.6579	411.54012	518.58867	250.22439	425.63842	553.62126	532.04162	347.34999	486.11477	663.40352	535.10554	128.29892	77.06106	128.29892	17.64495	0.49197	59.01902	18.05409	7.81E-05	2.68108	1.02E-05	1.31E+07	7.69E-08	27.6511	179.8994	6.65E-05	0.00559	2.60E-05	2.37E-05
0.2636	29.11075	18.55782	18.00742	4.74996	29.30865	92.2901	4.17378	1.16589	0.39845	0.89716	0.46409	0.38592	0.07898	0.0551	0.02146	0.02146	0.16396	90.08234	2.84173	1.65752	nan	2.00124	nan	0.66484	0.83092	0.82134	0.0064	0.39984	0.00264	0.51359	0.5532	0.25046	51.31732	597.60607	625.35256	507.54777	655.11475	359.06912	633.44097	nan	541.76269	418.49521	516.56466	245.64505	425.25816	553.62855	532.7302	343.14026	484.36698	663.62806	535.18287	128.44666	77.00746	128.44666	17.95589	0.49323	59.05273	18.06441	7.81E-05	2.68084	1.02E-05	1.31E+07	7.69E-08	27.6528	180.0524	6.65E-05	0.00558	2.60E-05	2.38E-05
0.264	30.76035	18.26322	17.17931	4.65776	28.87335	92.35026	4.12938	1.14855	0.39314	0.89815	0.46971	0.38405	0.07995	0.055	0.02165	0.02165	0.16315	90.17921	2.80074	1.66402	nan	2.00121	nan	0.68104	0.7922	0.8202	0.006	0.39579	0.0026	0.51721	0.54628	0.24915	50.90145	597.72346	625.73962	505.51122	655.0957	360.48744	633.18961	nan	541.86748	425.45031	514.54066	241.06571	424.8779	553.63584	533.41877	338.93054	482.61919	663.85259	535.2602	128.59439	76.95386	128.59439	18.26682	0.49449	59.08644	18.07473	7.81E-05	2.6806	1.02E-05	1.31E+07	7.68E-08	27.6545	180.2054	6.66E-05	0.00558	2.61E-05	2.38E-05
0.2644	32.40996	17.96862	16.35121	4.56556	28.43805	92.41042	4.08498	1.13121	0.38783	0.89914	0.47533	0.38218	0.08092	0.0549	0.02184	0.02184	0.16234	90.27608	2.75975	1.67052	nan	2.00118	nan	0.69724	0.75348	0.81905	0.0056	0.39174	0.00256	0.52083	0.53936	0.24784	50.48558	597.84085	626.12668	503.47468	655.07665	361.90577	632.93824	nan	541.97226	432.40541	512.51665	236.48637	424.49763	553.64314	534.10734	334.72081	480.87139	664.07713	535.33754	128.74212	76.90026	128.74212	18.57776	0.49575	59.12015	18.08505	7.82E-05	2.68036	1.02E-05	1.31E+07	7.68E-08	27.6562	180.3584	6.66E-05	0.00557	2.61E-05	2.38E-05
0.2648	34.05957	17.67402	15.52311	4.47336	28.00275	92.47058	4.04058	1.11387	0.38252	0.90013	0.48095	0.38031	0.08189	0.0548	0.02203	0.02203	0.16153	90.37295	2.71876	1.67702	nan	2.00115	nan	0.71344	0.71476	0.8179	0.0052	0.38768	0.00252	0.52445	0.53244	0.24653	50.06971	597.95824	626.51374	501.43813	655.0576	363.3241	632.68688	nan	542.07705	439.36051	510.49264	231.90703	424.11737	553.65043	534.79591	330.51108	479.1236	664.30166	535.41487	128.88986	76.84666	128.88986	18.88869	0.49701	59.15386	18.09537	7.82E-05	2.68012	1.02E-05	1.31E+07	7.67E-08	27.6579	180.51141	6.67E-05	0.00557	2.61E-05	2.38E-05
0.2652	35.70917	17.37942	14.695	4.38116	27.56745	92.53074	3.99618	1.09653	0.37721	0.90112	0.48657	0.37844	0.08286	0.0547	0.02222	0.02222	0.16072	90.46982	2.67777	1.68352	nan	2.00112	nan	0.72964	0.67604	0.81676	0.0048	0.38363	0.00248	0.52807	0.52552	0.24522	49.65384	598.07563	626.90081	499.40158	655.03855	364.74242	632.43552	nan	542.18184	446.3156	508.46863	227.3277	423.73711	553.65772	535.48449	326.30136	477.3758	664.5262	535.49221	129.03759	76.79306	129.03759	19.19962	0.49828	59.18757	18.10569	7.83E-05	2.67988	1.02E-05	1.31E+07	7.66E-08	27.6596	180.66441	6.67E-05	0.00556	2.61E-05	2.38E-05
0.2656	37.35878	17.08482	13.8669	4.28896	27.13214	92.5909	3.95178	1.07919	0.3719	0.90211	0.49219	0.37657	0.08383	0.0546	0.02241	0.02241	0.15991	90.56669	2.63678	1.69002	nan	2.00109	nan	0.74584	0.63732	0.81561	0.0044	0.37958	0.00244	0.53169	0.5186	0.24391	49.23797	598.19302	627.28787	497.36503	655.0195	366.16075	632.18415	nan	542.28662	453.2707	506.44462	222.74836	423.35685	553.66501	536.17306	322.09163	475.62801	664.75073	535.56954	129.18533	76.73946	129.18533	19.51056	0.49954	59.22128	18.11601	7.83E-05	2.67964	1.02E-05	1.31E+07	7.66E-08	27.6613	180.81741	6.68E-05	0.00556	2.61E-05	2.38E-05
0.266	39.00839	16.79022	13.0388	4.19675	26.69684	92.65106	3.90738	1.06185	0.36659	0.9031	0.49781	0.3747	0.0848	0.0545	0.0226	0.0226	0.1591	90.66356	2.59579	1.69652	nan	2.00106	nan	0.76204	0.5986	0.81446	0.004	0.37552	0.0024	0.53531	0.51168	0.2426	48.82209	598.31041	627.67493	495.32848	655.00045	367.57907	631.93279	nan	542.39141	460.2258	504.42062	218.16902	422.97659	553.6723	536.86163	317.8819	473.88022	664.97526	535.64687	129.33306	76.68586	129.33306	19.82149	0.5008	59.25499	18.12633	7.84E-05	2.6794	1.02E-05	1.31E+07	7.65E-08	27.663	180.97041	6.68E-05	0.00555	2.61E-05	2.38E-05
0.2664	40.65799	16.49562	12.21069	4.10455	26.26154	92.71122	3.86298	1.04451	0.36128	0.90409	0.50343	0.37283	0.08577	0.0544	0.02279	0.02279	0.15829	90.76043	2.5548	1.70302	nan	2.00103	nan	0.77824	0.55988	0.81332	0.0036	0.37147	0.00236	0.53893	0.50476	0.24129	48.40622	598.4278	628.06199	493.29193	654.9814	368.9974	631.68143	nan	542.4962	467.1809	502.39661	213.58968	422.59633	553.67959	537.5502	313.67218	472.13242	665.1998	535.72421	129.48079	76.63226	129.48079	20.13243	0.50206	59.2887	18.13665	7.84E-05	2.67916	1.02E-05	1.31E+07	7.65E-08	27.6647	181.12341	6.69E-05	0.00555	2.61E-05	2.38E-05
0.2668	42.3076	16.20101	11.38259	4.01235	25.82624	92.77138	3.81858	1.02717	0.35597	0.90508	0.50905	0.37096	0.08674	0.0543	0.02298	0.02298	0.15748	90.8573	2.51381	1.70952	nan	2.001	nan	0.79444	0.52116	0.81217	0.0032	0.36742	0.00232	0.54255	0.49784	0.23998	47.99035	598.54519	628.44905	491.25539	654.96235	370.41572	631.43006	nan	542.60099	474.136	500.3726	209.01034	422.21607	553.68689	538.23878	309.46245	470.38463	665.42433	535.80154	129.62853	76.57866	129.62853	20.44336	0.50333	59.32241	18.14697	7.84E-05	2.67892	1.02E-05	1.32E+07	7.64E-08	27.6664	181.27641	6.69E-05	0.00554	2.61E-05	2.39E-05
0.2672	43.95721	15.90641	10.55449	3.92015	25.39094	92.83154	3.77418	1.00983	0.35066	0.90607	0.51468	0.36909	0.08771	0.0542	0.02317	0.02317	0.15667	90.95417	2.47282	1.71602	nan	2.00097	nan	0.81064	0.48244	0.81102	0.0028	0.36336	0.00228	0.54617	0.49092	0.23867	47.57448	598.66258	628.83611	489.21884	654.9433	371.83405	631.1787	nan	542.70577	481.09109	498.34859	204.431	421.8358	553.69418	538.92735	305.25272	468.63684	665.64887	535.87887	129.77626	76.52506	129.77626	20.7543	0.50459	59.35612	18.15729	7.85E-05	2.67868	1.02E-05	1.32E+07	7.64E-08	27.6681	181.42941	6.70E-05	0.00553	2.62E-05	2.39E-05
0.2676	45.60681	15.61181	9.72638	3.82795	24.95564	92.8917	3.72978	0.99249	0.34535	0.90706	0.5203	0.36721	0.08868	0.0541	0.02336	0.02336	0.15586	91.05104	2.43183	1.72252	nan	2.00094	nan	0.82684	0.44372	0.80988	0.0024	0.35931	0.00224	0.54979	0.484	0.23736	47.15861	598.77997	629.22318	487.18229	654.92425	373.25238	630.92733	nan	542.81056	488.04619	496.32458	199.85167	421.45554	553.70147	539.61592	301.04299	466.88904	665.8734	535.95621	129.924	76.47146	129.924	21.06523	0.50585	59.38983	18.16761	7.85E-05	2.67844	1.02E-05	1.32E+07	7.63E-08	27.6698	181.58241	6.70E-05	0.00553	2.62E-05	2.39E-05
0.268	47.25642	15.31721	8.89828	3.73575	24.52033	92.95186	3.68538	0.97515	0.34004	0.90805	0.52592	0.36534	0.08965	0.054	0.02355	0.02355	0.15505	91.14791	2.39084	1.72902	nan	2.00091	nan	0.84304	0.405	0.80873	0.002	0.35526	0.0022	0.55341	0.47708	0.23605	46.74274	598.89736	629.61024	485.14574	654.9052	374.6707	630.67597	nan	542.91535	495.00129	494.30058	195.27233	421.07528	553.70876	540.3045	296.83327	465.14125	666.09794	536.03354	130.07173	76.41786	130.07173	21.37617	0.50711	59.42354	18.17793	7.86E-05	2.6782	1.02E-05	1.32E+07	7.62E-08	27.6715	181.73541	6.71E-05	0.00552	2.62E-05	2.39E-05
0.2684	48.90603	15.02261	8.07018	3.64355	24.08503	93.01202	3.64098	0.95781	0.33473	0.90904	0.53154	0.36347	0.09062	0.0539	0.02374	0.02374	0.15424	91.24478	2.34985	1.73552	nan	2.00088	nan	0.85924	0.36628	0.80758	0.0016	0.3512	0.00216	0.55703	0.47016	0.23474	46.32686	599.01476	629.9973	483.10919	654.88615	376.08903	630.42461	nan	543.02013	501.95639	492.27657	190.69299	420.69502	553.71605	540.99307	292.62354	463.39346	666.32247	536.11087	130.21946	76.36426	130.21946	21.6871	0.50837	59.45725	18.18825	7.86E-05	2.67796	1.02E-05	1.32E+07	7.62E-08	27.6732	181.88841	6.71E-05	0.00552	2.62E-05	2.39E-05
0.2688	50.55563	14.72801	7.24207	3.55135	23.64973	93.07218	3.59658	0.94047	0.32942	0.91003	0.53716	0.3616	0.09159	0.0538	0.02393	0.02393	0.15343	91.34165	2.30886	1.74202	nan	2.00085	nan	0.87544	0.32756	0.80644	0.0012	0.34715	0.00212	0.56065	0.46324	0.23343	45.91099	599.13215	630.38436	481.07265	654.8671	377.50735	630.17324	nan	543.12492	508.91149	490.25256	186.11365	420.31476	553.72335	541.68164	288.41381	461.64566	666.547	536.18821	130.3672	76.31066	130.3672	21.99804	0.50964	59.49096	18.19857	7.86E-05	2.67772	1.02E-05	1.32E+07	7.61E-08	27.6749	182.04141	6.72E-05	0.00551	2.62E-05	2.39E-05
0.2692	52.20524	14.43341	6.41397	3.45915	23.21443	93.13234	3.55218	0.92313	0.32411	0.91102	0.54278	0.35973	0.09256	0.0537	0.02412	0.02412	0.15262	91.43852	2.26787	1.74852	nan	2.00082	nan	0.89164	0.28884	0.80529	7.99E-04	0.3431	0.00208	0.56427	0.45632	0.23212	45.49512	599.24954	630.77142	479.0361	654.84805	378.92568	629.92188	nan	543.22971	515.86658	488.22855	181.53431	419.9345	553.73064	542.37021	284.20409	459.89787	666.77154	536.26554	130.51493	76.25706	130.51493	22.30897	0.5109	59.52467	18.20889	7.87E-05	2.67748	1.02E-05	1.32E+07	7.61E-08	27.6766	182.19441	6.72E-05	0.00551	2.62E-05	2.39E-05
0.2696	53.85485	14.13881	5.58587	3.36695	22.77913	93.1925	3.50778	0.90579	0.3188	0.91201	0.5484	0.35786	0.09353	0.0536	0.02431	0.02431	0.15181	91.53539	2.22688	1.75502	nan	2.00079	nan	0.90784	0.25012	0.80414	3.99E-04	0.33904	0.00204	0.56789	0.4494	0.23081	45.07925	599.36693	631.15848	476.99955	654.829	380.344	629.67052	nan	543.3345	522.82168	486.20454	176.95497	419.55423	553.73793	543.05879	279.99436	458.15007	666.99607	536.34288	130.66266	76.20346	130.66266	22.6199	0.51216	59.55838	18.21921	7.87E-05	2.67724	1.02E-05	1.32E+07	7.60E-08	27.6783	182.34741	6.73E-05	0.0055	2.62E-05	2.39E-05
0.27	55.49489	13.84746	4.76245	3.27634	22.34386	93.25256	3.46335	0.8886	0.31348	0.91299	0.55401	0.35601	0.0945	0.0535	0.0245	0.0245	0.15101	91.63168	2.18591	1.76153	nan	2.00076	nan	0.92393	0.21148	0.80299	2.27E-05	0.335	0.002	0.57147	0.44249	0.22949	44.66355	599.48395	631.54532	474.97492	654.80948	381.75697	629.41915	nan	543.43895	529.73024	484.18898	172.40537	419.17849	553.74522	543.7447	275.80386	456.41094	667.21901	536.41982	130.80919	76.15237	130.80919	22.92904	0.51341	59.59196	18.22949	7.88E-05	2.677	1.02E-05	1.32E+07	7.59E-08	27.68001	182.49988	6.73E-05	0.0055	2.63E-05	2.40E-05
0.2704	53.60362	14.7582	5.66939	3.77274	21.92079	93.27298	3.40707	0.92733	0.30774	0.90779	0.55639	0.35823	0.09332	0.05411	0.02439	0.0244	0.15354	91.51476	2.15241	1.77436	nan	2.00073	nan	0.89964	0.20448	0.79934	0.00844	0.33325	0.00223	0.56154	0.43848	0.22657	44.31002	599.46586	631.84972	477.35111	654.61528	381.19092	629.16779	nan	543.42184	519.44883	485.29146	178.8371	420.4717	553.75251	543.44656	278.71398	457.87051	666.85341	536.35489	130.50825	77.03024	130.50825	22.5721	0.51024	59.57712	18.22494	7.88E-05	2.67803	1.02E-05	1.32E+07	7.59E-08	27.68207	182.45388	6.73E-05	0.0055	2.63E-05	2.40E-05
0.2708	51.71235	15.66893	6.57632	4.26914	21.49772	93.29341	3.3508	0.96606	0.302	0.90259	0.55878	0.36045	0.09214	0.05471	0.02429	0.0243	0.15607	91.39783	2.11891	1.78719	nan	2.0007	nan	0.87535	0.19748	0.79569	0.01686	0.3315	0.00246	0.55161	0.43447	0.22365	43.9565	599.44778	632.15411	479.72731	654.42109	380.62486	628.91642	nan	543.40473	509.16741	486.39395	185.26883	421.7649	553.7598	543.14843	281.62411	459.33009	666.48781	536.28996	130.20732	77.90811	130.20732	22.21517	0.50707	59.56228	18.22039	7.88E-05	2.67906	1.02E-05	1.32E+07	7.59E-08	27.68414	182.40788	6.73E-05	0.0055	2.63E-05	2.40E-05
0.2712	49.82107	16.57967	7.48326	4.76555	21.07465	93.31384	3.29453	1.00479	0.29626	0.89739	0.56117	0.36267	0.09096	0.05532	0.02418	0.0242	0.15861	91.2809	2.08541	1.80001	nan	2.00067	nan	0.85106	0.19048	0.79204	0.02528	0.32975	0.00269	0.54168	0.43045	0.22073	43.60298	599.42969	632.45851	482.10351	654.22689	380.0588	628.66506	nan	543.38762	498.886	487.49643	191.70055	423.05811	553.7671	542.8503	284.53423	460.78966	666.12221	536.22502	129.90638	78.78598	129.90638	21.85823	0.5039	59.54744	18.21585	7.89E-05	2.68008	1.02E-05	1.32E+07	7.59E-08	27.68621	182.36188	6.72E-05	0.0055	2.63E-05	2.40E-05
0.2716	47.9298	17.49041	8.3902	5.26195	20.65158	93.33426	3.23825	1.04351	0.29052	0.89219	0.56355	0.36489	0.08978	0.05593	0.02407	0.0241	0.16114	91.16398	2.05191	1.81284	nan	2.00064	nan	0.82677	0.18348	0.78839	0.0337	0.328	0.00292	0.53175	0.42644	0.21781	43.24946	599.4116	632.7629	484.47971	654.0327	379.49275	628.4137	nan	543.37051	488.60458	488.59891	198.13228	424.35131	553.77439	542.55216	287.44436	462.24924	665.75661	536.16009	129.60545	79.66385	129.60545	21.5013	0.50073	59.5326	18.2113	7.89E-05	2.68111	1.02E-05	1.32E+07	7.58E-08	27.68827	182.31588	6.72E-05	0.0055	2.63E-05	2.40E-05
0.272	46.03852	18.40114	9.29713	5.75835	20.22852	93.35469	3.18198	1.08224	0.28478	0.88699	0.56594	0.36711	0.0886	0.05653	0.02397	0.024	0.16367	91.04705	2.01841	1.82567	nan	2.00061	nan	0.80248	0.17648	0.78474	0.04212	0.32625	0.00315	0.52181	0.42243	0.21489	42.89594	599.39352	633.06729	486.8559	653.83851	378.92669	628.16233	nan	543.3534	478.32317	489.7014	204.56401	425.64452	553.78168	542.25403	290.35448	463.70881	665.39101	536.09516	129.30451	80.54172	129.30451	21.14436	0.49756	59.51776	18.20675	7.89E-05	2.68214	1.02E-05	1.32E+07	7.58E-08	27.69034	182.26987	6.72E-05	0.0055	2.63E-05	2.40E-05
0.2724	44.14725	19.31188	10.20407	6.25475	19.80545	93.37512	3.12571	1.12097	0.27904	0.88179	0.56833	0.36933	0.08742	0.05714	0.02386	0.0239	0.16621	90.93012	1.98491	1.83849	nan	2.00058	nan	0.77819	0.16948	0.78109	0.05054	0.3245	0.00338	0.51188	0.41842	0.21197	42.54242	599.37543	633.37169	489.2321	653.64431	378.36064	627.91097	nan	543.33629	468.04175	490.80388	210.99574	426.93772	553.78897	541.9559	293.26461	465.16838	665.0254	536.03022	129.00358	81.41959	129.00358	20.78743	0.49439	59.50292	18.20221	7.90E-05	2.68316	1.02E-05	1.32E+07	7.58E-08	27.69241	182.22387	6.72E-05	0.00551	2.63E-05	2.40E-05
0.2728	42.25597	20.22262	11.11101	6.75115	19.38238	93.39554	3.06943	1.15969	0.2733	0.87659	0.57071	0.37155	0.08624	0.05775	0.02375	0.0238	0.16874	90.81319	1.95141	1.85132	nan	2.00055	nan	0.7539	0.16248	0.77744	0.05896	0.32275	0.00361	0.50195	0.41441	0.20905	42.1889	599.35734	633.67608	491.6083	653.45012	377.79458	627.65961	nan	543.31918	457.76034	491.90637	217.42747	428.23093	553.79626	541.65776	296.17473	466.62796	664.6598	535.96529	128.70265	82.29746	128.70265	20.43049	0.49122	59.48808	18.19766	7.90E-05	2.68419	1.02E-05	1.32E+07	7.57E-08	27.69447	182.17787	6.71E-05	0.00551	2.63E-05	2.40E-05
0.2732	40.3647	21.13335	12.01794	7.24756	18.95931	93.41597	3.01316	1.19842	0.26756	0.87139	0.5731	0.37377	0.08506	0.05835	0.02365	0.0237	0.17127	90.69627	1.91791	1.86415	nan	2.00052	nan	0.72961	0.15548	0.77379	0.06738	0.321	0.00384	0.49202	0.41039	0.20613	41.83537	599.33926	633.98048	493.9845	653.25592	377.22853	627.40824	nan	543.30207	447.47892	493.00885	223.8592	429.52413	553.80356	541.35963	299.08486	468.08753	664.2942	535.90036	128.40171	83.17533	128.40171	20.07356	0.48805	59.47324	18.19311	7.90E-05	2.68522	1.02E-05	1.33E+07	7.57E-08	27.69654	182.13187	6.71E-05	0.00551	2.63E-05	2.40E-05
0.2736	38.47343	22.04409	12.92488	7.74396	18.53624	93.4364	2.95689	1.23715	0.26182	0.86619	0.57549	0.37599	0.08388	0.05896	0.02354	0.0236	0.17381	90.57934	1.88441	1.87698	nan	2.00049	nan	0.70532	0.14848	0.77014	0.0758	0.31925	0.00407	0.48208	0.40638	0.20321	41.48185	599.32117	634.28487	496.36069	653.06173	376.66247	627.15688	nan	543.28496	437.19751	494.11134	230.29093	430.81734	553.81085	541.0615	301.99498	469.54711	663.9286	535.83542	128.10078	84.0532	128.10078	19.71662	0.48488	59.4584	18.18857	7.91E-05	2.68624	1.02E-05	1.33E+07	7.57E-08	27.69861	182.08587	6.71E-05	0.00551	2.64E-05	2.41E-05
0.274	36.58215	22.95483	13.83182	8.24036	18.11317	93.45682	2.90061	1.27587	0.25608	0.86099	0.57787	0.37821	0.0827	0.05957	0.02343	0.0235	0.17634	90.46241	1.85091	1.8898	nan	2.00046	nan	0.68103	0.14148	0.76649	0.08422	0.3175	0.0043	0.47215	0.40237	0.20029	41.12833	599.30308	634.58927	498.73689	652.86753	376.09642	626.90551	nan	543.26785	426.9161	495.21382	236.72266	432.11054	553.81814	540.76336	304.90511	471.00668	663.563	535.77049	127.79984	84.93107	127.79984	19.35969	0.48171	59.44356	18.18402	7.91E-05	2.68727	1.02E-05	1.33E+07	7.56E-08	27.70067	182.03987	6.70E-05	0.00551	2.64E-05	2.41E-05
0.2744	34.69088	23.86557	14.73876	8.73676	17.69011	93.47725	2.84434	1.3146	0.25034	0.85579	0.58026	0.38043	0.08152	0.06017	0.02333	0.0234	0.17887	90.34549	1.81741	1.90263	nan	2.00043	nan	0.65674	0.13448	0.76284	0.09264	0.31575	0.00453	0.46222	0.39836	0.19737	40.77481	599.285	634.89366	501.11309	652.67334	375.53036	626.65415	nan	543.25074	416.63468	496.31631	243.15439	433.40375	553.82543	540.46523	307.81523	472.46625	663.1974	535.70556	127.49891	85.80894	127.49891	19.00275	0.47854	59.42872	18.17947	7.91E-05	2.6883	1.02E-05	1.33E+07	7.56E-08	27.70274	181.99387	6.70E-05	0.00551	2.64E-05	2.41E-05
0.2748	32.7996	24.7763	15.64569	9.23316	17.26704	93.49768	2.78807	1.35333	0.2446	0.85059	0.58265	0.38265	0.08034	0.06078	0.02322	0.0233	0.18141	90.22856	1.78391	1.91546	nan	2.0004	nan	0.63245	0.12748	0.75919	0.10106	0.314	0.00476	0.45229	0.39434	0.19445	40.42129	599.26691	635.19806	503.48929	652.47915	374.9643	626.40279	nan	543.23363	406.35327	497.41879	249.58612	434.69695	553.83272	540.1671	310.72536	473.92583	662.8318	535.64062	127.19797	86.68681	127.19797	18.64582	0.47537	59.41388	18.17493	7.92E-05	2.68932	1.02E-05	1.33E+07	7.56E-08	27.70481	181.94787	6.70E-05	0.00552	2.64E-05	2.41E-05
0.2752	30.90833	25.68704	16.55263	9.72957	16.84397	93.5181	2.73179	1.39205	0.23886	0.84539	0.58503	0.38487	0.07916	0.06139	0.02311	0.0232	0.18394	90.11163	1.75041	1.92828	nan	2.00037	nan	0.60816	0.12048	0.75554	0.10948	0.31225	0.00499	0.44236	0.39033	0.19153	40.06777	599.24882	635.50245	505.86548	652.28495	374.39825	626.15142	nan	543.21652	396.07185	498.52127	256.01785	435.99016	553.84001	539.86896	313.63548	475.3854	662.46619	535.57569	126.89704	87.56468	126.89704	18.28888	0.4722	59.39904	18.17038	7.92E-05	2.69035	1.02E-05	1.33E+07	7.56E-08	27.70687	181.90187	6.69E-05	0.00552	2.64E-05	2.41E-05
0.2756	29.01705	26.59778	17.45957	10.22597	16.4209	93.53853	2.67552	1.43078	0.23312	0.84019	0.58742	0.38709	0.07798	0.062	0.02301	0.0231	0.18647	89.9947	1.71691	1.94111	nan	2.00034	nan	0.58387	0.11348	0.75189	0.1179	0.3105	0.00522	0.43242	0.38632	0.18861	39.71425	599.23074	635.80685	508.24168	652.09076	373.83219	625.90006	nan	543.19941	385.79044	499.62376	262.44958	437.28336	553.84731	539.57083	316.54561	476.84497	662.10059	535.51075	126.5961	88.44255	126.5961	17.93195	0.46903	59.3842	18.16583	7.92E-05	2.69138	1.02E-05	1.33E+07	7.55E-08	27.70894	181.85587	6.69E-05	0.00552	2.64E-05	2.41E-05
0.276	27.12578	27.50851	18.3665	10.72237	15.99783	93.55896	2.61924	1.46951	0.22738	0.83499	0.58981	0.38931	0.0768	0.0626	0.0229	0.023	0.18901	89.87778	1.68341	1.95394	nan	2.00031	nan	0.55958	0.10648	0.74824	0.12632	0.30875	0.00545	0.42249	0.38231	0.18569	39.36072	599.21265	636.11124	510.61788	651.89656	373.26614	625.6487	nan	543.1823	375.50902	500.72624	268.88131	438.57657	553.8546	539.2727	319.45573	478.30455	661.73499	535.44582	126.29517	89.32042	126.29517	17.57501	0.46586	59.36936	18.16129	7.93E-05	2.6924	1.02E-05	1.33E+07	7.55E-08	27.71101	181.80987	6.69E-05	0.00552	2.64E-05	2.41E-05
0.2764	25.23451	28.41925	19.27344	11.21877	15.57476	93.57938	2.56297	1.50823	0.22164	0.82979	0.59219	0.39153	0.07562	0.06321	0.02279	0.0229	0.19154	89.76085	1.64991	1.96676	nan	2.00028	nan	0.53529	0.09948	0.74459	0.13474	0.307	0.00568	0.41256	0.3783	0.18277	39.0072	599.19456	636.41563	512.99408	651.70237	372.70008	625.39733	nan	543.16519	365.22761	501.82873	275.31304	439.86977	553.86189	538.97456	322.36586	479.76412	661.36939	535.38089	125.99423	90.19829	125.99423	17.21808	0.46269	59.35452	18.15674	7.93E-05	2.69343	1.02E-05	1.33E+07	7.55E-08	27.71307	181.76387	6.68E-05	0.00552	2.64E-05	2.41E-05
0.2768	23.34323	29.32999	20.18038	11.71517	15.1517	93.59981	2.5067	1.54696	0.2159	0.82459	0.59458	0.39375	0.07444	0.06382	0.02269	0.0228	0.19407	89.64392	1.61641	1.97959	nan	2.00025	nan	0.511	0.09248	0.74094	0.14316	0.30525	0.00591	0.40263	0.37428	0.17985	38.65368	599.17648	636.72003	515.37027	651.50818	372.13403	625.14597	nan	543.14808	354.94619	502.93121	281.74477	441.16298	553.86918	538.67643	325.27598	481.2237	661.00379	535.31595	125.6933	91.07616	125.6933	16.86115	0.45952	59.33968	18.15219	7.93E-05	2.69446	1.02E-05	1.33E+07	7.54E-08	27.71514	181.71787	6.68E-05	0.00552	2.64E-05	2.41E-05
0.2772	21.45196	30.24072	21.08731	12.21158	14.72863	93.62024	2.45042	1.58569	0.21016	0.81939	0.59697	0.39597	0.07326	0.06442	0.02258	0.0227	0.19661	89.527	1.58291	1.99242	nan	2.00022	nan	0.48671	0.08548	0.73729	0.15158	0.3035	0.00614	0.3927	0.37027	0.17693	38.30016	599.15839	637.02442	517.74647	651.31398	371.56797	624.8946	nan	543.13097	344.66478	504.0337	288.1765	442.45618	553.87647	538.3783	328.18611	482.68327	660.63819	535.25102	125.39237	91.95403	125.39237	16.50421	0.45635	59.32484	18.14765	7.94E-05	2.69548	1.02E-05	1.33E+07	7.54E-08	27.71721	181.67187	6.68E-05	0.00553	2.65E-05	2.41E-05
0.2776	19.56068	31.15146	21.99425	12.70798	14.30556	93.64066	2.39415	1.62441	0.20442	0.81419	0.59935	0.39819	0.07208	0.06503	0.02247	0.0226	0.19914	89.41007	1.54941	2.00524	nan	2.00019	nan	0.46242	0.07848	0.73364	0.16	0.30175	0.00637	0.38276	0.36626	0.17401	37.94664	599.1403	637.32882	520.12267	651.11979	371.00192	624.64324	nan	543.11386	334.38337	505.13618	294.60823	443.74939	553.88377	538.08016	331.09623	484.14284	660.27259	535.18609	125.09143	92.8319	125.09143	16.14728	0.45318	59.31	18.1431	7.94E-05	2.69651	1.02E-05	1.33E+07	7.54E-08	27.71927	181.62587	6.67E-05	0.00553	2.65E-05	2.42E-05
0.278	17.66941	32.0622	22.90119	13.20438	13.88249	93.66109	2.33788	1.66314	0.19868	0.80899	0.60174	0.40041	0.0709	0.06564	0.02237	0.0225	0.20167	89.29314	1.51591	2.01807	nan	2.00016	nan	0.43813	0.07148	0.72999	0.16842	0.3	0.0066	0.37283	0.36225	0.17109	37.59312	599.12222	637.63321	522.49887	650.92559	370.43586	624.39188	nan	543.09675	324.10195	506.23866	301.03996	445.0426	553.89106	537.78203	334.00636	485.60242	659.90698	535.12115	124.7905	93.70977	124.7905	15.79034	0.45001	59.29516	18.13855	7.94E-05	2.69754	1.02E-05	1.33E+07	7.53E-08	27.72134	181.57987	6.67E-05	0.00553	2.65E-05	2.42E-05
0.2784	15.77813	32.97294	23.80812	13.70078	13.45942	93.68152	2.2816	1.70187	0.19294	0.80379	0.60413	0.40263	0.06972	0.06624	0.02226	0.0224	0.20421	89.17621	1.48241	2.0309	nan	2.00013	nan	0.41384	0.06448	0.72634	0.17684	0.29825	0.00683	0.3629	0.35824	0.16817	37.2396	599.10413	637.93761	524.87506	650.7314	369.8698	624.14051	nan	543.07964	313.82054	507.34115	307.47169	446.3358	553.89835	537.4839	336.91648	487.06199	659.54138	535.05622	124.48956	94.58764	124.48956	15.43341	0.44684	59.28032	18.13401	7.95E-05	2.69856	1.02E-05	1.33E+07	7.53E-08	27.72341	181.53387	6.67E-05	0.00553	2.65E-05	2.42E-05
0.2788	13.88686	33.88367	24.71506	14.19718	13.03635	93.70194	2.22533	1.74059	0.1872	0.79859	0.60651	0.40485	0.06854	0.06685	0.02215	0.0223	0.20674	89.05929	1.44891	2.04372	nan	2.0001	nan	0.38955	0.05748	0.72269	0.18526	0.2965	0.00706	0.35297	0.35422	0.16525	36.88607	599.08604	638.242	527.25126	650.53721	369.30375	623.88915	nan	543.06253	303.53912	508.44363	313.90342	447.62901	553.90564	537.18576	339.82661	488.52157	659.17578	534.99129	124.18863	95.46551	124.18863	15.07647	0.44367	59.26548	18.12946	7.95E-05	2.69959	1.02E-05	1.33E+07	7.53E-08	27.72547	181.48787	6.67E-05	0.00553	2.65E-05	2.42E-05
0.2792	11.99559	34.79441	25.622	14.69359	12.61329	93.72237	2.16906	1.77932	0.18146	0.79339	0.6089	0.40707	0.06736	0.06746	0.02205	0.0222	0.20927	88.94236	1.41541	2.05655	nan	2.00007	nan	0.36526	0.05048	0.71904	0.19368	0.29475	0.00729	0.34304	0.35021	0.16233	36.53255	599.06796	638.5464	529.62746	650.34301	368.73769	623.63779	nan	543.04542	293.25771	509.54612	320.33515	448.92221	553.91293	536.88763	342.73673	489.98114	658.81018	534.92635	123.88769	96.34338	123.88769	14.71954	0.4405	59.25064	18.12491	7.95E-05	2.70062	1.02E-05	1.33E+07	7.53E-08	27.72754	181.44187	6.66E-05	0.00553	2.65E-05	2.42E-05
0.2796	10.10431	35.70515	26.52894	15.18999	12.19022	93.7428	2.11278	1.81805	0.17572	0.78819	0.61129	0.40929	0.06618	0.06806	0.02194	0.0221	0.21181	88.82543	1.38191	2.06938	nan	2.00004	nan	0.34097	0.04348	0.71539	0.2021	0.293	0.00752	0.3331	0.3462	0.15941	36.17903	599.04987	638.85079	532.00366	650.14882	368.17164	623.38642	nan	543.02831	282.97629	510.6486	326.76688	450.21542	553.92022	536.5895	345.64686	491.44071	658.44458	534.86142	123.58676	97.22125	123.58676	14.3626	0.43733	59.2358	18.12037	7.96E-05	2.70164	1.02E-05	1.33E+07	7.52E-08	27.72961	181.39587	6.66E-05	0.00554	2.65E-05	2.42E-05
0.28	8.22109	36.61026	27.43138	15.68753	11.76807	93.76334	2.05665	1.85653	0.17	0.78298	0.61369	0.41151	0.065	0.06866	0.02183	0.022	0.21432	88.70938	1.34845	2.0822	nan	2.00001	nan	0.31677	0.03652	0.71171	0.21048	0.29123	0.00775	0.32322	0.3422	0.15651	35.82969	599.03573	639.15482	534.36213	649.95509	367.61007	623.13506	nan	543.00803	272.75181	511.74219	333.16294	451.49778	553.92752	536.29336	348.55136	492.88793	658.08023	534.79737	123.28619	98.09569	123.28619	14.00685	0.43421	59.22097	18.11583	7.96E-05	2.70266	1.02E-05	1.33E+07	7.52E-08	27.73167	181.35088	6.66E-05	0.00554	2.65E-05	2.42E-05
0.2804	9.20489	35.51439	26.73431	16.59	11.6744	93.825	2.04919	1.80598	0.16876	0.77504	0.62153	0.41361	0.06483	0.06734	0.02224	0.0224	0.21023	88.90484	1.33165	2.0925	nan	1.99998	nan	0.32386	0.0441	0.69876	0.20206	0.28558	0.00746	0.33137	0.34262	0.15895	36.9676	600.42576	639.32776	530.40932	649.92861	368.64778	622.8837	nan	541.85954	282.80147	509.66662	326.85534	448.91924	553.93481	536.70667	349.45245	489.93412	658.16263	535.0487	123.11713	97.74542	123.11713	14.07058	0.44547	59.21131	18.11287	7.96E-05	2.7019	1.02E-05	1.34E+07	7.51E-08	27.73227	181.66488	6.67E-05	0.00553	2.65E-05	2.42E-05
0.2808	10.1887	34.41852	26.03724	17.49247	11.58074	93.88666	2.04174	1.75543	0.16752	0.76711	0.62937	0.41571	0.06465	0.06602	0.02265	0.0228	0.20614	89.1003	1.31484	2.1028	nan	1.99995	nan	0.33095	0.05168	0.68581	0.19364	0.27993	0.00717	0.33953	0.34304	0.16139	38.10552	601.8158	639.50071	526.45651	649.90212	369.68548	622.63233	nan	540.71105	292.85114	507.59105	320.54775	446.34069	553.9421	537.11998	350.35354	486.98032	658.24503	535.30004	122.94806	97.39515	122.94806	14.13431	0.45674	59.20164	18.10992	7.97E-05	2.70114	1.02E-05	1.34E+07	7.50E-08	27.73287	181.97888	6.68E-05	0.00552	2.66E-05	2.42E-05
0.2812	11.1725	33.32265	25.34017	18.39494	11.48707	93.94832	2.03429	1.70488	0.16628	0.75918	0.63721	0.41781	0.06448	0.0647	0.02305	0.0232	0.20204	89.29576	1.29803	2.1131	nan	1.99992	nan	0.33804	0.05926	0.67286	0.18522	0.27428	0.00688	0.34768	0.34346	0.16383	39.24344	603.20584	639.67366	522.5037	649.87563	370.72318	622.38097	nan	539.56255	302.90081	505.51548	314.24015	443.76215	553.94939	537.5333	351.25463	484.02651	658.32743	535.55137	122.77899	97.04488	122.77899	14.19805	0.468	59.19197	18.10697	7.97E-05	2.70038	1.02E-05	1.34E+07	7.49E-08	27.73347	182.29288	6.69E-05	0.00551	2.66E-05	2.42E-05
0.2816	12.1563	32.22678	24.6431	19.29741	11.3934	94.00998	2.02683	1.65434	0.16504	0.75124	0.64505	0.41991	0.06431	0.06338	0.02346	0.0236	0.19795	89.49122	1.28123	2.1234	nan	1.99989	nan	0.34513	0.06684	0.65991	0.1768	0.26863	0.00659	0.35583	0.34388	0.16627	40.38136	604.59588	639.84661	518.55089	649.84915	371.76089	622.1296	nan	538.41406	312.95047	503.43992	307.93256	441.18361	553.95668	537.94661	352.15572	481.0727	658.40983	535.80271	122.60992	96.69461	122.60992	14.26178	0.47927	59.18231	18.10401	7.97E-05	2.69962	1.02E-05	1.34E+07	7.48E-08	27.73407	182.60688	6.70E-05	0.0055	2.66E-05	2.42E-05
0.282	13.14011	31.13091	23.94603	20.19988	11.29974	94.07164	2.01938	1.60379	0.1638	0.74331	0.65289	0.42201	0.06413	0.06206	0.02387	0.024	0.19386	89.68668	1.26442	2.1337	nan	1.99986	nan	0.35222	0.07442	0.64696	0.16838	0.26298	0.0063	0.36398	0.34429	0.16871	41.51928	605.98592	640.01955	514.59808	649.82266	372.79859	621.87824	nan	537.26556	323.00014	501.36435	301.62496	438.60506	553.96398	538.35993	353.05681	478.1189	658.49223	536.05404	122.44086	96.34435	122.44086	14.32551	0.49054	59.17264	18.10106	7.97E-05	2.69886	1.02E-05	1.34E+07	7.47E-08	27.73467	182.92089	6.71E-05	0.00549	2.66E-05	2.43E-05
0.2824	14.12391	30.03504	23.24896	21.10235	11.20607	94.1333	2.01193	1.55324	0.16256	0.73538	0.66073	0.42411	0.06396	0.06074	0.02427	0.0244	0.18976	89.88215	1.24761	2.144	nan	1.99983	nan	0.35931	0.082	0.63401	0.15996	0.25733	0.00601	0.37214	0.34471	0.17115	42.65719	607.37596	640.1925	510.64527	649.79617	373.8363	621.62688	nan	536.11707	333.04981	499.28878	295.31736	436.02652	553.65824	538.77324	353.9579	475.16509	658.57463	536.30538	122.27179	95.99408	122.27179	14.38925	0.5018	59.16297	18.0981	7.98E-05	2.6981	1.02E-05	1.34E+07	7.46E-08	27.73527	183.23489	6.72E-05	0.00548	2.66E-05	2.43E-05
0.2828	15.10772	28.93917	22.5519	22.00482	11.1124	94.19496	2.00447	1.5027	0.16132	0.72744	0.66857	0.42621	0.06379	0.05942	0.02468	0.0248	0.18567	90.07761	1.23081	2.1543	nan	1.9998	nan	0.3664	0.08958	0.62106	0.15154	0.25168	0.00572	0.38029	0.34513	0.17359	43.79511	608.766	640.36545	506.69246	649.76969	374.874	621.37551	nan	534.96857	343.09947	497.21321	289.00977	433.44797	553.13064	539.18655	354.85899	472.21128	658.65703	536.55671	122.10272	95.64381	122.10272	14.45298	0.51307	59.15331	18.09515	7.98E-05	2.69734	1.02E-05	1.35E+07	7.45E-08	27.73587	183.54889	6.73E-05	0.00547	2.66E-05	2.43E-05
0.2832	16.09152	27.8433	21.85483	22.90729	11.01873	94.25662	1.99702	1.45215	0.16008	0.71951	0.67641	0.42831	0.06361	0.0581	0.02509	0.0252	0.18158	90.27307	1.214	2.1646	nan	1.99977	nan	0.37349	0.09716	0.60811	0.14312	0.24603	0.00543	0.38844	0.34555	0.17603	44.93303	610.15604	640.5384	502.73965	649.7432	375.91171	621.12415	nan	533.82008	353.14914	495.13764	282.70217	430.86943	552.60305	539.59987	355.76008	469.25748	658.73943	536.80805	121.93365	95.29354	121.93365	14.51671	0.52434	59.14364	18.0922	7.98E-05	2.69658	1.02E-05	1.35E+07	7.44E-08	27.73647	183.86289	6.75E-05	0.00546	2.66E-05	2.43E-05
0.2836	17.07532	26.74743	21.15776	23.80976	10.92507	94.31828	1.98957	1.4016	0.15884	0.71158	0.68425	0.43041	0.06344	0.05678	0.02549	0.0256	0.17748	90.46853	1.19719	2.1749	nan	1.99974	nan	0.38058	0.10474	0.59516	0.1347	0.24038	0.00514	0.39659	0.34597	0.17847	46.07095	611.54608	640.71134	498.78684	649.71671	376.94941	620.87279	nan	532.67158	363.19881	493.06207	276.39458	428.29089	552.07545	540.01318	356.66117	466.30367	658.82183	537.05938	121.76459	94.94327	121.76459	14.58045	0.5356	59.13397	18.08924	7.98E-05	2.69582	1.02E-05	1.35E+07	7.43E-08	27.73707	184.17689	6.76E-05	0.00545	2.66E-05	2.43E-05
0.284	18.05913	25.65155	20.46069	24.71223	10.8314	94.37994	1.98211	1.35106	0.1576	0.70364	0.69209	0.43251	0.06327	0.05546	0.0259	0.026	0.17339	90.66399	1.18039	2.1852	nan	1.99971	nan	0.38767	0.11232	0.58221	0.12628	0.23473	0.00485	0.40474	0.34639	0.18091	47.20887	612.93611	640.88429	494.83403	649.69022	377.98711	620.62142	nan	531.52309	373.24847	490.98651	270.08698	425.71234	551.54785	540.42649	357.56226	463.34986	658.90423	537.31071	121.59552	94.59301	121.59552	14.64418	0.54687	59.12431	18.08629	7.99E-05	2.69506	1.02E-05	1.35E+07	7.42E-08	27.73767	184.49089	6.77E-05	0.00544	2.66E-05	2.43E-05
0.2844	19.04293	24.55568	19.76362	25.6147	10.73773	94.4416	1.97466	1.30051	0.15636	0.69571	0.69993	0.43461	0.06309	0.05414	0.02631	0.0264	0.1693	90.85945	1.16358	2.1955	nan	1.99968	nan	0.39476	0.1199	0.56926	0.11786	0.22908	0.00456	0.4129	0.34681	0.18335	48.34678	614.32615	641.05724	490.88122	649.66374	379.02482	620.37006	nan	530.37459	383.29814	488.91094	263.77938	423.1338	551.02026	540.83981	358.46335	460.39606	658.98663	537.56205	121.42645	94.24274	121.42645	14.70791	0.55814	59.11464	18.08334	7.99E-05	2.6943	1.02E-05	1.35E+07	7.41E-08	27.73827	184.80489	6.78E-05	0.00543	2.66E-05	2.43E-05
0.2848	20.02674	23.45981	19.06655	26.51717	10.64407	94.50326	1.96721	1.24996	0.15512	0.68778	0.70777	0.43671	0.06292	0.05282	0.02671	0.0268	0.1652	91.05491	1.14677	2.2058	nan	1.99965	nan	0.40185	0.12748	0.55631	0.10944	0.22343	0.00427	0.42105	0.34723	0.18579	49.4847	615.71619	641.23019	486.92841	649.63725	380.06252	620.11869	nan	529.2261	393.34781	486.83537	257.47179	420.55526	550.49266	541.25312	359.36444	457.44225	659.06903	537.81338	121.25739	93.89247	121.25739	14.77165	0.5694	59.10497	18.08038	7.99E-05	2.69354	1.02E-05	1.36E+07	7.40E-08	27.73887	185.11889	6.79E-05	0.00542	2.66E-05	2.43E-05
0.2852	21.01054	22.36394	18.36948	27.41964	10.5504	94.56492	1.95975	1.19942	0.15388	0.67984	0.71561	0.43881	0.06275	0.0515	0.02712	0.0272	0.16111	91.25037	1.12997	2.2161	nan	1.99962	nan	0.40894	0.13506	0.54336	0.10102	0.21778	0.00398	0.4292	0.34764	0.18823	50.62262	617.10623	641.40313	482.9756	649.61076	381.10023	619.86733	nan	528.0776	403.39747	484.7598	251.16419	417.97671	549.96506	541.66643	360.26553	454.48845	659.15144	538.06472	121.08832	93.5422	121.08832	14.83538	0.58067	59.09531	18.07743	7.99E-05	2.69278	1.02E-05	1.36E+07	7.39E-08	27.73947	185.4329	6.80E-05	0.00541	2.66E-05	2.43E-05
0.2856	21.99434	21.26807	17.67241	28.32211	10.45673	94.62658	1.9523	1.14887	0.15264	0.67191	0.72345	0.44091	0.06257	0.05018	0.02753	0.0276	0.15701	91.44583	1.11316	2.2264	nan	1.99959	nan	0.41603	0.14264	0.53041	0.0926	0.21213	0.00369	0.43735	0.34806	0.19067	51.76054	618.49627	641.57608	479.02279	649.58428	382.13793	619.61597	nan	526.92911	413.44714	482.68423	244.8566	415.39817	549.43746	542.07975	361.16662	451.53464	659.23384	538.31605	120.91925	93.19193	120.91925	14.89912	0.59194	59.08564	18.07448	8.00E-05	2.69202	1.02E-05	1.36E+07	7.37E-08	27.74007	185.7469	6.81E-05	0.0054	2.67E-05	2.43E-05
0.286	22.97815	20.1722	16.97534	29.22458	10.36307	94.68824	1.94485	1.09832	0.1514	0.66398	0.73129	0.44301	0.0624	0.04886	0.02793	0.028	0.15292	91.64129	1.09635	2.2367	nan	1.99956	nan	0.42312	0.15022	0.51746	0.08418	0.20648	0.0034	0.4455	0.34848	0.19311	52.89845	619.88631	641.74903	475.06997	649.55779	383.17563	619.3646	nan	525.78062	423.49681	480.60866	238.549	412.81963	548.90987	542.49306	362.06771	448.58083	659.31624	538.56739	120.75018	92.84166	120.75018	14.96285	0.6032	59.07597	18.07152	8.00E-05	2.69126	1.02E-05	1.36E+07	7.36E-08	27.74067	186.0609	6.83E-05	0.00539	2.67E-05	2.43E-05
0.2864	23.96195	19.07633	16.27827	30.12705	10.2694	94.7499	1.93739	1.04778	0.15016	0.65604	0.73913	0.44511	0.06223	0.04754	0.02834	0.0284	0.14883	91.83675	1.07955	2.247	nan	1.99953	nan	0.43021	0.1578	0.50451	0.07576	0.20083	0.00311	0.45366	0.3489	0.19555	54.03637	621.27635	641.92198	471.11716	649.5313	384.21334	619.11324	nan	524.63212	433.54648	478.5331	232.2414	410.24108	548.38227	542.90638	362.9688	445.62703	659.39864	538.81872	120.58112	92.4914	120.58112	15.02658	0.61447	59.06631	18.06857	8.00E-05	2.6905	1.02E-05	1.36E+07	7.35E-08	27.74127	186.3749	6.84E-05	0.00538	2.67E-05	2.43E-05
0.2868	24.94575	17.98046	15.5812	31.02952	10.17573	94.81156	1.92994	0.99723	0.14892	0.64811	0.74697	0.44721	0.06205	0.04622	0.02875	0.0288	0.14473	92.03221	1.06274	2.2573	nan	1.9995	nan	0.4373	0.16538	0.49156	0.06734	0.19518	0.00282	0.46181	0.34932	0.19799	55.17429	622.66639	642.09492	467.16435	649.50482	385.25104	618.86188	nan	523.48363	443.59614	476.45753	225.93381	407.66254	547.85467	543.31969	363.86989	442.67322	659.48104	539.07005	120.41205	92.14113	120.41205	15.09032	0.62573	59.05664	18.06562	8.00E-05	2.68974	1.02E-05	1.36E+07	7.34E-08	27.74187	186.6889	6.85E-05	0.00537	2.67E-05	2.43E-05
0.2872	25.92956	16.88459	14.88413	31.93199	10.08206	94.87322	1.92249	0.94668	0.14768	0.64018	0.75481	0.44931	0.06188	0.0449	0.02915	0.0292	0.14064	92.22767	1.04593	2.2676	nan	1.99947	nan	0.44439	0.17296	0.47861	0.05892	0.18953	0.00253	0.46996	0.34974	0.20043	56.31221	624.05643	642.26787	463.21154	649.47833	386.28875	618.61051	nan	522.33513	453.64581	474.38196	219.62621	405.08399	547.32707	543.733	364.77098	439.71941	659.56344	539.32139	120.24298	91.79086	120.24298	15.15405	0.637	59.04697	18.06266	8.01E-05	2.68898	1.02E-05	1.37E+07	7.33E-08	27.74247	187.0029	6.86E-05	0.00536	2.67E-05	2.44E-05
0.2876	26.91336	15.78871	14.18706	32.83446	9.9884	94.93488	1.91503	0.89613	0.14644	0.63224	0.76265	0.45141	0.06171	0.04358	0.02956	0.0296	0.13655	92.42314	1.02912	2.2779	nan	1.99944	nan	0.45148	0.18054	0.46566	0.0505	0.18388	0.00224	0.47811	0.35016	0.20287	57.45013	625.44646	642.44082	459.25873	649.45184	387.32645	618.35915	nan	521.18664	463.69548	472.30639	213.31862	402.50545	546.79948	544.14632	365.67207	436.76561	659.64584	539.57272	120.07391	91.44059	120.07391	15.21778	0.64827	59.03731	18.05971	8.01E-05	2.68822	1.02E-05	1.37E+07	7.32E-08	27.74307	187.3169	6.87E-05	0.00535	2.67E-05	2.44E-05
0.288	27.89717	14.69284	13.48999	33.73693	9.89473	94.99654	1.90758	0.84559	0.1452	0.62431	0.77049	0.45351	0.06153	0.04226	0.02997	0.03	0.13245	92.6186	1.01232	2.2882	nan	1.99941	nan	0.45857	0.18812	0.45271	0.04208	0.17823	0.00195	0.48626	0.35057	0.20531	58.58804	626.8365	642.61376	455.30592	649.42536	388.36416	618.10778	nan	520.03814	473.74514	470.23082	207.01102	399.92691	546.27188	544.55963	366.57316	433.8118	659.72824	539.82406	119.90485	91.09032	119.90485	15.28152	0.65953	59.02764	18.05676	8.01E-05	2.68746	1.02E-05	1.37E+07	7.31E-08	27.74367	187.6309	6.88E-05	0.00534	2.67E-05	2.44E-05
0.2884	28.88097	13.59697	12.79292	34.6394	9.80106	95.0582	1.90013	0.79504	0.14396	0.61638	0.77833	0.45561	0.06136	0.04094	0.03037	0.0304	0.12836	92.81406	0.99551	2.2985	nan	1.99938	nan	0.46566	0.1957	0.43976	0.03366	0.17258	0.00166	0.49442	0.35099	0.20775	59.72596	628.22654	642.78671	451.35311	649.39887	389.40186	617.85642	nan	518.88965	483.79481	468.15525	200.70342	397.34836	545.74428	544.97294	367.47425	430.85799	659.81064	540.07539	119.73578	90.74006	119.73578	15.34525	0.6708	59.01797	18.0538	8.01E-05	2.6867	1.02E-05	1.37E+07	7.30E-08	27.74427	187.94491	6.89E-05	0.00533	2.67E-05	2.44E-05
0.2888	29.86477	12.5011	12.09585	35.54187	9.7074	95.11986	1.89267	0.74449	0.14272	0.60844	0.78617	0.45771	0.06119	0.03962	0.03078	0.0308	0.12427	93.00952	0.9787	2.3088	nan	1.99935	nan	0.47275	0.20328	0.42681	0.02524	0.16693	0.00137	0.50257	0.35141	0.21019	60.86388	629.61658	642.95966	447.4003	649.37238	390.43956	617.60506	nan	517.74115	493.84448	466.07969	194.39583	394.76982	545.21668	545.38626	368.37534	427.90419	659.89304	540.32673	119.56671	90.38979	119.56671	15.40898	0.68207	59.00831	18.05085	8.02E-05	2.68594	1.02E-05	1.37E+07	7.29E-08	27.74487	188.25891	6.90E-05	0.00532	2.67E-05	2.44E-05
0.2892	30.84858	11.40523	11.39878	36.44434	9.61373	95.18152	1.88522	0.69395	0.14148	0.60051	0.79401	0.45981	0.06101	0.0383	0.03119	0.0312	0.12017	93.20498	0.9619	2.3191	nan	1.99932	nan	0.47984	0.21086	0.41386	0.01682	0.16128	0.00108	0.51072	0.35183	0.21263	62.0018	631.00662	643.13261	443.44749	649.3459	391.47727	617.35369	nan	516.59266	503.89414	464.00412	188.08823	392.19128	544.68909	545.79957	369.27643	424.95038	659.97544	540.57806	119.39764	90.03952	119.39764	15.47272	0.69333	58.99864	18.0479	8.02E-05	2.68518	1.02E-05	1.37E+07	7.28E-08	27.74547	188.57291	6.92E-05	0.00531	2.67E-05	2.44E-05
0.2896	31.83238	10.30936	10.70171	37.34681	9.52006	95.24319	1.87777	0.6434	0.14024	0.59258	0.80185	0.46191	0.06084	0.03698	0.03159	0.0316	0.11608	93.40044	0.94509	2.3294	nan	1.99929	nan	0.48693	0.21844	0.40091	0.0084	0.15563	7.89E-04	0.51887	0.35225	0.21507	63.13972	632.39666	643.30555	439.49468	649.31941	392.51497	617.10233	nan	515.44416	513.94381	461.92855	181.78064	389.61273	544.16149	546.21288	370.17752	421.99657	660.05784	540.82939	119.22858	89.68925	119.22858	15.53645	0.7046	58.98897	18.04494	8.02E-05	2.68442	1.02E-05	1.38E+07	7.27E-08	27.74607	188.88691	6.93E-05	0.0053	2.67E-05	2.44E-05
0.29	32.811	9.21701	10.00783	38.24274	9.43143	95.30404	1.87088	0.59305	0.13906	0.58471	0.80961	0.464	0.06067	0.03567	0.032	0.032	0.112	93.59466	0.92878	2.33958	nan	1.99926	nan	0.49401	0.22608	0.38801	1.51E-06	0.15	5.00E-04	0.52702	0.3527	0.21753	64.27426	633.77658	643.47405	435.56808	649.29467	393.54727	616.85097	nan	514.29851	523.96838	459.85298	175.49098	387.04385	543.63389	546.62486	371.07743	419.06485	660.14041	541.08006	119.06035	89.3375	119.06035	15.60064	0.7158	58.97918	18.04195	8.02E-05	2.68367	1.02E-05	1.38E+07	7.26E-08	27.74665	189.19813	6.94E-05	0.00529	2.67E-05	2.44E-05
0.2904	32.00506	9.33635	10.40756	36.88766	11.07297	95.08936	2.05911	0.61151	0.16024	0.59826	0.78954	0.46284	0.06088	0.03604	0.03156	0.03158	0.11338	93.36237	1.08429	2.31082	nan	1.99923	nan	0.49673	0.2528	0.39169	5.22E-04	0.15012	5.60E-04	0.53234	0.36453	0.22633	64.24726	631.67664	642.11128	440.65481	649.87049	392.72048	616.5996	nan	514.12813	525.36461	457.77741	175.36748	387.79731	543.10629	546.57654	371.57069	423.72568	660.28241	541.10226	119.17995	88.47489	119.17995	15.82004	0.70523	58.9247	18.02529	8.01E-05	2.68324	1.02E-05	1.37E+07	7.29E-08	27.73918	188.55212	6.92E-05	0.00531	2.67E-05	2.44E-05
0.2908	31.19912	9.45568	10.8073	35.53259	12.71451	94.87467	2.24733	0.62997	0.18142	0.61181	0.76947	0.46168	0.06109	0.03641	0.03112	0.03116	0.11476	93.13007	1.2398	2.28205	nan	1.9992	nan	0.49945	0.27952	0.39537	0.00104	0.15024	6.20E-04	0.53766	0.37637	0.23513	64.22027	629.57671	640.74852	445.74154	650.44631	391.89369	616.34824	nan	513.95774	526.76085	455.70184	175.24399	388.55076	542.5787	546.52822	372.06394	428.3865	660.42441	541.12446	119.29955	87.61229	119.29955	16.03944	0.69466	58.87023	18.00863	7.99E-05	2.68281	1.02E-05	1.37E+07	7.32E-08	27.73171	187.90612	6.90E-05	0.00533	2.66E-05	2.43E-05
0.2912	30.39319	9.57501	11.20703	34.17752	14.35605	94.65998	2.43556	0.64843	0.2026	0.62537	0.74941	0.46052	0.06131	0.03679	0.03068	0.03074	0.11614	92.89778	1.39531	2.25328	nan	1.99917	nan	0.50217	0.30624	0.39905	0.00156	0.15036	6.80E-04	0.54298	0.3882	0.24393	64.19327	627.47677	639.38575	450.82827	651.02214	391.0669	616.09687	nan	513.78736	528.15708	453.62628	175.12049	389.30422	542.0511	546.4799	372.5572	433.04733	660.56641	541.14666	119.41915	86.74969	119.41915	16.25884	0.68409	58.81575	17.99197	7.97E-05	2.68239	1.02E-05	1.36E+07	7.35E-08	27.72424	187.26012	6.88E-05	0.00535	2.66E-05	2.43E-05
0.2916	29.58725	9.69435	11.60677	32.82245	15.99759	94.44529	2.62379	0.66689	0.22378	0.63892	0.72934	0.45936	0.06152	0.03716	0.03024	0.03032	0.11752	92.66548	1.55081	2.22452	nan	1.99914	nan	0.50489	0.33296	0.40273	0.00208	0.15048	7.40E-04	0.5483	0.40003	0.25273	64.16628	625.37684	638.02299	455.91499	651.59796	390.24011	615.84551	nan	513.61698	529.55331	451.55071	174.997	390.05768	541.5235	546.43158	373.05045	437.70815	660.70841	541.16886	119.53875	85.88708	119.53875	16.47824	0.67352	58.76128	17.97531	7.96E-05	2.68196	1.02E-05	1.36E+07	7.38E-08	27.71678	186.61412	6.86E-05	0.00537	2.65E-05	2.42E-05
0.292	28.78131	9.81368	12.0065	31.46738	17.63913	94.23061	2.81202	0.68535	0.24496	0.65247	0.70927	0.4582	0.06173	0.03753	0.0298	0.0299	0.1189	92.43319	1.70632	2.19575	nan	1.99911	nan	0.50761	0.35968	0.40641	0.0026	0.1506	8.00E-04	0.55362	0.41187	0.26153	64.13929	623.2769	636.66022	461.00172	652.17378	389.41332	615.59415	nan	513.4466	530.94954	449.47514	174.87351	390.81113	540.99591	546.38326	373.54371	442.36898	660.85041	541.19106	119.65835	85.02448	119.65835	16.69764	0.66295	58.70681	17.95865	7.94E-05	2.68153	1.02E-05	1.35E+07	7.41E-08	27.70931	185.96811	6.84E-05	0.00539	2.65E-05	2.41E-05
0.2924	27.97538	9.93302	12.40624	30.1123	19.28067	94.01592	3.00024	0.70381	0.26614	0.66603	0.68921	0.45704	0.06195	0.03791	0.02936	0.02948	0.12028	92.20089	1.86183	2.16698	nan	1.99908	nan	0.51033	0.3864	0.41009	0.00312	0.15072	8.60E-04	0.55894	0.4237	0.27033	64.11229	621.17697	635.29746	466.08845	652.7496	388.58653	615.34278	nan	513.27622	532.34578	447.39957	174.75001	391.56459	540.46831	546.33494	374.03696	447.0298	660.99242	541.21326	119.77795	84.16188	119.77795	16.91704	0.65238	58.65233	17.94199	7.92E-05	2.68111	1.02E-05	1.35E+07	7.44E-08	27.70184	185.32211	6.82E-05	0.00541	2.64E-05	2.41E-05
0.2928	27.16944	10.05235	12.80597	28.75723	20.92221	93.80123	3.18847	0.72227	0.28732	0.67958	0.66914	0.45588	0.06216	0.03828	0.02892	0.02906	0.12166	91.9686	2.01734	2.13822	nan	1.99905	nan	0.51305	0.41312	0.41377	0.00364	0.15084	9.20E-04	0.56426	0.43553	0.27913	64.0853	619.07703	633.93469	471.17517	653.32543	387.75974	615.09142	nan	513.10584	533.74201	445.324	174.62652	392.31805	539.94071	546.28662	374.53022	451.69063	661.13442	541.23547	119.89755	83.29927	119.89755	17.13644	0.64181	58.59786	17.92533	7.91E-05	2.68068	1.02E-05	1.34E+07	7.47E-08	27.69438	184.67611	6.80E-05	0.00543	2.63E-05	2.40E-05
0.2932	26.3635	10.17168	13.20571	27.40216	22.56375	93.58654	3.3767	0.74073	0.3085	0.69313	0.64907	0.45472	0.06237	0.03865	0.02848	0.02864	0.12304	91.73631	2.17284	2.10945	nan	1.99902	nan	0.51577	0.43984	0.41745	0.00416	0.15096	9.80E-04	0.56958	0.44737	0.28793	64.05831	616.9771	632.57192	476.2619	653.90125	386.93295	614.84006	nan	512.93546	535.13824	443.24843	174.50302	393.0715	539.41311	546.2383	375.02347	456.35145	661.27642	541.25767	120.01715	82.43667	120.01715	17.35584	0.63124	58.54339	17.90867	7.89E-05	2.68025	1.02E-05	1.34E+07	7.50E-08	27.68691	184.03011	6.78E-05	0.00545	2.63E-05	2.40E-05
0.2936	25.55757	10.29102	13.60544	26.04709	24.20529	93.37186	3.56493	0.75919	0.32968	0.70669	0.62901	0.45356	0.06259	0.03903	0.02804	0.02822	0.12442	91.50401	2.32835	2.08068	nan	1.99899	nan	0.51849	0.46656	0.42113	0.00468	0.15108	0.00104	0.5749	0.4592	0.29673	64.03131	614.87716	631.20916	481.34863	654.47707	386.10616	614.58869	nan	512.76508	536.53447	441.17287	174.37953	393.82496	538.88552	546.18998	375.51673	461.01228	661.41842	541.27987	120.13675	81.57407	120.13675	17.57524	0.62067	58.48891	17.89201	7.87E-05	2.67983	1.02E-05	1.33E+07	7.53E-08	27.67944	183.3841	6.76E-05	0.00547	2.62E-05	2.39E-05
0.294	24.75163	10.41035	14.00518	24.69202	25.84683	93.15717	3.75315	0.77765	0.35086	0.72024	0.60894	0.4524	0.0628	0.0394	0.0276	0.0278	0.1258	91.27172	2.48386	2.05192	nan	1.99896	nan	0.52121	0.49328	0.42481	0.0052	0.1512	0.0011	0.58022	0.47103	0.30553	64.00432	612.77723	629.84639	486.43535	655.05289	385.27937	614.33733	nan	512.5947	537.9307	439.0973	174.25604	394.57842	538.35792	546.14166	376.00998	465.6731	661.56042	541.30207	120.25635	80.71146	120.25635	17.79465	0.6101	58.43444	17.87535	7.85E-05	2.6794	1.02E-05	1.33E+07	7.56E-08	27.67198	182.7381	6.74E-05	0.00549	2.62E-05	2.39E-05
0.2944	23.94569	10.52968	14.40491	23.33694	27.48837	92.94248	3.94138	0.79611	0.37204	0.73379	0.58887	0.45124	0.06301	0.03977	0.02716	0.02738	0.12718	91.03942	2.63936	2.02315	nan	1.99893	nan	0.52393	0.52	0.42849	0.00572	0.15132	0.00116	0.58554	0.48287	0.31433	63.97733	610.67729	628.48363	491.52208	655.62872	384.45258	614.08596	nan	512.42432	539.32694	437.02173	174.13254	395.33187	537.83032	546.09334	376.50324	470.33393	661.70242	541.32427	120.37595	79.84886	120.37595	18.01405	0.59953	58.37997	17.85869	7.84E-05	2.67897	1.02E-05	1.32E+07	7.59E-08	27.66451	182.0921	6.72E-05	0.00551	2.61E-05	2.38E-05
0.2948	23.13976	10.64902	14.80465	21.98187	29.12991	92.72779	4.12961	0.81457	0.39322	0.74735	0.56881	0.45008	0.06323	0.04015	0.02672	0.02696	0.12856	90.80713	2.79487	1.99438	nan	1.9989	nan	0.52665	0.54672	0.43217	0.00624	0.15144	0.00122	0.59086	0.4947	0.32313	63.95033	608.57736	627.12086	496.60881	656.20454	383.62579	613.8346	nan	512.25394	540.72317	434.94616	174.00905	396.08533	537.30272	546.04502	376.99649	474.99475	661.84442	541.34647	120.49555	78.98626	120.49555	18.23345	0.58896	58.32549	17.84203	7.82E-05	2.67855	1.02E-05	1.32E+07	7.62E-08	27.65704	181.4461	6.70E-05	0.00553	2.61E-05	2.38E-05
0.2952	22.33382	10.76835	15.20438	20.6268	30.77145	92.51311	4.31784	0.83303	0.4144	0.7609	0.54874	0.44892	0.06344	0.04052	0.02628	0.02654	0.12994	90.57483	2.95038	1.96562	nan	1.99887	nan	0.52937	0.57344	0.43585	0.00676	0.15156	0.00128	0.59618	0.50653	0.33193	63.92334	606.47742	625.7581	501.69554	656.78036	382.799	613.58324	nan	512.08356	542.1194	432.87059	173.88556	396.83878	536.77513	545.9967	377.48975	479.65558	661.98642	541.36867	120.61515	78.12365	120.61515	18.45285	0.57839	58.27102	17.82537	7.80E-05	2.67812	1.02E-05	1.31E+07	7.65E-08	27.64958	180.80009	6.68E-05	0.00555	2.60E-05	2.37E-05
0.2956	21.52788	10.88769	15.60411	19.27173	32.41299	92.29842	4.50606	0.85149	0.43558	0.77445	0.52867	0.44776	0.06365	0.04089	0.02584	0.02612	0.13132	90.34254	3.10589	1.93685	nan	1.99884	nan	0.53209	0.60016	0.43953	0.00728	0.15168	0.00134	0.6015	0.51837	0.34073	63.89635	604.37749	624.39533	506.78226	657.35618	381.97221	613.33187	nan	511.91318	543.51563	430.79502	173.76206	397.59224	536.24753	545.94838	377.983	484.3164	662.12842	541.39087	120.73475	77.26105	120.73475	18.67225	0.56781	58.21655	17.80871	7.79E-05	2.67769	1.02E-05	1.31E+07	7.68E-08	27.64211	180.15409	6.66E-05	0.00557	2.60E-05	2.37E-05
0.296	20.72195	11.00702	16.00385	17.91666	34.05453	92.08373	4.69429	0.86995	0.45676	0.78801	0.50861	0.4466	0.06387	0.04127	0.0254	0.0257	0.1327	90.11025	3.26139	1.90808	nan	1.99881	nan	0.53481	0.62688	0.44321	0.0078	0.1518	0.0014	0.60682	0.5302	0.34953	63.86935	602.27755	623.03257	511.86899	657.932	381.14542	613.08051	nan	511.7428	544.91187	428.71946	173.63857	398.3457	535.71993	545.90006	378.47626	488.97723	662.27042	541.41307	120.85435	76.39845	120.85435	18.89165	0.55724	58.16207	17.79205	7.77E-05	2.67727	1.02E-05	1.30E+07	7.71E-08	27.63464	179.50809	6.64E-05	0.00559	2.59E-05	2.36E-05
0.2964	19.91601	11.12635	16.40358	16.56158	35.69607	91.86904	4.88252	0.88841	0.47794	0.80156	0.48854	0.44544	0.06408	0.04164	0.02496	0.02528	0.13408	89.87795	3.4169	1.87931	nan	1.99878	nan	0.53753	0.6536	0.44689	0.00832	0.15192	0.00146	0.61214	0.54204	0.35833	63.84236	600.17762	621.6698	516.95572	658.50783	380.31863	612.82915	nan	511.57241	546.3081	426.64389	173.51507	399.09915	535.19233	545.85174	378.96952	493.63805	662.41242	541.43527	120.97395	75.53584	120.97395	19.11105	0.54667	58.1076	17.77539	7.75E-05	2.67684	1.02E-05	1.30E+07	7.74E-08	27.62718	178.86209	6.62E-05	0.00561	2.58E-05	2.36E-05
0.2968	19.11007	11.24569	16.80332	15.20651	37.33761	91.65436	5.07075	0.90687	0.49912	0.81511	0.46847	0.44428	0.06429	0.04201	0.02452	0.02486	0.13546	89.64566	3.57241	1.85055	nan	1.99875	nan	0.54025	0.68032	0.45057	0.00884	0.15204	0.00152	0.61746	0.55387	0.36713	63.81537	598.07768	620.30704	522.04244	659.08365	379.49184	612.57778	nan	511.40203	547.70433	424.56832	173.39158	399.85261	534.66474	545.80342	379.46277	498.29888	662.55442	541.45747	121.09355	74.67324	121.09355	19.33045	0.5361	58.05312	17.75873	7.73E-05	2.67641	1.02E-05	1.29E+07	7.78E-08	27.61971	178.21608	6.60E-05	0.00563	2.58E-05	2.35E-05
0.2972	18.30414	11.36502	17.20305	13.85144	38.97915	91.43967	5.25897	0.92533	0.5203	0.82867	0.44841	0.44312	0.06451	0.04239	0.02408	0.02444	0.13684	89.41336	3.72792	1.82178	nan	1.99872	nan	0.54297	0.70704	0.45425	0.00936	0.15216	0.00158	0.62278	0.5657	0.37593	63.78837	595.97775	618.94427	527.12917	659.65947	378.66505	612.32642	nan	511.23165	549.10056	422.49275	173.26809	400.60607	534.13714	545.7551	379.95603	502.95971	662.69642	541.47967	121.21316	73.81064	121.21316	19.54985	0.52553	57.99865	17.74207	7.72E-05	2.67599	1.02E-05	1.29E+07	7.81E-08	27.61224	177.57008	6.58E-05	0.00565	2.57E-05	2.35E-05
0.2976	17.4982	11.48436	17.60279	12.49637	40.62069	91.22498	5.4472	0.94379	0.54148	0.84222	0.42834	0.44196	0.06472	0.04276	0.02364	0.02402	0.13822	89.18107	3.88342	1.79301	nan	1.99869	nan	0.54569	0.73376	0.45793	0.00988	0.15228	0.00164	0.6281	0.57754	0.38473	63.76138	593.87781	617.5815	532.2159	660.23529	377.83826	612.07505	nan	511.06127	550.4968	420.41718	173.14459	401.35952	533.60954	545.70678	380.44928	507.62053	662.83842	541.50187	121.33276	72.94803	121.33276	19.76925	0.51496	57.94418	17.72541	7.70E-05	2.67556	1.02E-05	1.28E+07	7.84E-08	27.60478	176.92408	6.56E-05	0.00567	2.57E-05	2.34E-05
0.298	16.69226	11.60369	18.00252	11.1413	42.26223	91.01029	5.63543	0.96226	0.56266	0.85577	0.40827	0.4408	0.06493	0.04313	0.0232	0.0236	0.1396	88.94877	4.03893	1.76425	nan	1.99866	nan	0.54841	0.76048	0.46161	0.0104	0.1524	0.0017	0.63342	0.58937	0.39353	63.73439	591.77788	616.21874	537.30263	660.81112	377.01147	611.82369	nan	510.89089	551.89303	418.34161	173.0211	402.11298	533.08194	545.65846	380.94254	512.28136	662.98042	541.52407	121.45236	72.08543	121.45236	19.98865	0.50439	57.8897	17.70875	7.68E-05	2.67513	1.02E-05	1.27E+07	7.87E-08	27.59731	176.27807	6.54E-05	0.00569	2.56E-05	2.34E-05
0.2984	15.88633	11.72302	18.40226	9.78622	43.90377	90.79561	5.82366	0.98072	0.58384	0.86933	0.38821	0.43964	0.06515	0.04351	0.02276	0.02318	0.14098	88.71648	4.19444	1.73548	nan	1.99863	nan	0.55113	0.7872	0.46529	0.01092	0.15252	0.00176	0.63874	0.6012	0.40233	63.70739	589.67794	614.85597	542.38935	661.38694	376.18468	611.57233	nan	510.72051	553.28926	416.26605	172.8976	402.86643	532.55435	545.61014	381.43579	516.94218	663.12242	541.54627	121.57196	71.22283	121.57196	20.20805	0.49382	57.83523	17.69209	7.67E-05	2.67471	1.03E-05	1.27E+07	7.90E-08	27.58984	175.63207	6.52E-05	0.00571	2.56E-05	2.33E-05
0.2988	15.08039	11.84236	18.80199	8.43115	45.5453	90.58092	6.01188	0.99918	0.60502	0.88288	0.36814	0.43848	0.06536	0.04388	0.02232	0.02276	0.14236	88.48419	4.34994	1.70671	nan	1.9986	nan	0.55385	0.81392	0.46897	0.01144	0.15264	0.00182	0.64406	0.61304	0.41113	63.6804	587.57801	613.49321	547.47608	661.96276	375.35789	611.32096	nan	510.55013	554.68549	414.19048	172.77411	403.61989	532.02675	545.56182	381.92905	521.60301	663.26442	541.56847	121.69156	70.36022	121.69156	20.42746	0.48325	57.78076	17.67543	7.65E-05	2.67428	1.03E-05	1.26E+07	7.93E-08	27.58238	174.98607	6.51E-05	0.00573	2.55E-05	2.33E-05
0.2992	14.27446	11.96169	19.20173	7.07608	47.18684	90.36623	6.20011	1.01764	0.6262	0.89643	0.34807	0.43732	0.06557	0.04425	0.02188	0.02234	0.14374	88.25189	4.50545	1.67795	nan	1.99857	nan	0.55657	0.84064	0.47265	0.01196	0.15276	0.00188	0.64938	0.62487	0.41993	63.65341	585.47807	612.13044	552.56281	662.53858	374.5311	611.0696	nan	510.37975	556.08172	412.11491	172.65062	404.37335	531.49915	545.5135	382.4223	526.26383	663.40642	541.59067	121.81116	69.49762	121.81116	20.64686	0.47268	57.72628	17.65877	7.63E-05	2.67385	1.03E-05	1.26E+07	7.96E-08	27.57491	174.34007	6.49E-05	0.00575	2.54E-05	2.32E-05
0.2996	13.46852	12.08102	19.60146	5.72101	48.82838	90.15154	6.38834	1.0361	0.64738	0.90999	0.32801	0.43616	0.06579	0.04463	0.02144	0.02192	0.14512	88.0196	4.66096	1.64918	nan	1.99854	nan	0.55929	0.86736	0.47633	0.01248	0.15288	0.00194	0.6547	0.6367	0.42873	63.62641	583.37814	610.76768	557.64953	663.11441	373.70431	610.81824	nan	510.20937	557.47796	410.03934	172.52712	405.1268	530.97155	545.46518	382.91556	530.92466	663.54843	541.61287	121.93076	68.63502	121.93076	20.86626	0.46211	57.67181	17.64211	7.62E-05	2.67343	1.03E-05	1.25E+07	7.99E-08	27.56744	173.69406	6.47E-05	0.00577	2.54E-05	2.32E-05
0.3	12.665	12.20216	19.99899	4.37219	50.46165	89.93781	6.57561	1.05457	0.66846	0.92348	0.30804	0.435	0.066	0.045	0.021	0.0215	0.14651	87.78819	4.81573	1.62057	nan	1.99851	nan	0.562	0.89398	0.47998	0.01306	0.15301	0.002	0.65997	0.64847	0.43748	63.59982	581.28835	609.41154	562.72093	663.68753	372.88228	610.56687	nan	510.04335	558.84842	407.97017	172.41755	405.8732	530.44396	545.41309	383.40881	535.57177	663.69004	541.6349	122.05013	67.77576	122.05013	21.08502	0.45158	57.6174	17.62547	7.60E-05	2.673	1.03E-05	1.25E+07	8.02E-08	27.56002	173.05045	6.45E-05	0.00578	2.53E-05	2.31E-05
0.3004	12.66567	12.9229	19.66306	5.10239	49.34565	90.04264	6.44571	1.07879	0.65413	0.91677	0.32129	0.43643	0.06572	0.0455	0.02127	0.02175	0.1485	87.85101	4.72408	1.64453	nan	1.99848	nan	0.56034	0.88782	0.47346	0.03287	0.15545	0.00268	0.64849	0.63961	0.43158	63.70498	582.57145	610.25735	562.69645	663.36508	373.64244	610.31551	nan	511.32521	551.65487	408.0263	176.93267	404.27364	529.91636	544.11066	383.90207	535.66076	663.7027	541.60324	122.09467	68.0301	122.09467	21.09215	0.45566	57.58441	17.61538	7.61E-05	2.67405	1.03E-05	1.25E+07	8.01E-08	27.56508	173.19911	6.45E-05	0.00578	2.54E-05	2.31E-05
0.3008	12.66634	13.64363	19.32712	5.8326	48.22964	90.14747	6.31581	1.103	0.6398	0.91007	0.33453	0.43786	0.06544	0.046	0.02153	0.02201	0.15049	87.91383	4.63243	1.66848	nan	1.99845	nan	0.55869	0.88166	0.46694	0.05269	0.15789	0.00336	0.63702	0.63074	0.42568	63.81014	583.85456	611.10316	562.67197	663.04264	374.40259	610.06415	nan	512.60708	544.46132	408.08243	181.44779	402.67408	529.38876	542.80823	384.39532	535.74975	663.71537	541.57157	122.1392	68.28443	122.1392	21.09929	0.45974	57.55143	17.6053	7.62E-05	2.6751	1.03E-05	1.25E+07	7.99E-08	27.57015	173.34778	6.45E-05	0.00578	2.54E-05	2.32E-05
0.3012	12.667	14.36437	18.99119	6.5628	47.11364	90.2523	6.18591	1.12721	0.62548	0.90336	0.34778	0.43928	0.06516	0.0465	0.0218	0.02226	0.15249	87.97665	4.54078	1.69243	nan	1.99842	nan	0.55704	0.8755	0.46042	0.0725	0.16033	0.00404	0.62555	0.62187	0.41978	63.9153	585.13766	611.94897	562.64749	662.72019	375.16275	609.81278	nan	513.88894	537.26777	408.13856	185.96292	401.07452	528.86117	541.5058	384.88858	535.83875	663.72804	541.5399	122.18373	68.53877	122.18373	21.10642	0.46382	57.51844	17.59521	7.63E-05	2.67614	1.03E-05	1.25E+07	7.98E-08	27.57522	173.49645	6.45E-05	0.00577	2.54E-05	2.32E-05
0.3016	12.66767	15.08511	18.65525	7.293	45.99763	90.35712	6.05601	1.15143	0.61115	0.89665	0.36103	0.44071	0.06488	0.047	0.02207	0.02251	0.15448	88.03947	4.44913	1.71639	nan	1.99839	nan	0.55538	0.86934	0.4539	0.09231	0.16277	0.00472	0.61407	0.613	0.41388	64.02046	586.42077	612.79478	562.62301	662.39774	375.92291	609.56142	nan	515.17081	530.07422	408.19469	190.47804	399.47496	528.33357	540.20337	385.38183	535.92774	663.7407	541.50824	122.22827	68.7931	122.22827	21.11355	0.4679	57.48545	17.58512	7.64E-05	2.67719	1.03E-05	1.26E+07	7.97E-08	27.58028	173.64512	6.46E-05	0.00577	2.55E-05	2.32E-05
0.302	12.66834	15.80584	18.31932	8.02321	44.88163	90.46195	5.92611	1.17564	0.59682	0.88995	0.37427	0.44214	0.0646	0.0475	0.02233	0.02277	0.15647	88.10229	4.35748	1.74034	nan	1.99836	nan	0.55373	0.86318	0.44738	0.11213	0.16521	0.0054	0.6026	0.60413	0.40798	64.12562	587.70387	613.64059	562.59853	662.07529	376.68306	609.31005	nan	516.45267	522.88068	408.25082	194.99317	397.8754	527.80597	538.90093	385.87509	536.01674	663.75337	541.47657	122.2728	69.04743	122.2728	21.12069	0.47198	57.45247	17.57504	7.65E-05	2.67824	1.03E-05	1.26E+07	7.96E-08	27.58535	173.79378	6.46E-05	0.00576	2.55E-05	2.33E-05
0.3024	12.669	16.52658	17.98338	8.75341	43.76563	90.56678	5.79621	1.19985	0.5825	0.88324	0.38752	0.44356	0.06432	0.048	0.0226	0.02302	0.15847	88.16511	4.26583	1.76429	nan	1.99833	nan	0.55208	0.85702	0.44086	0.13194	0.16765	0.00608	0.59113	0.59527	0.40208	64.23078	588.98698	614.4864	562.57405	661.75284	377.44322	609.05869	nan	517.73454	515.68713	408.30695	199.50829	396.27584	527.27837	537.5985	386.36834	536.10573	663.76604	541.4449	122.31733	69.30177	122.31733	21.12782	0.47605	57.41948	17.56495	7.66E-05	2.67928	1.02E-05	1.26E+07	7.95E-08	27.59042	173.94245	6.46E-05	0.00576	2.55E-05	2.33E-05
0.3028	12.66967	17.24732	17.64745	9.48361	42.64962	90.6716	5.66631	1.22407	0.56817	0.87653	0.40077	0.44499	0.06404	0.0485	0.02287	0.02327	0.16046	88.22793	4.17419	1.78825	nan	1.9983	nan	0.55042	0.85086	0.43434	0.15175	0.17009	0.00676	0.57965	0.5864	0.39618	64.33594	590.27009	615.33221	562.54957	661.4304	378.20338	608.80733	nan	519.0164	508.49358	408.36308	204.02342	394.67628	526.75078	536.29607	386.8616	536.19472	663.77871	541.41324	122.36187	69.5561	122.36187	21.13495	0.48013	57.38649	17.55486	7.67E-05	2.68033	1.02E-05	1.26E+07	7.94E-08	27.59548	174.09112	6.46E-05	0.00575	2.56E-05	2.33E-05
0.3032	12.67034	17.96805	17.31151	10.21381	41.53362	90.77643	5.53641	1.24828	0.55384	0.86983	0.41401	0.44642	0.06376	0.049	0.02313	0.02353	0.16245	88.29075	4.08254	1.8122	nan	1.99827	nan	0.54877	0.8447	0.42782	0.17157	0.17253	0.00744	0.56818	0.57753	0.39028	64.4411	591.55319	616.17802	562.52509	661.10795	378.96353	608.55596	nan	520.29827	501.30003	408.41921	208.53854	393.07672	526.22318	534.99364	387.35486	536.28372	663.79137	541.38157	122.4064	69.81044	122.4064	21.14209	0.48421	57.35351	17.54478	7.68E-05	2.68138	1.02E-05	1.26E+07	7.93E-08	27.60055	174.23978	6.47E-05	0.00575	2.56E-05	2.33E-05
0.3036	12.671	18.68879	16.97558	10.94402	40.41761	90.88126	5.40651	1.27249	0.53952	0.86312	0.42726	0.44784	0.06348	0.0495	0.0234	0.02378	0.16445	88.35357	3.99089	1.83615	nan	1.99824	nan	0.54711	0.83854	0.4213	0.19138	0.17497	0.00812	0.55671	0.56866	0.38438	64.54626	592.8363	617.02383	562.50061	660.7855	379.72369	608.3046	nan	521.58013	494.10648	408.47534	213.05367	391.47716	525.69558	533.69121	387.84811	536.37271	663.80404	541.3499	122.45094	70.06477	122.45094	21.14922	0.48829	57.32052	17.53469	7.69E-05	2.68242	1.02E-05	1.27E+07	7.91E-08	27.60562	174.38845	6.47E-05	0.00574	2.56E-05	2.34E-05
0.304	12.67167	19.40952	16.63965	11.67422	39.30161	90.98609	5.27661	1.29671	0.52519	0.85641	0.44051	0.44927	0.0632	0.05	0.02367	0.02403	0.16644	88.41639	3.89924	1.86011	nan	1.99821	nan	0.54546	0.83238	0.41478	0.21119	0.17741	0.0088	0.54523	0.55979	0.37848	64.65142	594.1194	617.86964	562.47613	660.46305	380.48384	608.05324	nan	522.862	486.91293	408.53147	217.56879	389.8776	525.16798	532.38877	388.34137	536.4617	663.81671	541.31824	122.49547	70.31911	122.49547	21.15636	0.49237	57.28753	17.5246	7.70E-05	2.68347	1.02E-05	1.27E+07	7.90E-08	27.61068	174.53712	6.47E-05	0.00574	2.57E-05	2.34E-05
0.3044	12.67234	20.13026	16.30371	12.40442	38.1856	91.09091	5.1467	1.32092	0.51086	0.84971	0.45375	0.4507	0.06292	0.0505	0.02393	0.02429	0.16843	88.47921	3.80759	1.88406	nan	1.99818	nan	0.54381	0.82622	0.40826	0.23101	0.17985	0.00948	0.53376	0.55093	0.37258	64.75658	595.40251	618.71545	562.45165	660.14061	381.244	607.80187	nan	524.14386	479.71938	408.5876	222.08392	388.27804	524.64039	531.08634	388.83462	536.5507	663.82937	541.28657	122.54	70.57344	122.54	21.16349	0.49645	57.25455	17.51452	7.71E-05	2.68452	1.02E-05	1.27E+07	7.89E-08	27.61575	174.68579	6.47E-05	0.00573	2.57E-05	2.34E-05
0.3048	12.673	20.851	15.96778	13.13463	37.0696	91.19574	5.0168	1.34513	0.49654	0.843	0.467	0.45212	0.06264	0.051	0.0242	0.02454	0.17043	88.54203	3.71594	1.90801	nan	1.99815	nan	0.54215	0.82006	0.40174	0.25082	0.18229	0.01016	0.52229	0.54206	0.36668	64.86174	596.68561	619.56126	562.42717	659.81816	382.00416	607.55051	nan	525.42573	472.52583	408.64373	226.59904	386.67848	524.11279	529.78391	389.32788	536.63969	663.84204	541.2549	122.58454	70.82778	122.58454	21.17062	0.50053	57.22156	17.50443	7.72E-05	2.68556	1.02E-05	1.27E+07	7.88E-08	27.62082	174.83445	6.48E-05	0.00573	2.57E-05	2.35E-05
0.3052	12.67367	21.57173	15.63184	13.86483	35.95359	91.30057	4.8869	1.36935	0.48221	0.83629	0.48025	0.45355	0.06236	0.0515	0.02447	0.02479	0.17242	88.60485	3.6243	1.93197	nan	1.99812	nan	0.5405	0.8139	0.39522	0.27063	0.18473	0.01084	0.51081	0.53319	0.36078	64.9669	597.96872	620.40707	562.40269	659.49571	382.76431	607.29914	nan	526.70759	465.33229	408.69986	231.11417	385.07892	523.58519	528.48148	389.82113	536.72868	663.85471	541.22324	122.62907	71.08211	122.62907	21.17776	0.50461	57.18857	17.49434	7.73E-05	2.68661	1.02E-05	1.27E+07	7.87E-08	27.62588	174.98312	6.48E-05	0.00572	2.58E-05	2.35E-05
0.3056	12.67434	22.29247	15.29591	14.59503	34.83759	91.40539	4.757	1.39356	0.46788	0.82959	0.49349	0.45498	0.06208	0.052	0.02473	0.02505	0.17441	88.66767	3.53265	1.95592	nan	1.99809	nan	0.53885	0.80774	0.3887	0.29045	0.18717	0.01152	0.49934	0.52432	0.35488	65.07206	599.25182	621.25288	562.37821	659.17326	383.52447	607.04778	nan	527.98946	458.13874	408.75599	235.62929	383.47937	523.05759	527.17905	390.31439	536.81768	663.86737	541.19157	122.6736	71.33644	122.6736	21.18489	0.50868	57.15559	17.48426	7.73E-05	2.68766	1.02E-05	1.28E+07	7.86E-08	27.63095	175.13179	6.48E-05	0.00572	2.58E-05	2.35E-05
0.306	12.675	23.01321	14.95997	15.32523	33.72159	91.51022	4.6271	1.41777	0.45356	0.82288	0.50674	0.4564	0.0618	0.0525	0.025	0.0253	0.17641	88.73049	3.441	1.97987	nan	1.99806	nan	0.53719	0.80158	0.38218	0.31026	0.18961	0.0122	0.48786	0.51545	0.34898	65.17722	600.53493	622.09869	562.35373	658.85081	384.28463	606.79642	nan	529.27132	450.94519	408.81212	240.14442	381.87981	522.53	525.87661	390.80764	536.90667	663.88004	541.1599	122.71814	71.59078	122.71814	21.19202	0.51276	57.1226	17.47417	7.74E-05	2.6887	1.02E-05	1.28E+07	7.85E-08	27.63602	175.28045	6.48E-05	0.00571	2.58E-05	2.36E-05
0.3064	12.67567	23.73394	14.62404	16.05544	32.60558	91.61505	4.4972	1.44199	0.43923	0.81617	0.51999	0.45783	0.06152	0.053	0.02527	0.02555	0.1784	88.79331	3.34935	2.00383	nan	1.99803	nan	0.53554	0.79542	0.37566	0.33007	0.19205	0.01288	0.47639	0.50658	0.34308	65.28238	601.81803	622.9445	562.32924	658.52837	385.04478	606.54505	nan	530.55319	443.75164	408.86825	244.65954	380.28025	522.0024	524.57418	391.3009	536.99567	663.89271	541.12824	122.76267	71.84511	122.76267	21.19916	0.51684	57.08961	17.46408	7.75E-05	2.68975	1.02E-05	1.28E+07	7.83E-08	27.64108	175.42912	6.49E-05	0.00571	2.58E-05	2.36E-05
0.3068	12.67634	24.45468	14.2881	16.78564	31.48958	91.71987	4.3673	1.4662	0.4249	0.80947	0.53323	0.45926	0.06124	0.0535	0.02553	0.02581	0.18039	88.85613	3.2577	2.02778	nan	1.998	nan	0.53389	0.78926	0.36914	0.34989	0.19449	0.01356	0.46492	0.49772	0.33718	65.38754	603.10114	623.79031	562.30476	658.20592	385.80494	606.29369	nan	531.83505	436.55809	408.92438	249.17467	378.68069	521.4748	523.27175	391.79415	537.08466	663.90537	541.09657	122.8072	72.09945	122.8072	21.20629	0.52092	57.05663	17.454	7.76E-05	2.6908	1.02E-05	1.28E+07	7.82E-08	27.64615	175.57779	6.49E-05	0.00571	2.59E-05	2.36E-05
0.3072	12.677	25.17541	13.95217	17.51584	30.37357	91.8247	4.2374	1.49041	0.41058	0.80276	0.54648	0.46068	0.06096	0.054	0.0258	0.02606	0.18239	88.91895	3.16605	2.05173	nan	1.99797	nan	0.53223	0.7831	0.36262	0.3697	0.19693	0.01424	0.45344	0.48885	0.33128	65.4927	604.38424	624.63612	562.28028	657.88347	386.5651	606.04233	nan	533.11692	429.36454	408.98051	253.68979	377.08113	520.9472	521.96932	392.28741	537.17365	663.91804	541.0649	122.85174	72.35378	122.85174	21.21342	0.525	57.02364	17.44391	7.77E-05	2.69184	1.02E-05	1.28E+07	7.81E-08	27.65122	175.72646	6.49E-05	0.0057	2.59E-05	2.36E-05
0.3076	12.67767	25.89615	13.61623	18.24605	29.25757	91.92953	4.1075	1.51463	0.39625	0.79605	0.55973	0.46211	0.06068	0.0545	0.02607	0.02631	0.18438	88.98177	3.07441	2.07569	nan	1.99794	nan	0.53058	0.77694	0.3561	0.38951	0.19937	0.01492	0.44197	0.47998	0.32538	65.59786	605.66735	625.48193	562.2558	657.56102	387.32525	605.79096	nan	534.39878	422.17099	409.03664	258.20492	375.48157	520.41961	520.66689	392.78066	537.26265	663.93071	541.03324	122.89627	72.60812	122.89627	21.22056	0.52908	56.99065	17.43382	7.78E-05	2.69289	1.02E-05	1.28E+07	7.80E-08	27.65628	175.87512	6.49E-05	0.0057	2.59E-05	2.37E-05
0.308	12.67834	26.61689	13.2803	18.97625	28.14156	92.03436	3.9776	1.53884	0.38192	0.78935	0.57297	0.46354	0.0604	0.055	0.02633	0.02657	0.18637	89.04459	2.98276	2.09964	nan	1.99791	nan	0.52893	0.77078	0.34958	0.40933	0.20181	0.0156	0.4305	0.47111	0.31948	65.70302	606.95045	626.32774	562.23132	657.23857	388.08541	605.5396	nan	535.68065	414.97744	409.09277	262.72004	373.88201	519.89201	519.36446	393.27392	537.35164	663.94337	541.00157	122.9408	72.86245	122.9408	21.22769	0.53316	56.95767	17.42374	7.79E-05	2.69394	1.02E-05	1.29E+07	7.79E-08	27.66135	176.02379	6.50E-05	0.00569	2.60E-05	2.37E-05
0.3084	12.679	27.33762	12.94436	19.70645	27.02556	92.13918	3.8477	1.56305	0.3676	0.78264	0.58622	0.46496	0.06012	0.0555	0.0266	0.02682	0.18837	89.10741	2.89111	2.12359	nan	1.99788	nan	0.52727	0.76462	0.34306	0.42914	0.20425	0.01628	0.41902	0.46224	0.31358	65.80818	608.23356	627.17355	562.20684	656.91613	388.84556	605.28823	nan	536.96251	407.7839	409.1489	267.23516	372.28245	519.36441	518.06202	393.76717	537.44063	663.95604	540.9699	122.98534	73.11678	122.98534	21.23482	0.53724	56.92468	17.41365	7.80E-05	2.69498	1.02E-05	1.29E+07	7.78E-08	27.66642	176.17246	6.50E-05	0.00569	2.60E-05	2.37E-05
0.3088	12.67967	28.05836	12.60843	20.43665	25.90955	92.24401	3.7178	1.58727	0.35327	0.77593	0.59947	0.46639	0.05984	0.056	0.02687	0.02707	0.19036	89.17023	2.79946	2.14755	nan	1.99785	nan	0.52562	0.75846	0.33654	0.44895	0.20669	0.01696	0.40755	0.45338	0.30768	65.91334	609.51666	628.01936	562.18236	656.59368	389.60572	605.03687	nan	538.24438	400.59035	409.20503	271.75029	370.68289	518.83681	516.75959	394.26043	537.52963	663.96871	540.93824	123.02987	73.37112	123.02987	21.24196	0.54131	56.89169	17.40356	7.81E-05	2.69603	1.02E-05	1.29E+07	7.77E-08	27.67148	176.32113	6.50E-05	0.00568	2.60E-05	2.38E-05
0.3092	12.68034	28.7791	12.27249	21.16686	24.79355	92.34884	3.5879	1.61148	0.33894	0.76923	0.61271	0.46782	0.05956	0.0565	0.02713	0.02733	0.19235	89.23305	2.70781	2.1715	nan	1.99782	nan	0.52397	0.7523	0.33002	0.46877	0.20913	0.01764	0.39608	0.44451	0.30178	66.01851	610.79977	628.86517	562.15788	656.27123	390.36588	604.78551	nan	539.52624	393.3968	409.26116	276.26541	369.08333	518.30922	515.45716	394.75369	537.61862	663.98137	540.90657	123.0744	73.62545	123.0744	21.24909	0.54539	56.8587	17.39348	7.82E-05	2.69708	1.02E-05	1.29E+07	7.75E-08	27.67655	176.46979	6.50E-05	0.00568	2.61E-05	2.38E-05
0.3096	12.681	29.49983	11.93656	21.89706	23.67754	92.45366	3.458	1.63569	0.32462	0.76252	0.62596	0.46924	0.05928	0.057	0.0274	0.02758	0.19435	89.29587	2.61616	2.19545	nan	1.99779	nan	0.52231	0.74614	0.3235	0.48858	0.21157	0.01832	0.3846	0.43564	0.29588	66.12367	612.08287	629.71098	562.1334	655.94878	391.12603	604.53414	nan	540.80811	386.20325	409.31729	280.78054	367.48377	517.78162	514.15473	395.24694	537.70762	663.99404	540.8749	123.11894	73.87979	123.11894	21.25622	0.54947	56.82572	17.38339	7.83E-05	2.69812	1.02E-05	1.29E+07	7.74E-08	27.68162	176.61846	6.51E-05	0.00567	2.61E-05	2.38E-05
0.31	12.68122	30.21749	11.60455	22.6228	22.5656	92.55816	3.32857	1.6598	0.31034	0.75585	0.63914	0.47066	0.059	0.0575	0.02767	0.02783	0.19633	89.35856	2.52481	2.21925	nan	1.99776	nan	0.52064	0.74016	0.31706	0.50827	0.21403	0.019	0.37317	0.42681	0.28999	66.22861	613.36212	630.55371	562.09284	655.6271	391.87738	604.28278	nan	542.08585	379.02704	409.38893	285.28505	365.89739	517.25402	512.85847	395.74351	537.78667	664.00605	540.84242	123.16363	74.13463	123.16363	21.26219	0.55353	56.79305	17.3734	7.84E-05	2.69916	1.02E-05	1.30E+07	7.73E-08	27.68666	176.76715	6.51E-05	0.00567	2.61E-05	2.39E-05
0.3104	12.53775	29.94546	12.53419	21.9141	22.7596	92.5545	3.35089	1.64844	0.31277	0.7606	0.63005	0.46713	0.05943	0.05759	0.02727	0.02743	0.19548	89.37678	2.52739	2.19223	nan	1.99773	nan	0.51123	0.79144	0.33792	0.48834	0.22441	0.01838	0.37543	0.43118	0.28693	66.26371	613.40088	630.40761	556.8804	655.55226	389.79496	604.03142	nan	542.03665	377.4279	414.44812	286.37762	368.55094	516.72643	513.54635	397.30463	534.67023	663.80819	540.54789	123.2603	74.55397	123.2603	20.89486	0.55181	56.86274	17.39471	7.84E-05	2.69856	1.02E-05	1.30E+07	7.73E-08	27.6857	176.92248	6.52E-05	0.00566	2.61E-05	2.39E-05
0.3108	12.39429	29.67342	13.46382	21.2054	22.9536	92.55084	3.37321	1.63709	0.31519	0.76536	0.62097	0.4636	0.05986	0.05768	0.02687	0.02703	0.19462	89.395	2.52996	2.1652	nan	1.9977	nan	0.50182	0.84272	0.35877	0.4684	0.23478	0.01777	0.37768	0.43555	0.28387	66.29881	613.43964	630.2615	551.66796	655.47741	387.71253	603.78005	nan	541.98745	375.82875	419.50731	287.47018	371.20448	516.19883	514.23422	398.86575	531.55379	663.61032	540.25335	123.35697	74.9733	123.35697	20.52752	0.5501	56.93242	17.41601	7.84E-05	2.69795	1.02E-05	1.30E+07	7.72E-08	27.68473	177.07782	6.52E-05	0.00566	2.61E-05	2.39E-05
0.3112	12.25082	29.40139	14.39346	20.49669	23.1476	92.54719	3.39553	1.62574	0.31762	0.77012	0.61188	0.46008	0.06029	0.05777	0.02648	0.02662	0.19377	89.41322	2.53254	2.13818	nan	1.99767	nan	0.49242	0.894	0.37962	0.44847	0.24515	0.01716	0.37993	0.43992	0.28081	66.33391	613.4784	630.11539	546.45552	655.40257	385.63011	603.52869	nan	541.93825	374.2296	424.5665	288.56275	373.85802	515.67123	514.9221	400.42686	528.43735	663.41245	539.95882	123.45363	75.39264	123.45363	20.16019	0.54838	57.00211	17.43732	7.84E-05	2.69734	1.02E-05	1.30E+07	7.72E-08	27.68376	177.23315	6.53E-05	0.00566	2.61E-05	2.39E-05
0.3116	12.10735	29.12935	15.3231	19.78799	23.3416	92.54353	3.41785	1.61438	0.32005	0.77487	0.60279	0.45655	0.06072	0.05786	0.02608	0.02622	0.19292	89.43144	2.53512	2.11116	nan	1.99764	nan	0.48301	0.94528	0.40048	0.42854	0.25553	0.01654	0.38219	0.44429	0.27775	66.36901	613.51716	629.96928	541.24308	655.32773	383.54769	603.27732	nan	541.88905	372.63046	429.62569	289.65531	376.51157	515.14363	515.60998	401.98798	525.32092	663.21458	539.66428	123.5503	75.81197	123.5503	19.79286	0.54666	57.0718	17.45863	7.84E-05	2.69674	1.02E-05	1.30E+07	7.71E-08	27.6828	177.38848	6.54E-05	0.00565	2.61E-05	2.39E-05
0.312	11.96389	28.85732	16.25273	19.07929	23.53561	92.53987	3.44017	1.60303	0.32247	0.77963	0.5937	0.45302	0.06115	0.05795	0.02568	0.02582	0.19206	89.44966	2.5377	2.08413	nan	1.99761	nan	0.4736	0.99656	0.42133	0.4086	0.2659	0.01593	0.38444	0.44865	0.27469	66.40411	613.55592	629.82318	536.03064	655.25288	381.46527	603.02596	nan	541.83985	371.03131	434.68488	290.74788	379.16511	514.61604	516.29786	403.5491	522.20448	663.01672	539.36975	123.64697	76.23131	123.64697	19.42552	0.54494	57.14148	17.47993	7.84E-05	2.69613	1.02E-05	1.30E+07	7.71E-08	27.68183	177.54382	6.54E-05	0.00565	2.61E-05	2.39E-05
0.3124	11.82042	28.58528	17.18237	18.37059	23.72961	92.53622	3.46249	1.59168	0.3249	0.78439	0.58462	0.4495	0.06158	0.05804	0.02529	0.02541	0.19121	89.46788	2.54028	2.05711	nan	1.99758	nan	0.4642	1.04784	0.44219	0.38867	0.27627	0.01532	0.38669	0.45302	0.27163	66.43921	613.59468	629.67707	530.8182	655.17804	379.38285	602.7746	nan	541.79065	369.43216	439.74407	291.84044	381.81866	514.08844	516.98574	405.11022	519.08804	662.81885	539.07521	123.74364	76.65064	123.74364	19.05819	0.54322	57.21117	17.50124	7.84E-05	2.69552	1.02E-05	1.30E+07	7.71E-08	27.68086	177.69915	6.55E-05	0.00564	2.61E-05	2.39E-05
0.3128	11.67695	28.31325	18.11201	17.66188	23.92361	92.53256	3.48481	1.58032	0.32733	0.78914	0.57553	0.44597	0.06201	0.05813	0.02489	0.02501	0.19036	89.4861	2.54285	2.03009	nan	1.99755	nan	0.45479	1.09912	0.46304	0.36874	0.28665	0.0147	0.38895	0.45739	0.26857	66.47431	613.63344	629.53096	525.60576	655.1032	377.30043	602.52323	nan	541.74145	367.83302	444.80327	292.933	384.4722	513.56084	517.67362	406.67134	515.9716	662.62098	538.78068	123.8403	77.06998	123.8403	18.69085	0.54151	57.28086	17.52255	7.84E-05	2.69492	1.02E-05	1.30E+07	7.70E-08	27.6799	177.85449	6.56E-05	0.00564	2.61E-05	2.39E-05
0.3132	11.53348	28.04121	19.04164	16.95318	24.11761	92.5289	3.50713	1.56897	0.32975	0.7939	0.56644	0.44244	0.06244	0.05822	0.02449	0.02461	0.1895	89.50432	2.54543	2.00306	nan	1.99752	nan	0.44538	1.1504	0.48389	0.3488	0.29702	0.01409	0.3912	0.46176	0.26551	66.50941	613.6722	629.38486	520.39331	655.02835	375.218	602.27187	nan	541.69225	366.23387	449.86246	294.02557	387.12574	513.03324	518.3615	408.23246	512.85516	662.42311	538.48614	123.93697	77.48931	123.93697	18.32352	0.53979	57.35054	17.54385	7.84E-05	2.69431	1.02E-05	1.30E+07	7.70E-08	27.67893	178.00982	6.56E-05	0.00564	2.61E-05	2.39E-05
0.3136	11.39002	27.76918	19.97128	16.24448	24.31161	92.52525	3.52945	1.55762	0.33218	0.79866	0.55736	0.43892	0.06287	0.05831	0.0241	0.0242	0.18865	89.52254	2.54801	1.97604	nan	1.99749	nan	0.43598	1.20168	0.50475	0.32887	0.30739	0.01348	0.39345	0.46613	0.26245	66.54451	613.71096	629.23875	515.18087	654.95351	373.13558	602.02051	nan	541.64305	364.63473	454.92165	295.11813	389.77929	512.50565	519.04938	409.79358	509.73872	662.22525	538.19161	124.03364	77.90865	124.03364	17.95618	0.53807	57.42023	17.56516	7.84E-05	2.6937	1.02E-05	1.31E+07	7.69E-08	27.67796	178.16515	6.57E-05	0.00563	2.61E-05	2.39E-05
0.314	11.24655	27.49715	20.90092	15.53577	24.50561	92.52159	3.55177	1.54626	0.33461	0.80341	0.54827	0.43539	0.0633	0.0584	0.0237	0.0238	0.1878	89.54076	2.55059	1.94902	nan	1.99746	nan	0.42657	1.25296	0.5256	0.30894	0.31777	0.01286	0.39571	0.47049	0.25939	66.57961	613.74972	629.09264	509.96843	654.87866	371.05316	601.76914	nan	541.59385	363.03558	459.98084	296.2107	392.43283	511.97805	519.73726	411.3547	506.62228	662.02738	537.89708	124.1303	78.32798	124.1303	17.58885	0.53635	57.48992	17.58647	7.84E-05	2.6931	1.02E-05	1.31E+07	7.69E-08	27.677	178.32049	6.57E-05	0.00563	2.61E-05	2.39E-05
0.3144	11.10308	27.22511	21.83056	14.82707	24.69961	92.51793	3.57409	1.53491	0.33703	0.80817	0.53918	0.43186	0.06373	0.05849	0.0233	0.0234	0.18694	89.55898	2.55317	1.92199	nan	1.99743	nan	0.41716	1.30424	0.54645	0.289	0.32814	0.01225	0.39796	0.47486	0.25633	66.61471	613.78848	628.94653	504.75599	654.80382	368.97074	601.51778	nan	541.54465	361.43643	465.04003	297.30326	395.08638	511.45045	520.42514	412.91582	503.50584	661.82951	537.60254	124.22697	78.74732	124.22697	17.22151	0.53463	57.55961	17.60777	7.84E-05	2.69249	1.02E-05	1.31E+07	7.68E-08	27.67603	178.47582	6.58E-05	0.00563	2.61E-05	2.38E-05
0.3148	10.95962	26.95308	22.76019	14.11837	24.89361	92.51428	3.59641	1.52356	0.33946	0.81293	0.5301	0.42834	0.06416	0.05858	0.02291	0.02299	0.18609	89.5772	2.55574	1.89497	nan	1.9974	nan	0.40776	1.35552	0.56731	0.26907	0.33851	0.01164	0.40021	0.47923	0.25327	66.64981	613.82724	628.80043	499.54355	654.72898	366.88832	601.26641	nan	541.49545	359.83729	470.09922	298.39583	397.73992	510.92285	521.11302	414.47694	500.3894	661.63164	537.30801	124.32364	79.16665	124.32364	16.85418	0.53292	57.62929	17.62908	7.84E-05	2.69188	1.02E-05	1.31E+07	7.68E-08	27.67506	178.63116	6.59E-05	0.00562	2.61E-05	2.38E-05
0.3152	10.81615	26.68104	23.68983	13.40967	25.08761	92.51062	3.61873	1.5122	0.34189	0.81768	0.52101	0.42481	0.06459	0.05867	0.02251	0.02259	0.18524	89.59542	2.55832	1.86794	nan	1.99737	nan	0.39835	1.4068	0.58816	0.24914	0.34889	0.01102	0.40247	0.4836	0.25021	66.68491	613.866	628.65432	494.33111	654.65413	364.8059	601.01505	nan	541.44624	358.23814	475.15841	299.48839	400.39346	510.39526	521.8009	416.03806	497.27296	661.43378	537.01347	124.4203	79.58599	124.4203	16.48684	0.5312	57.69898	17.65039	7.84E-05	2.69128	1.02E-05	1.31E+07	7.67E-08	27.6741	178.78649	6.59E-05	0.00562	2.61E-05	2.38E-05
0.3156	10.67268	26.40901	24.61947	12.70096	25.28161	92.50696	3.64105	1.50085	0.34431	0.82244	0.51192	0.42128	0.06502	0.05876	0.02211	0.02219	0.18438	89.61364	2.5609	1.84092	nan	1.99734	nan	0.38894	1.45808	0.60901	0.2292	0.35926	0.01041	0.40472	0.48797	0.24715	66.72001	613.90476	628.50821	489.11867	654.57929	362.72347	600.76369	nan	541.39704	356.63899	480.2176	300.58095	403.04701	509.86766	522.48878	417.59918	494.15652	661.23591	536.71894	124.51697	80.00532	124.51697	16.11951	0.52948	57.76867	17.67169	7.84E-05	2.69067	1.02E-05	1.31E+07	7.67E-08	27.67313	178.94182	6.60E-05	0.00561	2.61E-05	2.38E-05
0.316	10.52921	26.13697	25.5491	11.99226	25.47561	92.50331	3.66337	1.4895	0.34674	0.8272	0.50284	0.41776	0.06545	0.05885	0.02172	0.02178	0.18353	89.63186	2.56348	1.8139	nan	1.99731	nan	0.37954	1.50936	0.62987	0.20927	0.36963	0.0098	0.40697	0.49233	0.24409	66.75511	613.94352	628.3621	483.90623	654.50445	360.64105	600.51232	nan	541.34784	355.03985	485.27679	301.67352	405.70055	509.34006	523.17666	419.1603	491.04009	661.03804	536.4244	124.61364	80.42466	124.61364	15.75217	0.52776	57.83835	17.693	7.84E-05	2.69006	1.02E-05	1.31E+07	7.66E-08	27.67216	179.09716	6.61E-05	0.00561	2.61E-05	2.38E-05
0.3164	10.38575	25.86494	26.47874	11.28356	25.66961	92.49965	3.68569	1.47814	0.34917	0.83196	0.49375	0.41423	0.06588	0.05894	0.02132	0.02138	0.18268	89.65008	2.56606	1.78687	nan	1.99728	nan	0.37013	1.56064	0.65072	0.18934	0.38001	0.00918	0.40923	0.4967	0.24103	66.79021	613.98228	628.216	478.69379	654.4296	358.55863	600.26096	nan	541.29864	353.4407	490.33598	302.76608	408.3541	508.81246	523.86454	420.72142	487.92365	660.84017	536.12987	124.71031	80.84399	124.71031	15.38484	0.52604	57.90804	17.71431	7.84E-05	2.68946	1.02E-05	1.31E+07	7.66E-08	27.6712	179.25249	6.61E-05	0.00561	2.61E-05	2.38E-05
0.3168	10.24228	25.5929	27.40838	10.57485	25.86361	92.49599	3.70801	1.46679	0.35159	0.83671	0.48466	0.4107	0.06631	0.05903	0.02092	0.02098	0.18182	89.6683	2.56863	1.75985	nan	1.99725	nan	0.36072	1.61192	0.67157	0.1694	0.39038	0.00857	0.41148	0.50107	0.23797	66.82531	614.02104	628.06989	473.48135	654.35476	356.47621	600.0096	nan	541.24944	351.84155	495.39517	303.85865	411.00764	508.28487	524.55242	422.28254	484.80721	660.64231	535.83533	124.80697	81.26333	124.80697	15.0175	0.52432	57.97773	17.73561	7.84E-05	2.68885	1.02E-05	1.31E+07	7.66E-08	27.67023	179.40783	6.62E-05	0.0056	2.61E-05	2.38E-05
0.3172	10.09881	25.32087	28.33802	9.86615	26.05762	92.49234	3.73033	1.45544	0.35402	0.84147	0.47558	0.40718	0.06674	0.05912	0.02053	0.02057	0.18097	89.68652	2.57121	1.73283	nan	1.99722	nan	0.35132	1.6632	0.69243	0.14947	0.40075	0.00796	0.41373	0.50544	0.23491	66.86041	614.0598	627.92378	468.26891	654.27992	354.39379	599.75823	nan	541.20024	350.24241	500.45436	304.95121	413.66118	507.75727	525.2403	423.84366	481.69077	660.44444	535.5408	124.90364	81.68266	124.90364	14.65017	0.52261	58.04741	17.75692	7.84E-05	2.68824	1.02E-05	1.31E+07	7.65E-08	27.66926	179.56316	6.63E-05	0.0056	2.61E-05	2.38E-05
0.3176	9.95534	25.04884	29.26765	9.15745	26.25162	92.48868	3.75265	1.44408	0.35645	0.84623	0.46649	0.40365	0.06717	0.05921	0.02013	0.02017	0.18012	89.70474	2.57379	1.7058	nan	1.99719	nan	0.34191	1.71448	0.71328	0.12954	0.41113	0.00734	0.41599	0.50981	0.23185	66.89551	614.09856	627.77768	463.05647	654.20507	352.31137	599.50687	nan	541.15104	348.64326	505.51355	306.04378	416.31473	507.22967	525.92817	425.40478	478.57433	660.24657	535.24626	125.00031	82.102	125.00031	14.28283	0.52089	58.1171	17.77823	7.84E-05	2.68764	1.02E-05	1.32E+07	7.65E-08	27.6683	179.71849	6.63E-05	0.00559	2.61E-05	2.38E-05
0.318	9.81188	24.7768	30.19729	8.44875	26.44562	92.48502	3.77497	1.43273	0.35887	0.85098	0.4574	0.40012	0.0676	0.0593	0.01973	0.01977	0.17926	89.72296	2.57637	1.67878	nan	1.99716	nan	0.3325	1.76576	0.73413	0.1096	0.4215	0.00673	0.41824	0.51417	0.22879	66.93061	614.13732	627.63157	457.84402	654.13023	350.22894	599.2555	nan	541.10184	347.04411	510.57274	307.13634	418.96827	506.70207	526.61605	426.9659	475.45789	660.0487	534.95173	125.09697	82.52133	125.09697	13.9155	0.51917	58.18679	17.79953	7.84E-05	2.68703	1.02E-05	1.32E+07	7.64E-08	27.66733	179.87383	6.64E-05	0.00559	2.61E-05	2.38E-05
0.3184	9.66841	24.50477	31.12693	7.74004	26.63962	92.48137	3.79729	1.42138	0.3613	0.85574	0.44832	0.3966	0.06803	0.05939	0.01934	0.01936	0.17841	89.74118	2.57895	1.65176	nan	1.99713	nan	0.3231	1.81704	0.75499	0.08967	0.43187	0.00612	0.42049	0.51854	0.22573	66.96571	614.17608	627.48546	452.63158	654.05539	348.14652	599.00414	nan	541.05264	345.44497	515.63193	308.22891	421.62182	506.17448	527.30393	428.52702	472.34145	659.85084	534.6572	125.19364	82.94067	125.19364	13.54816	0.51745	58.25648	17.82084	7.84E-05	2.68642	1.02E-05	1.32E+07	7.64E-08	27.66636	180.02916	6.65E-05	0.00559	2.61E-05	2.38E-05
0.3188	9.52494	24.23273	32.05656	7.03134	26.83362	92.47771	3.81961	1.41002	0.36373	0.8605	0.43923	0.39307	0.06846	0.05948	0.01894	0.01896	0.17756	89.7594	2.58152	1.62473	nan	1.9971	nan	0.31369	1.86832	0.77584	0.06974	0.44225	0.0055	0.42275	0.52291	0.22267	67.00081	614.21484	627.33935	447.41914	653.98054	346.0641	598.75278	nan	541.00344	343.84582	520.69112	309.32147	424.27536	505.64688	527.99181	430.08814	469.22501	659.65297	534.36266	125.29031	83.36	125.29031	13.18083	0.51573	58.32616	17.84215	7.84E-05	2.68582	1.02E-05	1.32E+07	7.63E-08	27.6654	180.1845	6.65E-05	0.00558	2.61E-05	2.38E-05
0.3192	9.38148	23.9607	32.9862	6.32264	27.02762	92.47405	3.84193	1.39867	0.36615	0.86525	0.43014	0.38954	0.06889	0.05957	0.01854	0.01856	0.1767	89.77762	2.5841	1.59771	nan	1.99707	nan	0.30428	1.9196	0.79669	0.0498	0.45262	0.00489	0.425	0.52728	0.21961	67.03591	614.2536	627.19325	442.2067	653.9057	343.98168	598.50141	nan	540.95424	342.24668	525.75031	310.41403	426.9289	505.11928	528.67969	431.64926	466.10857	659.4551	534.06813	125.38698	83.77934	125.38698	12.81349	0.51402	58.39585	17.86345	7.84E-05	2.68521	1.02E-05	1.32E+07	7.63E-08	27.66443	180.33983	6.66E-05	0.00558	2.61E-05	2.38E-05
0.3196	9.23801	23.68866	33.91584	5.61393	27.22162	92.47039	3.86425	1.38732	0.36858	0.87001	0.42106	0.38602	0.06932	0.05966	0.01815	0.01815	0.17585	89.79584	2.58668	1.57069	nan	1.99704	nan	0.29488	1.97088	0.81755	0.02987	0.46299	0.00428	0.42725	0.53165	0.21655	67.07101	614.29236	627.04714	436.99426	653.83085	341.89926	598.25005	nan	540.90504	340.64753	530.8095	311.5066	429.58245	504.59169	529.36757	433.21038	462.99213	659.25723	533.77359	125.48364	84.19867	125.48364	12.44616	0.5123	58.46554	17.88476	7.84E-05	2.6846	1.02E-05	1.32E+07	7.62E-08	27.66346	180.49516	6.67E-05	0.00557	2.61E-05	2.38E-05
0.32	9.10201	23.41474	34.84032	4.90782	27.41261	92.46717	3.88625	1.37585	0.37097	0.87474	0.41203	0.38249	0.06975	0.05975	0.01775	0.01775	0.17499	89.81448	2.58901	1.54376	nan	1.99701	nan	0.28548	2.02176	0.83823	0.01005	0.47335	0.00367	0.4295	0.53598	0.21351	67.10399	614.33288	626.90374	431.80604	653.75542	339.8274	597.99869	nan	540.85585	339.07891	535.85263	312.59732	432.22169	504.06409	530.05568	434.74519	459.88172	659.05908	533.48185	125.57723	84.61746	125.57723	12.07967	0.51058	58.53527	17.90608	7.84E-05	2.684	1.02E-05	1.32E+07	7.62E-08	27.66251	180.65117	6.67E-05	0.00557	2.61E-05	2.38E-05
0.3204	11.29322	22.55244	34.15982	5.00692	26.6648	92.59738	3.80751	1.32989	0.36159	0.87285	0.41993	0.37941	0.07094	0.0592	0.01792	0.01794	0.17195	89.965	2.51506	1.54605	nan	1.99698	nan	0.28058	1.94684	0.80469	0.02578	0.47885	0.00483	0.42992	0.52838	0.21617	66.47599	614.92155	627.60388	434.16215	653.49515	341.0457	597.74732	nan	540.81017	347.01858	535.8921	313.11375	430.40454	503.53649	530.81367	428.0857	458.6471	658.77188	534.05985	124.71203	84.8656	124.71203	11.97607	0.50948	58.62077	17.93222	7.85E-05	2.68322	1.02E-05	1.32E+07	7.61E-08	27.66581	181.01717	6.69E-05	0.00556	2.62E-05	2.39E-05
0.3208	13.48443	21.69013	33.47932	5.10602	25.917	92.72759	3.72877	1.28393	0.35221	0.87096	0.42783	0.37633	0.07213	0.05865	0.01809	0.01813	0.16891	90.11552	2.44111	1.54834	nan	1.99695	nan	0.27568	1.87192	0.77116	0.04151	0.48436	0.00598	0.43034	0.52078	0.21883	65.84799	615.51021	628.30403	436.51826	653.23488	342.26401	597.49596	nan	540.76449	354.95825	535.93157	313.63019	428.58739	503.00889	531.57166	421.42622	457.41249	658.48468	534.63785	123.84682	85.11373	123.84682	11.87247	0.50837	58.70627	17.95836	7.86E-05	2.68244	1.02E-05	1.33E+07	7.59E-08	27.66911	181.38317	6.70E-05	0.00555	2.62E-05	2.39E-05
0.3212	15.67564	20.82783	32.79881	5.20512	25.1692	92.8578	3.65003	1.23797	0.34283	0.86907	0.43573	0.37325	0.07332	0.0581	0.01826	0.01832	0.16587	90.26604	2.36716	1.55063	nan	1.99692	nan	0.27078	1.797	0.73763	0.05724	0.48986	0.00714	0.43076	0.51318	0.22149	65.21998	616.09887	629.00417	438.87437	652.9746	343.48231	597.2446	nan	540.71881	362.89792	535.97104	314.14663	426.77024	502.4813	532.32965	414.76673	456.17788	658.19748	535.21586	122.98162	85.36186	122.98162	11.76887	0.50726	58.79177	17.9845	7.87E-05	2.68166	1.02E-05	1.33E+07	7.58E-08	27.67241	181.74918	6.71E-05	0.00553	2.62E-05	2.39E-05
0.3216	17.86685	19.96553	32.11831	5.30422	24.4214	92.98801	3.57129	1.19201	0.33345	0.86718	0.44363	0.37017	0.07451	0.05755	0.01843	0.01851	0.16283	90.41656	2.29321	1.55292	nan	1.99689	nan	0.26588	1.72208	0.70409	0.07297	0.49536	0.0083	0.43118	0.50558	0.22415	64.59198	616.68753	629.70431	441.23048	652.71433	344.70062	596.99323	nan	540.67313	370.83759	536.01051	314.66306	424.9531	501.9537	533.08765	408.10724	454.94327	657.91028	535.79386	122.11642	85.61	122.11642	11.66527	0.50616	58.87727	18.01064	7.87E-05	2.68088	1.02E-05	1.33E+07	7.56E-08	27.67571	182.11518	6.72E-05	0.00552	2.62E-05	2.39E-05
0.322	20.05806	19.10322	31.43781	5.40332	23.67359	93.11822	3.49255	1.14605	0.32407	0.86529	0.45153	0.36709	0.0757	0.057	0.0186	0.0187	0.15979	90.56708	2.21926	1.55521	nan	1.99686	nan	0.26098	1.64716	0.67056	0.0887	0.50087	0.00945	0.4316	0.49798	0.22681	63.96398	617.2762	630.40445	443.58659	652.45406	345.91892	596.74187	nan	540.62745	378.77727	536.04998	315.1795	423.13595	501.4261	533.84564	401.44776	453.70866	657.62308	536.37186	121.25121	85.85813	121.25121	11.56167	0.50505	58.96278	18.03678	7.88E-05	2.6801	1.02E-05	1.33E+07	7.55E-08	27.67901	182.48118	6.74E-05	0.00551	2.63E-05	2.40E-05
0.3224	22.24926	18.24092	30.75731	5.50242	22.92579	93.24843	3.41381	1.10009	0.31469	0.8634	0.45943	0.36401	0.07689	0.05645	0.01877	0.01889	0.15675	90.71761	2.14531	1.5575	nan	1.99683	nan	0.25608	1.57224	0.63703	0.10443	0.50637	0.01061	0.43202	0.49038	0.22947	63.33598	617.86486	631.1046	445.9427	652.19379	347.13723	596.4905	nan	540.58177	386.71694	536.08945	315.69593	421.3188	500.8985	534.60363	394.78827	452.47405	657.33587	536.94986	120.38601	86.10627	120.38601	11.45807	0.50394	59.04828	18.06292	7.89E-05	2.67932	1.02E-05	1.34E+07	7.53E-08	27.68231	182.84718	6.75E-05	0.0055	2.63E-05	2.40E-05
0.3228	24.44047	17.37862	30.0768	5.60152	22.17799	93.37864	3.33507	1.05413	0.30531	0.86151	0.46733	0.36093	0.07808	0.0559	0.01894	0.01908	0.15371	90.86813	2.07136	1.55979	nan	1.9968	nan	0.25118	1.49732	0.60349	0.12016	0.51187	0.01177	0.43244	0.48278	0.23213	62.70797	618.45352	631.80474	448.29881	651.93352	348.35553	596.23914	nan	540.53609	394.65661	536.12892	316.21237	419.50165	500.37091	535.36163	388.12878	451.23943	657.04867	537.52787	119.52081	86.3544	119.52081	11.35447	0.50284	59.13378	18.08906	7.90E-05	2.67854	1.02E-05	1.34E+07	7.52E-08	27.68561	183.21318	6.76E-05	0.00549	2.63E-05	2.40E-05
0.3232	26.63168	16.51631	29.3963	5.70062	21.43018	93.50885	3.25633	1.00817	0.29593	0.85962	0.47523	0.35785	0.07927	0.05535	0.01911	0.01927	0.15067	91.01865	1.99741	1.56208	nan	1.99677	nan	0.24628	1.4224	0.56996	0.13589	0.51738	0.01292	0.43286	0.47518	0.23479	62.07997	619.04218	632.50488	450.65491	651.67325	349.57384	595.98778	nan	540.49041	402.59628	536.16839	316.7288	417.68451	499.84331	536.11962	381.4693	450.00482	656.76147	538.10587	118.6556	86.60254	118.6556	11.25087	0.50173	59.21928	18.1152	7.91E-05	2.67776	1.02E-05	1.34E+07	7.50E-08	27.68891	183.57918	6.77E-05	0.00547	2.64E-05	2.41E-05
0.3236	28.82289	15.65401	28.7158	5.79972	20.68238	93.63906	3.17759	0.96221	0.28655	0.85773	0.48313	0.35477	0.08046	0.0548	0.01928	0.01946	0.14763	91.16917	1.92346	1.56437	nan	1.99674	nan	0.24138	1.34748	0.53642	0.15162	0.52288	0.01408	0.43328	0.46758	0.23745	61.45197	619.63084	633.20503	453.01102	651.41298	350.79214	595.73641	nan	540.44473	410.53595	536.20786	317.24524	415.86736	499.31571	536.87761	374.80981	448.77021	656.47427	538.68387	117.7904	86.85067	117.7904	11.14726	0.50062	59.30478	18.14134	7.92E-05	2.67698	1.02E-05	1.34E+07	7.49E-08	27.69221	183.94518	6.79E-05	0.00546	2.64E-05	2.41E-05
0.324	31.0141	14.79171	28.0353	5.89882	19.93458	93.76927	3.09884	0.91625	0.27717	0.85584	0.49103	0.35169	0.08165	0.05425	0.01945	0.01965	0.14459	91.31969	1.84951	1.56666	nan	1.99671	nan	0.23648	1.27256	0.50289	0.16735	0.52838	0.01524	0.4337	0.45998	0.24011	60.82397	620.21951	633.90517	455.36713	651.15271	352.01045	595.48505	nan	540.39905	418.47562	536.24733	317.76167	414.05021	498.78811	537.63561	368.15032	447.5356	656.18707	539.26187	116.9252	87.0988	116.9252	11.04366	0.49952	59.39028	18.16748	7.93E-05	2.6762	1.02E-05	1.35E+07	7.47E-08	27.69551	184.31119	6.80E-05	0.00545	2.64E-05	2.41E-05
0.3244	33.20531	13.9294	27.35479	5.99792	19.18677	93.89948	3.0201	0.87029	0.26779	0.85395	0.49893	0.34861	0.08284	0.0537	0.01962	0.01984	0.14155	91.47021	1.77556	1.56895	nan	1.99668	nan	0.23158	1.19764	0.46936	0.18308	0.53389	0.01639	0.43412	0.45238	0.24277	60.19596	620.80817	634.60531	457.72324	650.89244	353.22875	595.23369	nan	540.35337	426.4153	536.2868	318.27811	412.23307	498.26052	538.3936	361.49084	446.30099	655.89987	539.83988	116.05999	87.34694	116.05999	10.94006	0.49841	59.47578	18.19362	7.94E-05	2.67542	1.02E-05	1.35E+07	7.46E-08	27.69881	184.67719	6.81E-05	0.00544	2.64E-05	2.41E-05
0.3248	35.39652	13.0671	26.67429	6.09702	18.43897	94.02969	2.94136	0.82433	0.25841	0.85206	0.50683	0.34553	0.08403	0.05315	0.01979	0.02003	0.13851	91.62073	1.70161	1.57124	nan	1.99665	nan	0.22668	1.12272	0.43582	0.19881	0.53939	0.01755	0.43454	0.44478	0.24543	59.56796	621.39683	635.30545	460.07935	650.63216	354.44706	594.98232	nan	540.30769	434.35497	536.32627	318.79454	410.41592	497.73292	539.15159	354.83135	445.06638	655.61267	540.41788	115.19479	87.59507	115.19479	10.83646	0.4973	59.56128	18.21976	7.94E-05	2.67464	1.02E-05	1.35E+07	7.44E-08	27.70211	185.04319	6.82E-05	0.00543	2.65E-05	2.42E-05
0.3252	37.58773	12.2048	25.99379	6.19612	17.69117	94.1599	2.86262	0.77837	0.24903	0.85017	0.51473	0.34245	0.08522	0.0526	0.01996	0.02022	0.13547	91.77125	1.62766	1.57353	nan	1.99662	nan	0.22178	1.0478	0.40229	0.21454	0.54489	0.01871	0.43496	0.43718	0.24809	58.93996	621.98549	636.0056	462.43546	650.37189	355.66536	594.73096	nan	540.26201	442.29464	536.36574	319.31098	408.59877	497.20532	539.90958	348.17186	443.83177	655.32547	540.99588	114.32959	87.84321	114.32959	10.73286	0.4962	59.64678	18.24591	7.95E-05	2.67386	1.02E-05	1.35E+07	7.43E-08	27.70541	185.40919	6.84E-05	0.00541	2.65E-05	2.42E-05
0.3256	39.77893	11.34249	25.31328	6.29522	16.94337	94.29011	2.78388	0.73241	0.23965	0.84828	0.52263	0.33937	0.08641	0.05205	0.02013	0.02041	0.13243	91.92177	1.55371	1.57582	nan	1.99659	nan	0.21688	0.97288	0.36876	0.23027	0.5504	0.01986	0.43538	0.42958	0.25075	58.31196	622.57416	636.70574	464.79157	650.11162	356.88367	594.47959	nan	540.21633	450.23431	536.40521	319.82741	406.78162	496.67772	540.66758	341.51238	442.59715	655.03826	541.57388	113.46438	88.09134	113.46438	10.62926	0.49509	59.73228	18.27205	7.96E-05	2.67308	1.02E-05	1.35E+07	7.41E-08	27.70871	185.77519	6.85E-05	0.0054	2.65E-05	2.42E-05
0.326	41.97014	10.48019	24.63278	6.39432	16.19556	94.42032	2.70514	0.68645	0.23027	0.84639	0.53053	0.33629	0.0876	0.0515	0.0203	0.0206	0.12939	92.07229	1.47976	1.57811	nan	1.99656	nan	0.21198	0.89796	0.33522	0.246	0.5559	0.02102	0.4358	0.42198	0.25341	57.68395	623.16282	637.40588	467.14768	649.85135	358.10197	594.22823	nan	540.17065	458.17398	536.44468	320.34385	404.96448	496.15013	541.42557	334.85289	441.36254	654.75106	542.15188	112.59918	88.33948	112.59918	10.52566	0.49399	59.81778	18.29819	7.97E-05	2.6723	1.02E-05	1.36E+07	7.40E-08	27.71201	186.14119	6.86E-05	0.00539	2.66E-05	2.42E-05
0.3264	44.16135	9.61789	23.95228	6.49342	15.44776	94.55054	2.6264	0.64049	0.22089	0.8445	0.53843	0.33321	0.08879	0.05095	0.02047	0.02079	0.12635	92.22281	1.40581	1.5804	nan	1.99653	nan	0.20708	0.82304	0.30169	0.26173	0.5614	0.02218	0.43622	0.41438	0.25607	57.05595	623.75148	638.10603	469.50379	649.59108	359.32028	593.97687	nan	540.12497	466.11366	536.48415	320.86029	403.14733	495.62253	542.18356	328.1934	440.12793	654.46386	542.72989	111.73398	88.58761	111.73398	10.42206	0.49288	59.90328	18.32433	7.98E-05	2.67152	1.02E-05	1.36E+07	7.38E-08	27.71531	186.50719	6.87E-05	0.00538	2.66E-05	2.43E-05
0.3268	46.35256	8.75558	23.27178	6.59252	14.69996	94.68075	2.54766	0.59453	0.21151	0.84261	0.54633	0.33013	0.08998	0.0504	0.02064	0.02098	0.12331	92.37333	1.33186	1.58269	nan	1.9965	nan	0.20218	0.74812	0.26816	0.27746	0.56691	0.02333	0.43664	0.40678	0.25873	56.42795	624.34014	638.80617	471.8599	649.33081	360.53858	593.7255	nan	540.07929	474.05333	536.52362	321.37672	401.33018	495.09493	542.94156	321.53392	438.89332	654.17666	543.30789	110.86877	88.83574	110.86877	10.31846	0.49177	59.98878	18.35047	7.99E-05	2.67074	1.02E-05	1.36E+07	7.37E-08	27.71861	186.8732	6.89E-05	0.00537	2.66E-05	2.43E-05
0.3272	48.54377	7.89328	22.59127	6.69162	13.95215	94.81096	2.46892	0.54857	0.20213	0.84072	0.55423	0.32705	0.09117	0.04985	0.02081	0.02117	0.12027	92.52385	1.25791	1.58498	nan	1.99647	nan	0.19728	0.67319	0.23462	0.29319	0.57241	0.02449	0.43706	0.39918	0.26139	55.79995	624.92881	639.50631	474.21601	649.07054	361.75689	593.47414	nan	540.03361	481.993	536.56309	321.89316	399.51303	494.56733	543.69955	314.87443	437.65871	653.88946	543.88589	110.00357	89.08388	110.00357	10.21486	0.49067	60.07428	18.37661	8.00E-05	2.66996	1.02E-05	1.36E+07	7.35E-08	27.72191	187.2392	6.90E-05	0.00535	2.66E-05	2.43E-05
0.3276	50.73498	7.03098	21.91077	6.79072	13.20435	94.94117	2.39018	0.50261	0.19275	0.83883	0.56213	0.32397	0.09236	0.0493	0.02098	0.02136	0.11723	92.67437	1.18396	1.58727	nan	1.99644	nan	0.19238	0.59827	0.20109	0.30892	0.57791	0.02565	0.43748	0.39158	0.26405	55.17194	625.51747	640.20645	476.57212	648.81027	362.97519	593.22278	nan	539.98793	489.93267	536.60256	322.40959	397.69589	494.03974	544.45754	308.21494	436.4241	653.60226	544.46389	109.13837	89.33201	109.13837	10.11126	0.48956	60.15978	18.40275	8.00E-05	2.66918	1.02E-05	1.37E+07	7.34E-08	27.72521	187.6052	6.91E-05	0.00534	2.67E-05	2.43E-05
0.328	52.92619	6.16867	21.23027	6.88983	12.45655	95.07138	2.31144	0.45665	0.18337	0.83694	0.57003	0.32089	0.09355	0.04875	0.02115	0.02155	0.11419	92.82489	1.11001	1.58956	nan	1.99641	nan	0.18748	0.52335	0.16756	0.32465	0.58342	0.0268	0.4379	0.38398	0.26671	54.54394	626.10613	640.9066	478.92823	648.55	364.1935	592.97141	nan	539.94225	497.87234	536.64203	322.92603	395.87874	493.51214	545.21554	301.55546	435.18948	653.31506	545.0419	108.27316	89.58015	108.27316	10.00766	0.48845	60.24528	18.42889	8.01E-05	2.6684	1.02E-05	1.37E+07	7.32E-08	27.72851	187.9712	6.92E-05	0.00533	2.67E-05	2.44E-05
0.3284	55.1174	5.30637	20.54977	6.98893	11.70874	95.20159	2.2327	0.41069	0.17399	0.83505	0.57793	0.31781	0.09474	0.0482	0.02132	0.02174	0.11115	92.97541	1.03606	1.59185	nan	1.99638	nan	0.18258	0.44843	0.13402	0.34038	0.58892	0.02796	0.43832	0.37638	0.26937	53.91594	626.69479	641.60674	481.28434	648.28973	365.4118	592.72005	nan	539.89657	505.81201	536.6815	323.44246	394.06159	492.98454	545.97353	294.89597	433.95487	653.02786	545.6199	107.40796	89.82828	107.40796	9.90406	0.48735	60.33078	18.45503	8.02E-05	2.66762	1.02E-05	1.37E+07	7.31E-08	27.73181	188.3372	6.94E-05	0.00532	2.67E-05	2.44E-05
0.3288	57.3086	4.44406	19.86926	7.08803	10.96094	95.3318	2.15396	0.36473	0.16461	0.83316	0.58583	0.31473	0.09593	0.04765	0.02149	0.02193	0.10811	93.12593	0.96211	1.59414	nan	1.99635	nan	0.17768	0.37351	0.10049	0.35611	0.59442	0.02912	0.43874	0.36878	0.27203	53.28794	627.28346	642.30688	483.64045	648.02945	366.63011	592.46868	nan	539.85089	513.75169	536.72097	323.9589	392.24445	492.45695	546.73152	288.23648	432.72026	652.74066	546.1979	106.54276	90.07642	106.54276	9.80046	0.48624	60.41628	18.48117	8.03E-05	2.66684	1.02E-05	1.37E+07	7.29E-08	27.73511	188.7032	6.95E-05	0.00531	2.68E-05	2.44E-05
0.3292	59.49981	3.58176	19.18876	7.18713	10.21314	95.46201	2.07522	0.31877	0.15523	0.83127	0.59373	0.31165	0.09712	0.0471	0.02166	0.02212	0.10507	93.27646	0.88816	1.59643	nan	1.99632	nan	0.17278	0.29859	0.06696	0.37184	0.59993	0.03027	0.43916	0.36117	0.27469	52.65993	627.87212	643.00702	485.99656	647.76918	367.84841	592.21732	nan	539.80521	521.69136	536.76044	324.47533	390.4273	491.92935	547.48952	281.577	431.48565	652.45345	546.7759	105.67755	90.32455	105.67755	9.69686	0.48513	60.50178	18.50731	8.04E-05	2.66606	1.02E-05	1.38E+07	7.28E-08	27.73841	189.0692	6.96E-05	0.00529	2.68E-05	2.44E-05
0.3296	61.69102	2.71946	18.50826	7.28623	9.46534	95.59222	1.99648	0.27281	0.14585	0.82938	0.60163	0.30857	0.09831	0.04655	0.02183	0.02231	0.10203	93.42698	0.81421	1.59872	nan	1.99629	nan	0.16788	0.22367	0.03342	0.38757	0.60543	0.03143	0.43958	0.35357	0.27735	52.03193	628.46078	643.70717	488.35267	647.50891	369.06672	591.96596	nan	539.75953	529.63103	536.79991	324.99177	388.61015	491.40175	548.24751	274.91751	430.25104	652.16625	547.35391	104.81235	90.57268	104.81235	9.59326	0.48403	60.58728	18.53345	8.05E-05	2.66528	1.02E-05	1.38E+07	7.26E-08	27.74171	189.43521	6.97E-05	0.00528	2.68E-05	2.45E-05
0.33	63.86698	1.86334	17.8326	7.38761	8.71946	95.72194	1.91791	0.22715	0.13649	0.82748	0.60951	0.30552	0.09949	0.046	0.022	0.0225	0.09901	93.57686	0.74044	1.60105	nan	1.99626	nan	0.16299	0.14905	1.05E-04	0.4033	0.61093	0.03259	0.43998	0.34599	0.27998	51.40636	629.04766	644.40521	490.6786	647.24613	370.27224	591.71459	nan	539.71385	537.51224	536.83938	325.5082	386.80483	490.87415	548.99265	268.29819	429.01963	651.88015	547.92796	103.95219	90.8219	103.95219	9.48975	0.48294	60.67211	18.55938	8.06E-05	2.6645	1.02E-05	1.38E+07	7.25E-08	27.745	189.79992	6.98E-05	0.00527	2.69E-05	2.45E-05
0.3304	61.43637	2.87574	18.6205	8.17962	8.55726	95.70405	1.88984	0.27299	0.13404	0.82042	0.61231	0.31011	0.09775	0.04644	0.02202	0.0225	0.10188	93.5333	0.72298	1.61508	nan	1.99623	nan	0.15947	0.16477	0.03205	0.41903	0.61644	0.03374	0.43456	0.34174	0.27342	51.51495	629.09672	644.46986	483.89136	646.22572	367.61809	591.46323	nan	539.66817	527.73498	536.87885	326.02464	388.57022	490.34656	545.85716	273.81109	428.7547	651.92455	547.30996	104.61459	91.3971	104.61459	9.41415	0.48799	60.55454	18.52343	8.06E-05	2.66575	1.02E-05	1.38E+07	7.25E-08	27.7459	189.77492	6.98E-05	0.00527	2.69E-05	2.45E-05
0.3308	59.00576	3.88815	19.40841	8.97162	8.39506	95.68616	1.86177	0.31883	0.13159	0.81336	0.61511	0.3147	0.09601	0.04688	0.02204	0.0225	0.10475	93.48974	0.70552	1.62911	nan	1.9962	nan	0.15595	0.18048	0.06399	0.43476	0.62194	0.0349	0.42913	0.33749	0.26686	51.62354	629.14578	644.53451	477.10412	645.2053	364.96394	591.21187	nan	539.62249	517.95772	536.91832	326.54108	390.33561	489.81896	542.72167	279.324	428.48978	651.96895	546.69196	105.27699	91.9723	105.27699	9.33855	0.49304	60.43697	18.48748	8.06E-05	2.667	1.02E-05	1.38E+07	7.25E-08	27.7468	189.74992	6.98E-05	0.00527	2.69E-05	2.45E-05
0.3312	56.57515	4.90055	20.19631	9.76362	8.23286	95.66827	1.8337	0.36467	0.12914	0.8063	0.61791	0.31929	0.09427	0.04732	0.02206	0.0225	0.10762	93.44618	0.68806	1.64314	nan	1.99617	nan	0.15243	0.19619	0.09593	0.45049	0.62744	0.03606	0.4237	0.33324	0.2603	51.73213	629.19484	644.59916	470.31688	644.18489	362.30979	590.9605	nan	539.57681	508.18046	536.95779	327.05751	392.10101	489.29136	539.58618	284.8369	428.22486	652.01335	546.07395	105.93939	92.54751	105.93939	9.26295	0.49809	60.3194	18.45153	8.06E-05	2.66825	1.02E-05	1.38E+07	7.24E-08	27.7477	189.72492	6.98E-05	0.00527	2.69E-05	2.45E-05
0.3316	54.14454	5.91296	20.98421	10.55563	8.07066	95.65038	1.80563	0.41051	0.12669	0.79924	0.62071	0.32388	0.09253	0.04776	0.02208	0.0225	0.11049	93.40262	0.6706	1.65717	nan	1.99614	nan	0.14891	0.21191	0.12787	0.46622	0.63295	0.03721	0.41828	0.32899	0.25374	51.84072	629.2439	644.66381	463.52964	643.16448	359.65564	590.70914	nan	539.53113	498.4032	536.99726	327.57395	393.8664	488.76376	536.45068	290.3498	427.95994	652.05775	545.45595	106.6018	93.12271	106.6018	9.18735	0.50313	60.20183	18.41558	8.06E-05	2.6695	1.02E-05	1.38E+07	7.24E-08	27.7486	189.69992	6.98E-05	0.00528	2.69E-05	2.45E-05
0.332	51.71393	6.92536	21.77212	11.34763	7.90846	95.63249	1.77756	0.45635	0.12424	0.79218	0.62351	0.32847	0.09079	0.0482	0.0221	0.0225	0.11336	93.35906	0.65314	1.6712	nan	1.99611	nan	0.14539	0.22762	0.15981	0.48195	0.63845	0.03837	0.41285	0.32474	0.24718	51.94931	629.29296	644.72846	456.7424	642.14406	357.00149	590.45777	nan	539.48545	488.62594	537.03673	328.09038	395.63179	488.23617	533.31519	295.8627	427.69502	652.10215	544.83795	107.2642	93.69791	107.2642	9.11175	0.50818	60.08426	18.37963	8.06E-05	2.67075	1.02E-05	1.38E+07	7.24E-08	27.7495	189.67492	6.97E-05	0.00528	2.69E-05	2.45E-05
0.3324	49.28332	7.93777	22.56002	12.13963	7.74626	95.6146	1.74949	0.50219	0.12179	0.78512	0.62631	0.33306	0.08905	0.04864	0.02212	0.0225	0.11623	93.3155	0.63568	1.68523	nan	1.99608	nan	0.14187	0.24333	0.19175	0.49768	0.64395	0.03953	0.40742	0.32049	0.24062	52.0579	629.34202	644.79311	449.95516	641.12365	354.34734	590.20641	nan	539.43977	478.84868	537.0762	328.60682	397.39719	487.70857	530.1797	301.3756	427.4301	652.14655	544.21995	107.9266	94.27311	107.9266	9.03615	0.51323	59.96669	18.34368	8.06E-05	2.672	1.02E-05	1.38E+07	7.24E-08	27.7504	189.64992	6.97E-05	0.00528	2.69E-05	2.45E-05
0.3328	46.85271	8.95017	23.34792	12.93164	7.58406	95.59671	1.72142	0.54803	0.11934	0.77806	0.62911	0.33765	0.08731	0.04908	0.02214	0.0225	0.1191	93.27194	0.61822	1.69926	nan	1.99605	nan	0.13835	0.25905	0.22369	0.51341	0.64946	0.04068	0.402	0.31624	0.23406	52.16649	629.39108	644.85777	443.16792	640.10323	351.69319	589.95505	nan	539.39409	469.07142	537.11567	329.12325	399.16258	487.18097	527.04421	306.88851	427.16518	652.19095	543.60194	108.589	94.84831	108.589	8.96055	0.51828	59.84912	18.30773	8.06E-05	2.67325	1.02E-05	1.38E+07	7.24E-08	27.7513	189.62492	6.97E-05	0.00528	2.69E-05	2.45E-05
0.3332	44.4221	9.96257	24.13583	13.72364	7.42186	95.57882	1.69335	0.59387	0.11689	0.771	0.63191	0.34224	0.08557	0.04952	0.02216	0.0225	0.12197	93.22837	0.60076	1.71329	nan	1.99602	nan	0.13483	0.27476	0.25563	0.52914	0.65496	0.04184	0.39657	0.31199	0.2275	52.27508	629.44014	644.92242	436.38068	639.08282	349.03904	589.70368	nan	539.34841	459.29416	537.15514	329.63969	400.92798	486.65337	523.90871	312.40141	426.90026	652.23535	542.98394	109.25141	95.42352	109.25141	8.88495	0.52333	59.73155	18.27178	8.06E-05	2.6745	1.02E-05	1.38E+07	7.24E-08	27.7522	189.59992	6.97E-05	0.00528	2.69E-05	2.45E-05
0.3336	41.99149	10.97498	24.92373	14.51564	7.25966	95.56093	1.66528	0.63971	0.11444	0.76394	0.63471	0.34683	0.08383	0.04996	0.02218	0.0225	0.12484	93.18481	0.5833	1.72732	nan	1.99599	nan	0.13131	0.29047	0.28757	0.54487	0.66047	0.043	0.39114	0.30774	0.22094	52.38367	629.4892	644.98707	429.59344	638.06241	346.38489	589.45232	nan	539.30273	449.5169	537.19461	330.15612	402.69337	486.12578	520.77322	317.91431	426.63534	652.27975	542.36594	109.91381	95.99872	109.91381	8.80935	0.52837	59.61398	18.23583	8.06E-05	2.67575	1.02E-05	1.38E+07	7.24E-08	27.7531	189.57492	6.96E-05	0.00528	2.69E-05	2.45E-05
0.334	39.56088	11.98738	25.71163	15.30765	7.09746	95.54304	1.63721	0.68555	0.11199	0.75688	0.63751	0.35142	0.08209	0.0504	0.0222	0.0225	0.12771	93.14125	0.56584	1.74135	nan	1.99596	nan	0.12779	0.30619	0.31951	0.5606	0.66597	0.04415	0.38572	0.30349	0.21438	52.49226	629.53826	645.05172	422.8062	637.04199	343.73074	589.20096	nan	539.25705	439.73964	537.23408	330.67256	404.45876	485.59818	517.63773	323.42721	426.37042	652.32415	541.74794	110.57621	96.57392	110.57621	8.73375	0.53342	59.49641	18.19988	8.06E-05	2.677	1.02E-05	1.38E+07	7.24E-08	27.754	189.54992	6.96E-05	0.00528	2.69E-05	2.45E-05
0.3344	37.13027	12.99979	26.49953	16.09965	6.93526	95.52515	1.60914	0.73139	0.10954	0.74982	0.64031	0.35601	0.08035	0.05084	0.02222	0.0225	0.13058	93.09769	0.54838	1.75538	nan	1.99593	nan	0.12427	0.3219	0.35145	0.57633	0.67147	0.04531	0.38029	0.29924	0.20782	52.60085	629.58732	645.11637	416.01896	636.02158	341.07658	588.94959	nan	539.21137	429.96238	537.27355	331.18899	406.22416	485.07058	514.50223	328.94012	426.10549	652.36855	541.12993	111.23862	97.14912	111.23862	8.65815	0.53847	59.37884	18.16393	8.06E-05	2.67825	1.02E-05	1.38E+07	7.24E-08	27.7549	189.52492	6.96E-05	0.00529	2.69E-05	2.45E-05
0.3348	34.69966	14.01219	27.28744	16.89165	6.77306	95.50726	1.58107	0.77723	0.10709	0.74276	0.64311	0.3606	0.07861	0.05128	0.02224	0.0225	0.13345	93.05413	0.53092	1.76941	nan	1.9959	nan	0.12075	0.33761	0.38339	0.59206	0.67698	0.04647	0.37486	0.29499	0.20126	52.70944	629.63638	645.18102	409.23172	635.00116	338.42243	588.69823	nan	539.16569	420.18513	537.31302	331.70543	407.98955	484.54298	511.36674	334.45302	425.84057	652.41295	540.51193	111.90102	97.72433	111.90102	8.58255	0.54352	59.26127	18.12798	8.06E-05	2.6795	1.02E-05	1.38E+07	7.24E-08	27.7558	189.49992	6.96E-05	0.00529	2.69E-05	2.45E-05
0.3352	32.26905	15.02459	28.07534	17.68365	6.61086	95.48937	1.553	0.82307	0.10464	0.7357	0.64591	0.36519	0.07687	0.05172	0.02226	0.0225	0.13632	93.01057	0.51346	1.78344	nan	1.99587	nan	0.11723	0.35333	0.41533	0.60779	0.68248	0.04762	0.36944	0.29074	0.1947	52.81803	629.68544	645.24567	402.44448	633.98075	335.76828	588.44686	nan	539.12001	410.40787	537.35249	332.22186	409.75494	484.01539	508.23125	339.96592	425.57565	652.45735	539.89393	112.56342	98.29953	112.56342	8.50695	0.54857	59.1437	18.09203	8.06E-05	2.68075	1.02E-05	1.38E+07	7.24E-08	27.7567	189.47492	6.96E-05	0.00529	2.69E-05	2.45E-05
0.3356	29.83844	16.037	28.86324	18.47566	6.44866	95.47148	1.52493	0.86891	0.10219	0.72864	0.64871	0.36978	0.07513	0.05216	0.02228	0.0225	0.13919	92.96701	0.496	1.79747	nan	1.99584	nan	0.11371	0.36904	0.44727	0.62352	0.68798	0.04878	0.36401	0.28649	0.18814	52.92662	629.7345	645.31032	395.65724	632.96034	333.11413	588.1955	nan	539.07433	400.63061	537.39196	332.7383	411.52034	483.48779	505.09576	345.47882	425.31073	652.50175	539.27593	113.22582	98.87473	113.22582	8.43135	0.55361	59.02613	18.05608	8.06E-05	2.682	1.02E-05	1.38E+07	7.23E-08	27.7576	189.44992	6.95E-05	0.00529	2.69E-05	2.45E-05
0.336	27.40783	17.0494	29.65115	19.26766	6.28646	95.45359	1.49686	0.91475	0.09974	0.72158	0.65151	0.37437	0.07339	0.0526	0.0223	0.0225	0.14206	92.92345	0.47854	1.8115	nan	1.99581	nan	0.11019	0.38475	0.47921	0.63925	0.69349	0.04994	0.35858	0.28224	0.18158	53.03521	629.78356	645.37497	388.86999	631.93992	330.45998	587.94414	nan	539.02865	390.85335	537.43143	333.25474	413.28573	482.96019	501.96026	350.99172	425.04581	652.54615	538.65792	113.88823	99.44993	113.88823	8.35575	0.55866	58.90855	18.02013	8.06E-05	2.68325	1.02E-05	1.38E+07	7.23E-08	27.7585	189.42492	6.95E-05	0.00529	2.69E-05	2.45E-05
0.3364	24.97722	18.06181	30.43905	20.05966	6.12425	95.4357	1.46879	0.96059	0.09729	0.71452	0.65431	0.37896	0.07165	0.05304	0.02232	0.0225	0.14493	92.87989	0.46108	1.82553	nan	1.99578	nan	0.10667	0.40047	0.51115	0.65498	0.69899	0.05109	0.35316	0.27799	0.17502	53.14381	629.83263	645.43962	382.08275	630.91951	327.80583	587.69277	nan	538.98297	381.07609	537.4709	333.77117	415.05113	482.43259	498.82477	356.50463	424.78089	652.59055	538.03992	114.55063	100.02513	114.55063	8.28015	0.56371	58.79098	17.98418	8.06E-05	2.6845	1.02E-05	1.38E+07	7.23E-08	27.7594	189.39992	6.95E-05	0.00529	2.69E-05	2.45E-05
0.3368	22.54661	19.07421	31.22695	20.85167	5.96205	95.41781	1.44072	1.00643	0.09484	0.70746	0.65711	0.38355	0.06991	0.05348	0.02234	0.0225	0.1478	92.83633	0.44362	1.83956	nan	1.99575	nan	0.10315	0.41618	0.54309	0.67071	0.70449	0.05225	0.34773	0.27374	0.16846	53.2524	629.88169	645.50427	375.29551	629.89909	325.15168	587.44141	nan	538.93729	371.29883	537.51037	334.28761	416.81652	481.905	495.68928	362.01753	424.51597	652.63495	537.42192	115.21303	100.60034	115.21303	8.20455	0.56876	58.67341	17.94823	8.06E-05	2.68575	1.02E-05	1.39E+07	7.23E-08	27.7603	189.37492	6.95E-05	0.00529	2.69E-05	2.45E-05
0.3372	20.116	20.08661	32.01486	21.64367	5.79985	95.39992	1.41265	1.05227	0.09239	0.7004	0.65991	0.38814	0.06817	0.05392	0.02236	0.0225	0.15067	92.79277	0.42616	1.85359	nan	1.99572	nan	0.09963	0.43189	0.57503	0.68644	0.71	0.05341	0.3423	0.26949	0.1619	53.36099	629.93075	645.56892	368.50827	628.87868	322.49753	587.19005	nan	538.89161	361.52157	537.54984	334.80404	418.58191	481.3774	492.55379	367.53043	424.25105	652.67935	536.80392	115.87543	101.17554	115.87543	8.12895	0.57381	58.55584	17.91228	8.06E-05	2.687	1.02E-05	1.39E+07	7.23E-08	27.7612	189.34992	6.94E-05	0.0053	2.69E-05	2.45E-05
0.3376	17.68539	21.09902	32.80276	22.43567	5.63765	95.38203	1.38458	1.09811	0.08994	0.69334	0.66271	0.39273	0.06643	0.05436	0.02238	0.0225	0.15354	92.74921	0.4087	1.86762	nan	1.99569	nan	0.09611	0.44761	0.60697	0.70217	0.7155	0.05456	0.33688	0.26524	0.15534	53.46958	629.97981	645.63357	361.72103	627.85827	319.84338	586.93868	nan	538.84593	351.74431	537.58931	335.32048	420.34731	480.8498	489.41829	373.04333	423.98613	652.72375	536.18591	116.53784	101.75074	116.53784	8.05334	0.57885	58.43827	17.87633	8.06E-05	2.68825	1.02E-05	1.39E+07	7.23E-08	27.7621	189.32492	6.94E-05	0.0053	2.69E-05	2.45E-05
0.338	15.25478	22.11142	33.59066	23.22768	5.47545	95.36414	1.35651	1.14395	0.08749	0.68628	0.66551	0.39732	0.06469	0.0548	0.0224	0.0225	0.15641	92.70565	0.39124	1.88165	nan	1.99566	nan	0.09259	0.46332	0.63891	0.7179	0.721	0.05572	0.33145	0.26099	0.14878	53.57817	630.02887	645.69822	354.93379	626.83785	317.18923	586.68732	nan	538.80025	341.96705	537.62878	335.83691	422.1127	480.32221	486.2828	378.55623	423.7212	652.76815	535.56791	117.20024	102.32594	117.20024	7.97774	0.5839	58.3207	17.84038	8.06E-05	2.6895	1.02E-05	1.39E+07	7.23E-08	27.763	189.29992	6.94E-05	0.0053	2.69E-05	2.45E-05
0.3384	12.82417	23.12383	34.37857	24.01968	5.31325	95.34625	1.32844	1.1898	0.08504	0.67922	0.66831	0.40191	0.06295	0.05524	0.02242	0.0225	0.15928	92.66209	0.37378	1.89568	nan	1.99563	nan	0.08907	0.47903	0.67085	0.73363	0.72651	0.05688	0.32602	0.25674	0.14222	53.68676	630.07793	645.76287	348.14655	625.81744	314.53508	586.43595	nan	538.75457	332.18979	537.66825	336.35335	423.87809	479.79461	483.14731	384.06914	423.45628	652.81255	534.94991	117.86264	102.90115	117.86264	7.90214	0.58895	58.20313	17.80443	8.06E-05	2.69075	1.02E-05	1.39E+07	7.23E-08	27.7639	189.27492	6.94E-05	0.0053	2.69E-05	2.45E-05
0.3388	10.39357	24.13623	35.16647	24.81168	5.15105	95.32836	1.30036	1.23564	0.08259	0.67216	0.67111	0.4065	0.06121	0.05568	0.02244	0.0225	0.16215	92.61853	0.35632	1.90971	nan	1.9956	nan	0.08555	0.49475	0.70279	0.74936	0.73201	0.05803	0.32059	0.25249	0.13566	53.79535	630.12699	645.82752	341.35931	624.79702	311.88093	586.18459	nan	538.70889	322.41253	537.70772	336.86978	425.64349	479.26701	480.01182	389.58204	423.19136	652.85695	534.33191	118.52504	103.47635	118.52504	7.82654	0.594	58.08556	17.76848	8.06E-05	2.692	1.02E-05	1.39E+07	7.23E-08	27.7648	189.24992	6.93E-05	0.0053	2.69E-05	2.45E-05
0.3392	7.96296	25.14863	35.95437	25.60369	4.98885	95.31047	1.27229	1.28148	0.08014	0.6651	0.67391	0.41109	0.05947	0.05612	0.02246	0.0225	0.16502	92.57497	0.33886	1.92374	nan	1.99557	nan	0.08203	0.51046	0.73473	0.76509	0.73751	0.05919	0.31517	0.24824	0.1291	53.90394	630.17605	645.89217	334.57207	623.77661	309.22678	585.93323	nan	538.66321	312.63528	537.74719	337.38622	427.40888	478.73941	476.87632	395.09494	422.92644	652.90135	533.7139	119.18745	104.05155	119.18745	7.75094	0.59905	57.96799	17.73253	8.06E-05	2.69325	1.02E-05	1.39E+07	7.23E-08	27.7657	189.22492	6.93E-05	0.0053	2.69E-05	2.45E-05
0.3396	5.53235	26.16104	36.74228	26.39569	4.82665	95.29258	1.24422	1.32732	0.07769	0.65804	0.67671	0.41568	0.05773	0.05656	0.02248	0.0225	0.16789	92.53141	0.3214	1.93777	nan	1.99554	nan	0.07851	0.52617	0.76667	0.78082	0.74302	0.06035	0.30974	0.24399	0.12254	54.01253	630.22511	645.95682	327.78483	622.75619	306.57263	585.68186	nan	538.61752	302.85802	537.78666	337.90265	429.17428	478.21182	473.74083	400.60784	422.66152	652.94575	533.0959	119.84985	104.62675	119.84985	7.67534	0.60409	57.85042	17.69658	8.06E-05	2.6945	1.02E-05	1.39E+07	7.23E-08	27.7666	189.19992	6.93E-05	0.0053	2.69E-05	2.45E-05
0.34	3.11281	27.16991	37.52398	27.18204	4.66876	95.27423	1.2167	1.37303	0.0753	0.65104	0.67947	0.42025	0.056	0.057	0.0225	0.0225	0.17075	92.48754	0.30439	1.9517	nan	1.99551	nan	0.07503	0.54189	0.79843	0.79674	0.74847	0.0615	0.30436	0.23981	0.11606	54.12311	630.27124	646.01795	321.05311	621.7439	303.93813	585.4305	nan	538.57253	293.13239	537.79646	338.41034	430.91883	477.68422	470.62442	406.09625	422.40699	652.99052	532.48174	120.50878	105.19524	120.50878	7.60091	0.6091	57.73311	17.66071	8.06E-05	2.69575	1.02E-05	1.39E+07	7.22E-08	27.76748	189.17298	6.93E-05	0.00531	2.69E-05	2.45E-05
0.3404	3.94062	27.14231	36.48918	26.31154	5.77346	95.12083	1.34842	1.38047	0.08986	0.66151	0.67137	0.42007	0.05675	0.05713	0.02254	0.02254	0.17169	92.35259	0.4186	1.93814	nan	1.99548	nan	0.08327	0.5576	0.77786	0.86604	0.73953	0.06048	0.31133	0.25781	0.13379	54.81846	629.46028	645.04618	330.59404	623.11108	307.0655	585.17914	nan	538.72731	298.54133	529.10698	336.35487	426.55436	477.15662	473.09969	404.40534	425.19918	653.14439	532.99361	120.15065	103.7963	120.15065	7.86757	0.60135	57.69257	17.64831	8.05E-05	2.69546	1.02E-05	1.38E+07	7.25E-08	27.76238	188.57797	6.91E-05	0.00532	2.68E-05	2.45E-05
0.3408	4.76842	27.11471	35.45437	25.44103	6.87816	94.96743	1.48014	1.38791	0.10442	0.67198	0.66327	0.41989	0.0575	0.05726	0.02258	0.02258	0.17263	92.21764	0.53281	1.92458	nan	1.99545	nan	0.09151	0.57331	0.7573	0.93534	0.73059	0.05946	0.31831	0.2758	0.15153	55.5138	628.64932	644.07442	340.13497	624.47827	310.19286	584.92777	nan	538.88209	303.95027	520.41751	334.29939	422.1899	476.62902	475.57496	402.71444	427.99138	653.29826	533.50548	119.79251	102.39737	119.79251	8.13424	0.59361	57.65203	17.63591	8.04E-05	2.69517	1.02E-05	1.38E+07	7.28E-08	27.75728	187.98297	6.89E-05	0.00534	2.68E-05	2.44E-05
0.3412	5.59622	27.08711	34.41957	24.57053	7.98287	94.81403	1.61186	1.39535	0.11898	0.68245	0.65517	0.41971	0.05825	0.05739	0.02262	0.02262	0.17357	92.08269	0.64702	1.91102	nan	1.99542	nan	0.09975	0.58903	0.73673	1.00464	0.72165	0.05844	0.32529	0.2938	0.16926	56.20914	627.83835	643.10265	349.6759	625.84545	313.32022	584.67641	nan	539.03687	309.35922	511.72803	332.24392	417.82544	476.10143	478.05023	401.02353	430.78357	653.45212	534.01735	119.43438	100.99843	119.43438	8.40091	0.58587	57.61149	17.62351	8.02E-05	2.69488	1.02E-05	1.37E+07	7.31E-08	27.75218	187.38797	6.87E-05	0.00536	2.67E-05	2.44E-05
0.3416	6.42403	27.05951	33.38477	23.70003	9.08757	94.66063	1.74358	1.40279	0.13354	0.69292	0.64707	0.41953	0.059	0.05752	0.02266	0.02266	0.17451	91.94774	0.76123	1.89746	nan	1.99539	nan	0.10799	0.60474	0.71616	1.07394	0.71271	0.05742	0.33226	0.3118	0.18699	56.90449	627.02739	642.13089	359.21683	627.21264	316.44758	584.42505	nan	539.19165	314.76816	503.03856	330.18845	413.46097	475.57383	480.5255	399.33262	433.57576	653.60599	534.52922	119.07624	99.59949	119.07624	8.66758	0.57812	57.57095	17.61111	8.01E-05	2.69459	1.02E-05	1.37E+07	7.34E-08	27.74708	186.79297	6.85E-05	0.00538	2.67E-05	2.44E-05
0.342	7.25183	27.03191	32.34996	22.82952	10.19228	94.50723	1.8753	1.41023	0.1481	0.70339	0.63897	0.41935	0.05975	0.05765	0.0227	0.0227	0.17545	91.81279	0.87544	1.8839	nan	1.99536	nan	0.11623	0.62045	0.6956	1.14324	0.70377	0.0564	0.33924	0.32979	0.20473	57.59983	626.21643	641.15913	368.75776	628.57983	319.57495	584.17368	nan	539.34643	320.1771	494.34908	328.13297	409.09651	475.04623	483.00077	397.64172	436.36795	653.75986	535.04108	118.71811	98.20055	118.71811	8.93425	0.57038	57.53041	17.59871	8.00E-05	2.6943	1.02E-05	1.36E+07	7.36E-08	27.74198	186.19797	6.83E-05	0.0054	2.67E-05	2.43E-05
0.3424	8.07963	27.00431	31.31516	21.95902	11.29698	94.35382	2.00702	1.41767	0.16266	0.71386	0.63087	0.41917	0.0605	0.05778	0.02274	0.02274	0.17639	91.67784	0.98965	1.87034	nan	1.99533	nan	0.12447	0.63617	0.67503	1.21254	0.69483	0.05538	0.34622	0.34779	0.22246	58.29517	625.40546	640.18736	378.29869	629.94701	322.70231	583.92232	nan	539.50121	325.58604	485.65961	326.0775	404.73204	474.51863	485.47604	395.95081	439.16014	653.91373	535.55295	118.35997	96.80161	118.35997	9.20091	0.56264	57.48987	17.58631	7.98E-05	2.69401	1.02E-05	1.36E+07	7.39E-08	27.73688	185.60296	6.81E-05	0.00542	2.66E-05	2.43E-05
0.3428	8.90744	26.97671	30.28035	21.08852	12.40169	94.20042	2.13874	1.42511	0.17722	0.72433	0.62277	0.41899	0.06125	0.05791	0.02278	0.02278	0.17733	91.54289	1.10386	1.85678	nan	1.9953	nan	0.13271	0.65188	0.65446	1.28184	0.68589	0.05436	0.35319	0.36579	0.24019	58.99051	624.5945	639.2156	387.83963	631.3142	325.82967	583.67095	nan	539.65599	330.99498	476.97013	324.02202	400.36758	473.99104	487.95131	394.2599	441.95233	654.06759	536.06482	118.00184	95.40267	118.00184	9.46758	0.55489	57.44933	17.57391	7.97E-05	2.69372	1.02E-05	1.35E+07	7.42E-08	27.73178	185.00796	6.79E-05	0.00543	2.66E-05	2.42E-05
0.3432	9.73524	26.94911	29.24555	20.21801	13.50639	94.04702	2.27046	1.43255	0.19178	0.7348	0.61467	0.41881	0.062	0.05804	0.02282	0.02282	0.17827	91.40794	1.21807	1.84322	nan	1.99527	nan	0.14095	0.66759	0.6339	1.35114	0.67695	0.05334	0.36017	0.38379	0.25793	59.68586	623.78354	638.24383	397.38056	632.68138	328.95703	583.41959	nan	539.81077	336.40392	468.28066	321.96655	396.00311	473.46344	490.42658	392.569	444.74452	654.22146	536.57669	117.6437	94.00373	117.6437	9.73425	0.54715	57.40879	17.56151	7.96E-05	2.69343	1.02E-05	1.35E+07	7.45E-08	27.72668	184.41296	6.77E-05	0.00545	2.65E-05	2.42E-05
0.3436	10.56304	26.92151	28.21074	19.34751	14.6111	93.89362	2.40218	1.43999	0.20634	0.74527	0.60657	0.41863	0.06275	0.05817	0.02286	0.02286	0.17921	91.27299	1.33228	1.82966	nan	1.99524	nan	0.14919	0.68331	0.61333	1.42044	0.66801	0.05232	0.36715	0.40178	0.27566	60.3812	622.97257	637.27207	406.92149	634.04857	332.0844	583.16823	nan	539.96555	341.81287	459.59118	319.91107	391.63865	472.93584	492.90185	390.87809	447.53671	654.37533	537.08856	117.28557	92.60479	117.28557	10.00092	0.53941	57.36825	17.54911	7.95E-05	2.69314	1.02E-05	1.35E+07	7.48E-08	27.72158	183.81796	6.76E-05	0.00547	2.65E-05	2.42E-05
0.344	11.39085	26.89391	27.17594	18.47701	15.7158	93.74022	2.5339	1.44743	0.2209	0.75574	0.59847	0.41845	0.0635	0.0583	0.0229	0.0229	0.18015	91.13804	1.44649	1.8161	nan	1.99521	nan	0.15743	0.69902	0.59276	1.48974	0.65907	0.0513	0.37412	0.41978	0.29339	61.07654	622.16161	636.30031	416.46242	635.41575	335.21176	582.91686	nan	540.12033	347.22181	450.90171	317.8556	387.27419	472.40824	495.37711	389.18718	450.32891	654.5292	537.60043	116.92743	91.20585	116.92743	10.26758	0.53166	57.32771	17.53671	7.93E-05	2.69285	1.02E-05	1.34E+07	7.50E-08	27.71648	183.22295	6.74E-05	0.00549	2.64E-05	2.41E-05
0.3444	12.21865	26.8663	26.14114	17.6065	16.8205	93.58682	2.66562	1.45487	0.23546	0.76621	0.59037	0.41827	0.06425	0.05843	0.02294	0.02294	0.18109	91.00309	1.5607	1.80254	nan	1.99518	nan	0.16567	0.71473	0.5722	1.55904	0.65013	0.05028	0.3811	0.43778	0.31113	61.77188	621.35065	635.32854	426.00335	636.78294	338.33912	582.6655	nan	540.27511	352.63075	442.21223	315.80012	382.90972	471.88065	497.85238	387.49628	453.1211	654.68306	538.1123	116.5693	89.80692	116.5693	10.53425	0.52392	57.28717	17.52431	7.92E-05	2.69256	1.02E-05	1.34E+07	7.53E-08	27.71138	182.62795	6.72E-05	0.00551	2.64E-05	2.41E-05
0.3448	13.04645	26.8387	25.10633	16.736	17.92521	93.43342	2.79734	1.46231	0.25002	0.77668	0.58227	0.41809	0.065	0.05856	0.02298	0.02298	0.18203	90.86813	1.67491	1.78898	nan	1.99515	nan	0.17391	0.73045	0.55163	1.62834	0.64119	0.04926	0.38808	0.45577	0.32886	62.46723	620.53968	634.35678	435.54428	638.15012	341.46648	582.41414	nan	540.42989	358.03969	433.52276	313.74465	378.54526	471.35305	500.32765	385.80537	455.91329	654.83693	538.62416	116.21117	88.40798	116.21117	10.80092	0.51617	57.24663	17.51191	7.91E-05	2.69227	1.02E-05	1.33E+07	7.56E-08	27.70628	182.03295	6.70E-05	0.00553	2.64E-05	2.41E-05
0.3452	13.87426	26.8111	24.07153	15.8655	19.02991	93.28002	2.92906	1.46975	0.26458	0.78715	0.57417	0.41791	0.06575	0.05869	0.02302	0.02302	0.18297	90.73318	1.78912	1.77542	nan	1.99512	nan	0.18215	0.74616	0.53106	1.69764	0.63225	0.04824	0.39505	0.47377	0.34659	63.16257	619.72872	633.38502	445.08522	639.51731	344.59385	582.16277	nan	540.58467	363.44863	424.83328	311.68917	374.18079	470.82545	502.80292	384.11446	458.70548	654.9908	539.13603	115.85303	87.00904	115.85303	11.06759	0.50843	57.20609	17.49951	7.89E-05	2.69198	1.02E-05	1.33E+07	7.59E-08	27.70118	181.43795	6.68E-05	0.00555	2.63E-05	2.40E-05
0.3456	14.70206	26.7835	23.03672	14.99499	20.13462	93.12662	3.06079	1.47719	0.27914	0.79762	0.56607	0.41773	0.0665	0.05882	0.02306	0.02306	0.18391	90.59823	1.90333	1.76186	nan	1.99509	nan	0.19039	0.76187	0.5105	1.76694	0.62331	0.04722	0.40203	0.49177	0.36433	63.85791	618.91776	632.41325	454.62615	640.88449	347.72121	581.91141	nan	540.73945	368.85757	416.14381	309.6337	369.81633	470.29785	505.27819	382.42356	461.49767	655.14467	539.6479	115.4949	85.6101	115.4949	11.33425	0.50069	57.16555	17.48711	7.88E-05	2.69169	1.02E-05	1.32E+07	7.61E-08	27.69608	180.84294	6.66E-05	0.00556	2.63E-05	2.40E-05
0.346	15.52986	26.7559	22.00192	14.12449	21.23932	92.97322	3.19251	1.48463	0.2937	0.80809	0.55797	0.41755	0.06725	0.05895	0.0231	0.0231	0.18485	90.46328	2.01755	1.7483	nan	1.99506	nan	0.19863	0.77759	0.48993	1.83624	0.61437	0.0462	0.40901	0.50976	0.38206	64.55326	618.10679	631.44149	464.16708	642.25168	350.84857	581.66004	nan	540.89424	374.26651	407.45433	307.57822	365.45187	469.77026	507.75346	380.73265	464.28986	655.29853	540.15977	115.13676	84.21116	115.13676	11.60092	0.49294	57.12501	17.47471	7.87E-05	2.6914	1.02E-05	1.32E+07	7.64E-08	27.69098	180.24794	6.64E-05	0.00558	2.62E-05	2.39E-05
0.3464	16.35767	26.7283	20.96712	13.25398	22.34403	92.81982	3.32423	1.49207	0.30826	0.81856	0.54987	0.41737	0.068	0.05908	0.02314	0.02314	0.18579	90.32833	2.13176	1.73474	nan	1.99503	nan	0.20687	0.7933	0.46936	1.90554	0.60543	0.04518	0.41598	0.52776	0.39979	65.2486	617.29583	630.46972	473.70801	643.61887	353.97593	581.40868	nan	541.04902	379.67546	398.76486	305.52275	361.0874	469.24266	510.22873	379.04174	467.08205	655.4524	540.67164	114.77863	82.81222	114.77863	11.86759	0.4852	57.08447	17.46231	7.86E-05	2.69111	1.02E-05	1.31E+07	7.67E-08	27.68588	179.65294	6.62E-05	0.0056	2.62E-05	2.39E-05
0.3468	17.18547	26.7007	19.93231	12.38348	23.44873	92.66642	3.45595	1.49951	0.32282	0.82903	0.54177	0.41719	0.06875	0.05921	0.02318	0.02318	0.18673	90.19338	2.24597	1.72118	nan	1.995	nan	0.21511	0.80901	0.4488	1.97484	0.59649	0.04416	0.42296	0.54576	0.41753	65.94394	616.48487	629.49796	483.24894	644.98605	357.1033	581.15732	nan	541.2038	385.0844	390.07538	303.46727	356.72294	468.71506	512.704	377.35084	469.87424	655.60627	541.18351	114.42049	81.41328	114.42049	12.13426	0.47746	57.04393	17.44991	7.84E-05	2.69082	1.02E-05	1.31E+07	7.70E-08	27.68078	179.05794	6.60E-05	0.00562	2.61E-05	2.39E-05
0.3472	18.01327	26.6731	18.89751	11.51298	24.55344	92.51302	3.58767	1.50695	0.33738	0.8395	0.53367	0.41701	0.0695	0.05934	0.02322	0.02322	0.18767	90.05843	2.36018	1.70762	nan	1.99497	nan	0.22335	0.82473	0.42823	2.04414	0.58755	0.04314	0.42994	0.56375	0.43526	66.63928	615.6739	628.5262	492.78987	646.35324	360.23066	580.90595	nan	541.35858	390.49334	381.38591	301.4118	352.35847	468.18747	515.17927	375.65993	472.66643	655.76013	541.69538	114.06236	80.01434	114.06236	12.40093	0.46971	57.00339	17.43751	7.83E-05	2.69053	1.02E-05	1.30E+07	7.73E-08	27.67568	178.46293	6.58E-05	0.00564	2.61E-05	2.38E-05
0.3476	18.84108	26.6455	17.8627	10.64247	25.65814	92.35962	3.71939	1.51439	0.35194	0.84997	0.52557	0.41683	0.07025	0.05947	0.02326	0.02326	0.18861	89.92348	2.47439	1.69406	nan	1.99494	nan	0.23159	0.84044	0.40766	2.11344	0.57861	0.04212	0.43691	0.58175	0.45299	67.33463	614.86294	627.55443	502.3308	647.72042	363.35802	580.65459	nan	541.51336	395.90228	372.69644	299.35632	347.99401	467.65987	517.65454	373.96902	475.45863	655.914	542.20725	113.70422	78.6154	113.70422	12.66759	0.46197	56.96285	17.42511	7.82E-05	2.69024	1.02E-05	1.30E+07	7.75E-08	27.67058	177.86793	6.56E-05	0.00566	2.61E-05	2.38E-05
0.348	19.66888	26.6179	16.8279	9.77197	26.76284	92.20622	3.85111	1.52183	0.3665	0.86044	0.51747	0.41665	0.071	0.0596	0.0233	0.0233	0.18955	89.78853	2.5886	1.6805	nan	1.99491	nan	0.23983	0.85615	0.3871	2.18274	0.56967	0.0411	0.44389	0.59975	0.47073	68.02997	614.05198	626.58267	511.87174	649.08761	366.48538	580.40323	nan	541.66814	401.31122	364.00696	297.30085	343.62954	467.13227	520.12981	372.27812	478.25082	656.06787	542.71911	113.34609	77.21647	113.34609	12.93426	0.45422	56.92231	17.41271	7.80E-05	2.68995	1.02E-05	1.29E+07	7.78E-08	27.66548	177.27293	6.54E-05	0.00568	2.60E-05	2.37E-05
0.3484	20.49668	26.5903	15.79309	8.90147	27.86755	92.05282	3.98283	1.52927	0.38106	0.87091	0.50937	0.41647	0.07175	0.05973	0.02334	0.02334	0.19049	89.65358	2.70281	1.66694	nan	1.99488	nan	0.24807	0.87187	0.36653	2.25204	0.56073	0.04008	0.45087	0.61774	0.48846	68.72531	613.24101	625.6109	521.41267	650.45479	369.61275	580.15186	nan	541.82292	406.72016	355.31749	295.24537	339.26508	466.60467	522.60508	370.58721	481.04301	656.22174	543.23098	112.98795	75.81753	112.98795	13.20093	0.44648	56.88177	17.40031	7.79E-05	2.68966	1.02E-05	1.29E+07	7.81E-08	27.66038	176.67793	6.53E-05	0.00569	2.60E-05	2.37E-05
0.3488	21.32449	26.5627	14.75829	8.03096	28.97225	91.89941	4.11455	1.53671	0.39562	0.88138	0.50127	0.41629	0.0725	0.05986	0.02338	0.02338	0.19143	89.51863	2.81702	1.65338	nan	1.99485	nan	0.25631	0.88758	0.34596	2.32134	0.55179	0.03906	0.45784	0.63574	0.5062	69.42066	612.43005	624.63914	530.9536	651.82198	372.74011	579.9005	nan	541.9777	412.12911	346.62801	293.1899	334.90062	466.07708	525.08035	368.8963	483.8352	656.3756	543.74285	112.62982	74.41859	112.62982	13.4676	0.43874	56.84123	17.38791	7.78E-05	2.68937	1.02E-05	1.28E+07	7.84E-08	27.65528	176.08292	6.51E-05	0.00571	2.59E-05	2.37E-05
0.3492	22.15229	26.5351	13.72349	7.16046	30.07696	91.74601	4.24627	1.54415	0.41018	0.89185	0.49317	0.41611	0.07325	0.05999	0.02342	0.02342	0.19237	89.38368	2.93123	1.63982	nan	1.99482	nan	0.26455	0.90329	0.32539	2.39064	0.54285	0.03804	0.46482	0.65374	0.52393	70.116	611.61909	623.66738	540.49453	653.18916	375.86747	579.64913	nan	542.13248	417.53805	337.93854	291.13442	330.53615	465.54948	527.55562	367.2054	486.62739	656.52947	544.25472	112.27168	73.01965	112.27168	13.73426	0.43099	56.80069	17.37551	7.77E-05	2.68908	1.02E-05	1.28E+07	7.87E-08	27.65018	175.48792	6.49E-05	0.00573	2.59E-05	2.36E-05
0.3496	22.98009	26.5075	12.68868	6.28996	31.18166	91.59261	4.37799	1.55159	0.42474	0.90232	0.48507	0.41593	0.074	0.06012	0.02346	0.02346	0.19331	89.24873	3.04544	1.62626	nan	1.99479	nan	0.27279	0.91901	0.30483	2.45994	0.53391	0.03702	0.4718	0.67173	0.54166	70.81134	610.80812	622.69561	550.03546	654.55635	378.99483	579.39777	nan	542.28726	422.94699	329.24906	289.07895	326.17169	465.02188	530.03089	365.51449	489.41958	656.68334	544.76659	111.91355	71.62071	111.91355	14.00093	0.42325	56.76015	17.36311	7.75E-05	2.68879	1.02E-05	1.27E+07	7.89E-08	27.64508	174.89292	6.47E-05	0.00575	2.58E-05	2.36E-05
0.35	23.80587	26.4792	11.65712	5.42406	32.28126	91.43995	4.50911	1.55895	0.43923	0.91273	0.47702	0.41575	0.07475	0.06025	0.0235	0.0235	0.19425	89.11438	3.15917	1.61281	nan	1.99476	nan	0.28101	0.93464	0.28435	2.52867	0.52494	0.036	0.47875	0.68964	0.5593	71.50461	610.00162	621.72848	559.53396	655.91884	382.11234	579.14641	nan	542.44147	428.34103	320.60916	287.02662	321.82558	464.49428	532.4949	363.82338	492.19922	656.83707	545.2765	111.55723	70.22805	111.55723	14.26653	0.41554	56.7199	17.35079	7.74E-05	2.6885	1.02E-05	1.27E+07	7.92E-08	27.64001	174.30067	6.45E-05	0.00577	2.58E-05	2.35E-05
0.3504	24.05373	26.24925	11.54739	5.87071	31.92613	91.49671	4.46868	1.54571	0.43464	0.90833	0.48218	0.41632	0.07463	0.05994	0.02364	0.02364	0.19315	89.15009	3.13631	1.62991	nan	1.99473	nan	0.28274	0.92634	0.28815	2.43493	0.5092	0.03487	0.47736	0.6817	0.54995	71.60749	610.46587	622.08045	556.95011	655.94388	382.42234	578.89504	nan	542.43233	429.49172	326.08394	285.86952	322.70475	463.96669	531.75112	362.0754	491.40568	656.95176	545.22911	111.71961	70.62395	111.71961	14.2273	0.41837	56.7618	17.36362	7.74E-05	2.68846	1.02E-05	1.27E+07	7.91E-08	27.64161	174.49267	6.46E-05	0.00576	2.58E-05	2.36E-05
0.3508	24.30158	26.01931	11.43766	6.31735	31.571	91.55348	4.42825	1.53246	0.43004	0.90393	0.48734	0.41689	0.07451	0.05962	0.02378	0.02378	0.19205	89.18581	3.11344	1.647	nan	1.9947	nan	0.28448	0.91804	0.29195	2.34119	0.49346	0.03374	0.47597	0.67376	0.54059	71.71037	610.93011	622.43242	554.36627	655.96891	382.73235	578.64368	nan	542.42319	430.64241	331.55873	284.71241	323.58393	463.43909	531.00734	360.32741	490.61214	657.06646	545.18173	111.88198	71.01984	111.88198	14.18808	0.4212	56.80371	17.37644	7.75E-05	2.68843	1.02E-05	1.27E+07	7.90E-08	27.64321	174.68467	6.46E-05	0.00575	2.58E-05	2.36E-05
0.3512	24.54944	25.78936	11.32793	6.764	31.21587	91.61024	4.38783	1.51922	0.42544	0.89953	0.4925	0.41746	0.07439	0.05931	0.02392	0.02392	0.19096	89.22152	3.09058	1.6641	nan	1.99467	nan	0.28621	0.90975	0.29575	2.24745	0.47771	0.03261	0.47458	0.66582	0.53124	71.81326	611.39435	622.78439	551.78243	655.99395	383.04236	578.39232	nan	542.41405	431.7931	337.03351	283.55531	324.46311	462.91149	530.26356	358.57942	489.81859	657.18115	545.13434	112.04436	71.41574	112.04436	14.14885	0.42403	56.84562	17.38926	7.75E-05	2.68839	1.02E-05	1.27E+07	7.89E-08	27.64481	174.87667	6.47E-05	0.00575	2.58E-05	2.36E-05
0.3516	24.7973	25.55942	11.2182	7.21064	30.86074	91.66701	4.3474	1.50597	0.42084	0.89513	0.49766	0.41803	0.07426	0.059	0.02406	0.02406	0.18986	89.25724	3.06772	1.68119	nan	1.99464	nan	0.28795	0.90145	0.29956	2.15371	0.46197	0.03148	0.47319	0.65788	0.52189	71.91614	611.85859	623.13636	549.19858	656.01899	383.35237	578.14095	nan	542.40491	432.94379	342.50829	282.39821	325.34229	462.38389	529.51979	356.83143	489.02505	657.29584	545.08695	112.20673	71.81163	112.20673	14.10962	0.42686	56.88753	17.40208	7.76E-05	2.68835	1.02E-05	1.28E+07	7.88E-08	27.64641	175.06868	6.47E-05	0.00574	2.59E-05	2.36E-05
0.352	25.04516	25.32948	11.10847	7.65729	30.50561	91.72377	4.30697	1.49272	0.41624	0.89073	0.50282	0.4186	0.07414	0.05868	0.0242	0.0242	0.18877	89.29295	3.04485	1.69829	nan	1.99461	nan	0.28969	0.89315	0.30336	2.05997	0.44622	0.03035	0.4718	0.64994	0.51253	72.01902	612.32283	623.48832	546.61474	656.04403	383.66238	577.88959	nan	542.39577	434.09448	347.98307	281.24111	326.22147	461.8563	528.77601	355.08345	488.23151	657.41054	545.03957	112.3691	72.20753	112.3691	14.0704	0.42969	56.92943	17.4149	7.76E-05	2.68831	1.02E-05	1.28E+07	7.87E-08	27.64801	175.26068	6.48E-05	0.00573	2.59E-05	2.36E-05
0.3524	25.29302	25.09953	10.99874	8.10393	30.15048	91.78054	4.26654	1.47948	0.41164	0.88633	0.50798	0.41917	0.07402	0.05837	0.02434	0.02434	0.18767	89.32867	3.02199	1.71538	nan	1.99458	nan	0.29142	0.88486	0.30716	1.96623	0.43048	0.02922	0.47041	0.642	0.50318	72.1219	612.78708	623.84029	544.03089	656.06907	383.97239	577.63822	nan	542.38663	435.24518	353.45785	280.08401	327.10064	461.3287	528.03223	353.33546	487.43796	657.52523	544.99218	112.53148	72.60342	112.53148	14.03117	0.43251	56.97134	17.42772	7.77E-05	2.68828	1.02E-05	1.28E+07	7.87E-08	27.64961	175.45268	6.49E-05	0.00573	2.59E-05	2.36E-05
0.3528	25.54087	24.86959	10.88901	8.55058	29.79535	91.8373	4.22612	1.46623	0.40704	0.88192	0.51314	0.41974	0.0739	0.05806	0.02448	0.02448	0.18658	89.36439	2.99913	1.73248	nan	1.99455	nan	0.29316	0.87656	0.31097	1.87249	0.41474	0.02809	0.46902	0.63406	0.49383	72.22478	613.25132	624.19226	541.44705	656.09411	384.28239	577.38686	nan	542.37749	436.39587	358.93264	278.92691	327.97982	460.8011	527.28846	351.58747	486.64442	657.63992	544.94479	112.69385	72.99932	112.69385	13.99194	0.43534	57.01325	17.44055	7.77E-05	2.68824	1.02E-05	1.28E+07	7.86E-08	27.65121	175.64468	6.49E-05	0.00572	2.59E-05	2.36E-05
0.3532	25.78873	24.63964	10.77928	8.99722	29.44022	91.89406	4.18569	1.45299	0.40245	0.87752	0.5183	0.42031	0.07378	0.05775	0.02462	0.02462	0.18548	89.4001	2.97626	1.74958	nan	1.99452	nan	0.29489	0.86826	0.31477	1.77875	0.39899	0.02696	0.46763	0.62612	0.48447	72.32766	613.71556	624.54423	538.86321	656.11915	384.5924	577.1355	nan	542.36835	437.54656	364.40742	277.76981	328.859	460.2735	526.54468	349.83949	485.85088	657.75462	544.89741	112.85623	73.39521	112.85623	13.95271	0.43817	57.05516	17.45337	7.77E-05	2.6882	1.02E-05	1.28E+07	7.85E-08	27.65281	175.83668	6.50E-05	0.00571	2.59E-05	2.36E-05
0.3536	26.03659	24.4097	10.66955	9.44387	29.08509	91.95083	4.14526	1.43974	0.39785	0.87312	0.52346	0.42088	0.07366	0.05743	0.02476	0.02476	0.18438	89.43582	2.9534	1.76667	nan	1.99449	nan	0.29663	0.85997	0.31857	1.68501	0.38325	0.02583	0.46624	0.61818	0.47512	72.43055	614.1798	624.8962	536.27936	656.14419	384.90241	576.88413	nan	542.35921	438.69725	369.8822	276.61271	329.73818	459.74591	525.8009	348.0915	485.05733	657.86931	544.85002	113.0186	73.79111	113.0186	13.91349	0.441	57.09706	17.46619	7.78E-05	2.68817	1.02E-05	1.28E+07	7.84E-08	27.65441	176.02868	6.51E-05	0.00571	2.59E-05	2.37E-05
0.354	26.28445	24.17976	10.55983	9.89051	28.72996	92.00759	4.10484	1.4265	0.39325	0.86872	0.52862	0.42145	0.07354	0.05712	0.0249	0.0249	0.18329	89.47153	2.93054	1.78377	nan	1.99446	nan	0.29837	0.85167	0.32237	1.59127	0.3675	0.0247	0.46485	0.61024	0.46577	72.53343	614.64404	625.24817	533.69552	656.16922	385.21242	576.63277	nan	542.35007	439.84794	375.35698	275.4556	330.61736	459.21831	525.05712	346.34351	484.26379	657.98401	544.80263	113.18097	74.187	113.18097	13.87426	0.44383	57.13897	17.47901	7.78E-05	2.68813	1.02E-05	1.28E+07	7.83E-08	27.65601	176.22068	6.51E-05	0.0057	2.59E-05	2.37E-05
0.3544	26.53231	23.94981	10.4501	10.33715	28.37483	92.06436	4.06441	1.41325	0.38865	0.86432	0.53378	0.42202	0.07341	0.05681	0.02504	0.02504	0.18219	89.50725	2.90767	1.80086	nan	1.99443	nan	0.3001	0.84337	0.32618	1.49753	0.35176	0.02357	0.46346	0.6023	0.45641	72.63631	615.10829	625.60014	531.11168	656.19426	385.52243	576.38141	nan	542.34093	440.99863	380.83176	274.2985	331.49653	458.69071	524.31335	344.59553	483.47025	658.0987	544.75525	113.34335	74.5829	113.34335	13.83503	0.44666	57.18088	17.49183	7.79E-05	2.68809	1.02E-05	1.29E+07	7.82E-08	27.65761	176.41268	6.52E-05	0.00569	2.60E-05	2.37E-05
0.3548	26.78017	23.71987	10.34037	10.7838	28.0197	92.12112	4.02398	1.4	0.38405	0.85992	0.53894	0.42259	0.07329	0.05649	0.02518	0.02518	0.1811	89.54297	2.88481	1.81796	nan	1.9944	nan	0.30184	0.83508	0.32998	1.40379	0.33602	0.02244	0.46207	0.59436	0.44706	72.73919	615.57253	625.9521	528.52783	656.2193	385.83244	576.13004	nan	542.33179	442.14932	386.30654	273.1414	332.37571	458.16311	523.56957	342.84754	482.6767	658.21339	544.70786	113.50572	74.97879	113.50572	13.79581	0.44949	57.22278	17.50465	7.79E-05	2.68805	1.02E-05	1.29E+07	7.81E-08	27.65921	176.60468	6.52E-05	0.00569	2.60E-05	2.37E-05
0.3552	27.02802	23.48993	10.23064	11.23044	27.66457	92.17789	3.98355	1.38676	0.37945	0.85552	0.5441	0.42316	0.07317	0.05618	0.02532	0.02532	0.18	89.57868	2.86195	1.83506	nan	1.99437	nan	0.30357	0.82678	0.33378	1.31005	0.32027	0.02131	0.46068	0.58642	0.43771	72.84207	616.03677	626.30407	525.94399	656.24434	386.14244	575.87868	nan	542.32265	443.30001	391.78133	271.9843	333.25489	457.63552	522.82579	341.09955	481.88316	658.32809	544.66047	113.6681	75.37469	113.6681	13.75658	0.45231	57.26469	17.51747	7.80E-05	2.68802	1.02E-05	1.29E+07	7.80E-08	27.66081	176.79668	6.53E-05	0.00568	2.60E-05	2.37E-05
0.3556	27.27588	23.25998	10.12091	11.67709	27.30944	92.23465	3.94313	1.37351	0.37485	0.85111	0.54926	0.42373	0.07305	0.05587	0.02546	0.02546	0.17891	89.6144	2.83908	1.85215	nan	1.99434	nan	0.30531	0.81848	0.33758	1.21631	0.30453	0.02018	0.45929	0.57848	0.42835	72.94496	616.50101	626.65604	523.36015	656.26938	386.45245	575.62731	nan	542.31351	444.45071	397.25611	270.8272	334.13407	457.10792	522.08202	339.35156	481.08962	658.44278	544.61308	113.83047	75.77058	113.83047	13.71735	0.45514	57.3066	17.5303	7.80E-05	2.68798	1.02E-05	1.29E+07	7.79E-08	27.66241	176.98868	6.54E-05	0.00567	2.60E-05	2.37E-05
0.356	27.52374	23.03004	10.01118	12.12373	26.95431	92.29142	3.9027	1.36027	0.37026	0.84671	0.55442	0.4243	0.07293	0.05556	0.0256	0.0256	0.17781	89.65011	2.81622	1.86925	nan	1.99431	nan	0.30705	0.81019	0.34139	1.12257	0.28878	0.01905	0.4579	0.57054	0.419	73.04784	616.96525	627.00801	520.7763	656.29442	386.76246	575.37595	nan	542.30437	445.6014	402.73089	269.6701	335.01324	456.58032	521.33824	337.60358	480.29607	658.55747	544.5657	113.99284	76.16648	113.99284	13.67813	0.45797	57.34851	17.54312	7.80E-05	2.68794	1.02E-05	1.29E+07	7.78E-08	27.66401	177.18068	6.54E-05	0.00567	2.60E-05	2.37E-05
0.3564	27.7716	22.80009	9.90145	12.57038	26.59918	92.34818	3.86227	1.34702	0.36566	0.84231	0.55958	0.42487	0.07281	0.05524	0.02574	0.02574	0.17671	89.68583	2.79336	1.88634	nan	1.99428	nan	0.30878	0.80189	0.34519	1.02883	0.27304	0.01792	0.45651	0.5626	0.40965	73.15072	617.42949	627.35998	518.19246	656.31946	387.07247	575.12459	nan	542.29523	446.75209	408.20567	268.513	335.89242	456.05273	520.59446	335.85559	479.50253	658.67217	544.51831	114.15522	76.56237	114.15522	13.6389	0.4608	57.39041	17.55594	7.81E-05	2.68791	1.02E-05	1.29E+07	7.77E-08	27.66561	177.37268	6.55E-05	0.00566	2.60E-05	2.37E-05
0.3568	28.01946	22.57015	9.79172	13.01702	26.24405	92.40495	3.82184	1.33378	0.36106	0.83791	0.56474	0.42544	0.07269	0.05493	0.02588	0.02588	0.17562	89.72154	2.77049	1.90344	nan	1.99425	nan	0.31052	0.79359	0.34899	0.93509	0.2573	0.01679	0.45512	0.55466	0.40029	73.2536	617.89374	627.71195	515.60861	656.3445	387.38248	574.87322	nan	542.28609	447.90278	413.68045	267.35589	336.7716	455.52513	519.85068	334.1076	478.70899	658.78686	544.47092	114.31759	76.95827	114.31759	13.59967	0.46363	57.43232	17.56876	7.81E-05	2.68787	1.02E-05	1.29E+07	7.76E-08	27.66721	177.56469	6.56E-05	0.00565	2.60E-05	2.38E-05
0.3572	28.26731	22.34021	9.68199	13.46367	25.88892	92.46171	3.78142	1.32053	0.35646	0.83351	0.5699	0.42601	0.07256	0.05462	0.02602	0.02602	0.17452	89.75726	2.74763	1.92053	nan	1.99422	nan	0.31225	0.7853	0.35279	0.84135	0.24155	0.01566	0.45373	0.54672	0.39094	73.35648	618.35798	628.06392	513.02477	656.36953	387.69249	574.62186	nan	542.27695	449.05347	419.15524	266.19879	337.65078	454.99753	519.10691	332.35962	477.91545	658.90156	544.42354	114.47997	77.35416	114.47997	13.56045	0.46646	57.47423	17.58158	7.82E-05	2.68783	1.02E-05	1.29E+07	7.75E-08	27.66881	177.75669	6.56E-05	0.00565	2.61E-05	2.38E-05
0.3576	28.51517	22.11026	9.57226	13.91031	25.53379	92.51847	3.74099	1.30728	0.35186	0.82911	0.57506	0.42658	0.07244	0.0543	0.02616	0.02616	0.17343	89.79298	2.72476	1.93763	nan	1.99419	nan	0.31399	0.777	0.3566	0.7476	0.22581	0.01453	0.45234	0.53878	0.38159	73.45937	618.82222	628.41588	510.44093	656.39457	388.00249	574.3705	nan	542.26781	450.20416	424.63002	265.04169	338.52996	454.46993	518.36313	330.61163	477.1219	659.01625	544.37615	114.64234	77.75006	114.64234	13.52122	0.46929	57.51614	17.5944	7.82E-05	2.68779	1.02E-05	1.30E+07	7.74E-08	27.67041	177.94869	6.57E-05	0.00564	2.61E-05	2.38E-05
0.358	28.76303	21.88032	9.46254	14.35696	25.17866	92.57524	3.70056	1.29404	0.34726	0.82471	0.58022	0.42715	0.07232	0.05399	0.0263	0.0263	0.17233	89.82869	2.7019	1.95473	nan	1.99416	nan	0.31573	0.7687	0.3604	0.65386	0.21006	0.0134	0.45095	0.53084	0.37223	73.56225	619.28646	628.76785	507.85708	656.41961	388.3125	574.11913	nan	542.25867	451.35485	430.1048	263.88459	339.40913	453.94234	517.61935	328.86364	476.32836	659.13094	544.32876	114.80471	78.14595	114.80471	13.48199	0.47212	57.55804	17.60722	7.82E-05	2.68776	1.02E-05	1.30E+07	7.74E-08	27.67201	178.14069	6.57E-05	0.00563	2.61E-05	2.38E-05
0.3584	29.01089	21.65038	9.35281	14.8036	24.82353	92.632	3.66014	1.28079	0.34266	0.8203	0.58538	0.42772	0.0722	0.05368	0.02644	0.02644	0.17124	89.86441	2.67904	1.97182	nan	1.99413	nan	0.31746	0.76041	0.3642	0.56012	0.19432	0.01227	0.44956	0.5229	0.36288	73.66513	619.7507	629.11982	505.27324	656.44465	388.62251	573.86777	nan	542.24953	452.50554	435.57958	262.72749	340.28831	453.41474	516.87557	327.11566	475.53482	659.24564	544.28138	114.96709	78.54185	114.96709	13.44277	0.47494	57.59995	17.62005	7.83E-05	2.68772	1.02E-05	1.30E+07	7.73E-08	27.67361	178.33269	6.58E-05	0.00563	2.61E-05	2.38E-05
0.3588	29.25875	21.42043	9.24308	15.25025	24.4684	92.68877	3.61971	1.26755	0.33806	0.8159	0.59054	0.42829	0.07208	0.05337	0.02658	0.02658	0.17014	89.90012	2.65617	1.98892	nan	1.9941	nan	0.3192	0.75211	0.36801	0.46638	0.17858	0.01114	0.44817	0.51496	0.35353	73.76801	620.21495	629.47179	502.6894	656.46969	388.93252	573.6164	nan	542.24039	453.65624	441.05436	261.57039	341.16749	452.88714	516.1318	325.36767	474.74127	659.36033	544.23399	115.12946	78.93774	115.12946	13.40354	0.47777	57.64186	17.63287	7.83E-05	2.68768	1.02E-05	1.30E+07	7.72E-08	27.67521	178.52469	6.59E-05	0.00562	2.61E-05	2.38E-05
0.3592	29.5066	21.19049	9.13335	15.69689	24.11327	92.74553	3.57928	1.2543	0.33347	0.8115	0.5957	0.42886	0.07196	0.05305	0.02672	0.02672	0.16904	89.93584	2.63331	2.00601	nan	1.99407	nan	0.32093	0.74381	0.37181	0.37264	0.16283	0.01001	0.44678	0.50702	0.34417	73.87089	620.67919	629.82376	500.10555	656.49473	389.24253	573.36504	nan	542.23125	454.80693	446.52915	260.41329	342.04667	452.35954	515.38802	323.61968	473.94773	659.47503	544.1866	115.29184	79.33364	115.29184	13.36431	0.4806	57.68376	17.64569	7.84E-05	2.68765	1.02E-05	1.30E+07	7.71E-08	27.67681	178.71669	6.59E-05	0.00561	2.61E-05	2.38E-05
0.3596	29.75446	20.96054	9.02362	16.14353	23.75814	92.8023	3.53885	1.24106	0.32887	0.8071	0.60086	0.42943	0.07184	0.05274	0.02686	0.02686	0.16795	89.97156	2.61045	2.02311	nan	1.99404	nan	0.32267	0.73552	0.37561	0.2789	0.14709	0.00888	0.44539	0.49908	0.33482	73.97377	621.14343	630.17573	497.52171	656.51977	389.55254	573.11368	nan	542.22211	455.95762	452.00393	259.25619	342.92584	451.83195	514.64424	321.87169	473.15419	659.58972	544.13922	115.45421	79.72953	115.45421	13.32509	0.48343	57.72567	17.65851	7.84E-05	2.68761	1.02E-05	1.30E+07	7.70E-08	27.67841	178.90869	6.60E-05	0.00561	2.61E-05	2.39E-05
0.36	29.99883	20.73878	8.91309	16.58761	23.40169	92.85881	3.49826	1.22817	0.32425	0.80273	0.60602	0.43	0.07171	0.05244	0.027	0.027	0.16688	90.00663	2.58729	2.04028	nan	1.99401	nan	0.32439	0.72722	0.37943	0.18557	0.13151	0.00776	0.44395	0.4911	0.3255	74.07198	621.60146	630.52774	494.94415	656.54469	389.86232	572.86231	nan	542.21303	457.05309	457.47142	258.1347	343.82666	451.30435	513.90559	320.14276	472.3642	659.70383	544.09182	115.616	80.12509	115.616	13.28564	0.48623	57.76742	17.67128	7.85E-05	2.68758	1.02E-05	1.30E+07	7.69E-08	27.68001	179.09909	6.60E-05	0.0056	2.62E-05	2.39E-05
0.3604	29.27797	22.78033	8.58072	16.32027	22.68011	92.84469	3.41176	1.31576	0.3152	0.80644	0.61176	0.43056	0.07173	0.05438	0.027	0.027	0.17409	89.86519	2.48379	2.07739	nan	1.99398	nan	0.32133	0.71984	0.38842	0.20493	0.1624	0.01079	0.43031	0.47251	0.32489	72.87645	620.33977	630.8916	494.10666	656.53734	390.11073	572.61095	nan	542.22254	442.86555	460.92033	266.87127	350.71768	450.77675	514.58422	323.68852	472.55879	659.65601	544.04278	115.61715	80.42841	115.61715	13.18652	0.48089	57.76428	17.67033	7.85E-05	2.68976	1.02E-05	1.30E+07	7.69E-08	27.68301	178.84508	6.59E-05	0.00561	2.62E-05	2.39E-05
0.3608	28.55711	24.82188	8.24834	16.05292	21.95854	92.83058	3.32525	1.40334	0.30615	0.81015	0.6175	0.43112	0.07174	0.05632	0.027	0.027	0.18129	89.72374	2.38028	2.11451	nan	1.99395	nan	0.31826	0.71245	0.3974	0.22429	0.19328	0.01382	0.41667	0.45393	0.32429	71.68091	619.07809	631.25547	493.26917	656.52999	390.35913	572.35959	nan	542.23205	428.678	464.36924	275.60783	357.60869	450.24915	515.26286	327.23427	472.75337	659.6082	543.99374	115.6183	80.73173	115.6183	13.0874	0.47555	57.76114	17.66938	7.85E-05	2.69193	1.02E-05	1.30E+07	7.69E-08	27.68601	178.59108	6.58E-05	0.00562	2.62E-05	2.39E-05
0.3612	27.83625	26.86343	7.91597	15.78558	21.23697	92.81646	3.23875	1.49093	0.2971	0.81386	0.62324	0.43168	0.07175	0.05826	0.027	0.027	0.1885	89.58229	2.27677	2.15162	nan	1.99392	nan	0.3152	0.70507	0.40638	0.24365	0.22416	0.01685	0.40303	0.43534	0.32368	70.48537	617.8164	631.61933	492.43168	656.52264	390.60753	572.10822	nan	542.24156	414.49046	467.81816	284.3444	364.4997	449.72156	515.9415	330.78003	472.94796	659.56039	543.9447	115.61944	81.03506	115.61944	12.98828	0.4702	57.75801	17.66843	7.86E-05	2.69411	1.02E-05	1.30E+07	7.70E-08	27.68901	178.33708	6.57E-05	0.00562	2.62E-05	2.39E-05
0.3616	27.11539	28.90498	7.5836	15.51823	20.51539	92.80235	3.15225	1.57852	0.28805	0.81757	0.62898	0.43224	0.07176	0.06021	0.027	0.027	0.19571	89.44085	2.17327	2.18873	nan	1.99389	nan	0.31214	0.69768	0.41537	0.26301	0.25505	0.01988	0.38939	0.41675	0.32308	69.28984	616.55472	631.9832	491.59419	656.51529	390.85594	571.85686	nan	542.25107	400.30292	471.26707	293.08096	371.39072	449.19396	516.62013	334.32578	473.14254	659.51257	543.89566	115.62059	81.33838	115.62059	12.88916	0.46486	57.75487	17.66748	7.86E-05	2.69629	1.02E-05	1.30E+07	7.70E-08	27.69201	178.08308	6.56E-05	0.00563	2.62E-05	2.39E-05
0.362	26.39453	30.94653	7.25123	15.25089	19.79382	92.78823	3.06574	1.6661	0.279	0.82128	0.63472	0.4328	0.07177	0.06215	0.027	0.027	0.20291	89.2994	2.06976	2.22585	nan	1.99386	nan	0.30907	0.6903	0.42435	0.28237	0.28593	0.02291	0.37575	0.39817	0.32247	68.0943	615.29303	632.34706	490.7567	656.50794	391.10434	571.6055	nan	542.26058	386.11537	474.71599	301.81753	378.28173	448.66636	517.29877	337.87154	473.33713	659.46476	543.84662	115.62174	81.6417	115.62174	12.79004	0.45952	57.75173	17.66653	7.86E-05	2.69847	1.02E-05	1.30E+07	7.70E-08	27.69501	177.82908	6.55E-05	0.00564	2.62E-05	2.39E-05
0.3624	25.67367	32.98808	6.91885	14.98355	19.07224	92.77412	2.97924	1.75369	0.26994	0.825	0.64046	0.43336	0.07178	0.06409	0.027	0.027	0.21012	89.15796	1.96625	2.26296	nan	1.99383	nan	0.30601	0.68291	0.43334	0.30173	0.31682	0.02594	0.36211	0.37958	0.32187	66.89876	614.03135	632.71092	489.91921	656.5006	391.35275	571.35413	nan	542.27009	371.92783	478.1649	310.55409	385.17274	448.13876	517.97741	341.41729	473.53172	659.41695	543.79758	115.62288	81.94502	115.62288	12.69092	0.45418	57.74859	17.66557	7.87E-05	2.70064	1.02E-05	1.30E+07	7.71E-08	27.69801	177.57508	6.53E-05	0.00565	2.62E-05	2.39E-05
0.3628	24.95281	35.02964	6.58648	14.7162	18.35067	92.76001	2.89274	1.84127	0.26089	0.82871	0.6462	0.43392	0.07179	0.06604	0.027	0.027	0.21732	89.01651	1.86274	2.30008	nan	1.9938	nan	0.30295	0.67553	0.44232	0.32109	0.3477	0.02897	0.34847	0.36099	0.32126	65.70323	612.76966	633.07479	489.08172	656.49325	391.60115	571.10277	nan	542.2796	357.74029	481.61381	319.29066	392.06376	447.61117	518.65604	344.96304	473.7263	659.36913	543.74854	115.62403	82.24834	115.62403	12.5918	0.44884	57.74546	17.66462	7.87E-05	2.70282	1.02E-05	1.30E+07	7.71E-08	27.70101	177.32108	6.52E-05	0.00565	2.62E-05	2.39E-05
0.3632	24.23195	37.07119	6.25411	14.44886	17.62909	92.74589	2.80623	1.92886	0.25184	0.83242	0.65194	0.43448	0.07181	0.06798	0.027	0.027	0.22453	88.87506	1.75924	2.33719	nan	1.99377	nan	0.29988	0.66814	0.4513	0.34045	0.37858	0.032	0.33483	0.34241	0.32066	64.50769	611.50798	633.43865	488.24423	656.4859	391.84955	570.8514	nan	542.28911	343.55274	485.06273	328.02722	398.95477	447.08357	519.33468	348.5088	473.92089	659.32132	543.6995	115.62518	82.55166	115.62518	12.49268	0.4435	57.74232	17.66367	7.87E-05	2.705	1.02E-05	1.30E+07	7.71E-08	27.70401	177.06708	6.51E-05	0.00566	2.62E-05	2.40E-05
0.3636	23.51109	39.11274	5.92173	14.18151	16.90752	92.73178	2.71973	2.01645	0.24279	0.83613	0.65768	0.43504	0.07182	0.06992	0.027	0.027	0.23173	88.73362	1.65573	2.37431	nan	1.99374	nan	0.29682	0.66076	0.46029	0.35981	0.40947	0.03503	0.32119	0.32382	0.32005	63.31216	610.24629	633.80252	487.40674	656.47855	392.09796	570.60004	nan	542.29862	329.3652	488.51164	336.76379	405.84578	446.55597	520.01332	352.05455	474.11547	659.27351	543.65046	115.62632	82.85498	115.62632	12.39356	0.43815	57.73918	17.66272	7.87E-05	2.70717	1.02E-05	1.30E+07	7.71E-08	27.70701	176.81308	6.50E-05	0.00567	2.63E-05	2.40E-05
0.364	22.79023	41.15429	5.58936	13.91417	16.18594	92.71766	2.63323	2.10403	0.23374	0.83984	0.66342	0.4356	0.07183	0.07186	0.027	0.027	0.23894	88.59217	1.55222	2.41142	nan	1.99371	nan	0.29376	0.65337	0.46927	0.37917	0.44035	0.03806	0.30755	0.30523	0.31945	62.11662	608.98461	634.16638	486.56925	656.4712	392.34636	570.34868	nan	542.30813	315.17766	491.96055	345.50035	412.7368	446.02837	520.69196	355.60031	474.31006	659.22569	543.60142	115.62747	83.1583	115.62747	12.29444	0.43281	57.73605	17.66177	7.88E-05	2.70935	1.02E-05	1.30E+07	7.72E-08	27.71001	176.55908	6.49E-05	0.00568	2.63E-05	2.40E-05
0.3644	22.06937	43.19584	5.25699	13.64683	15.46437	92.70355	2.54672	2.19162	0.22469	0.84355	0.66916	0.43616	0.07184	0.07381	0.027	0.027	0.24615	88.45072	1.44872	2.44854	nan	1.99368	nan	0.2907	0.64599	0.47826	0.39853	0.47124	0.04109	0.29391	0.28665	0.31884	60.92108	607.72292	634.53025	485.73176	656.46385	392.59477	570.09731	nan	542.31764	300.99011	495.40947	354.23692	419.62781	445.50078	521.37059	359.14606	474.50464	659.17788	543.55238	115.62862	83.46163	115.62862	12.19532	0.42747	57.73291	17.66082	7.88E-05	2.71153	1.02E-05	1.30E+07	7.72E-08	27.71301	176.30507	6.47E-05	0.00568	2.63E-05	2.40E-05
0.3648	21.34851	45.23739	4.92462	13.37948	14.7428	92.68943	2.46022	2.27921	0.21564	0.84726	0.6749	0.43672	0.07185	0.07575	0.027	0.027	0.25335	88.30928	1.34521	2.48565	nan	1.99365	nan	0.28763	0.6386	0.48724	0.41789	0.50212	0.04412	0.28027	0.26806	0.31824	59.72555	606.46124	634.89411	484.89427	656.4565	392.84317	569.84595	nan	542.32715	286.80257	498.85838	362.97348	426.51882	444.97318	522.04923	362.69181	474.69923	659.13007	543.50334	115.62976	83.76495	115.62976	12.0962	0.42213	57.72977	17.65987	7.88E-05	2.71371	1.02E-05	1.30E+07	7.72E-08	27.71601	176.05107	6.46E-05	0.00569	2.63E-05	2.40E-05
0.3652	20.62765	47.27894	4.59224	13.11214	14.02122	92.67532	2.37372	2.36679	0.20658	0.85098	0.68064	0.43728	0.07186	0.07769	0.027	0.027	0.26056	88.16783	1.2417	2.52276	nan	1.99362	nan	0.28457	0.63122	0.49622	0.43725	0.533	0.04715	0.26663	0.24947	0.31763	58.53001	605.19955	635.25797	484.05678	656.44916	393.09157	569.59459	nan	542.33666	272.61503	502.3073	371.71005	433.40984	444.44558	522.72787	366.23757	474.89382	659.08225	543.4543	115.63091	84.06827	115.63091	11.99708	0.41679	57.72663	17.65891	7.89E-05	2.71588	1.02E-05	1.30E+07	7.72E-08	27.71901	175.79707	6.45E-05	0.0057	2.63E-05	2.40E-05
0.3656	19.90679	49.32049	4.25987	12.84479	13.29965	92.66121	2.28722	2.45438	0.19753	0.85469	0.68638	0.43784	0.07187	0.07964	0.027	0.027	0.26776	88.02639	1.13819	2.55988	nan	1.99359	nan	0.28151	0.62383	0.50521	0.45661	0.56389	0.05018	0.25299	0.23089	0.31703	57.33447	603.93787	635.62184	483.21929	656.44181	393.33998	569.34322	nan	542.34617	258.42748	505.75621	380.44661	440.30085	443.91799	523.4065	369.78332	475.0884	659.03444	543.40526	115.63206	84.37159	115.63206	11.89796	0.41144	57.7235	17.65796	7.89E-05	2.71806	1.02E-05	1.30E+07	7.73E-08	27.72201	175.54307	6.44E-05	0.00571	2.63E-05	2.40E-05
0.366	19.18593	51.36204	3.9275	12.57745	12.57807	92.64709	2.20071	2.54196	0.18848	0.8584	0.69212	0.4384	0.07189	0.08158	0.027	0.027	0.27497	87.88494	1.03469	2.59699	nan	1.99356	nan	0.27844	0.61645	0.51419	0.47597	0.59477	0.05321	0.23935	0.2123	0.31642	56.13894	602.67618	635.9857	482.3818	656.43446	393.58838	569.09186	nan	542.35568	244.23994	509.20512	389.18318	447.19186	443.39039	524.08514	373.32908	475.28299	658.98663	543.35622	115.6332	84.67491	115.6332	11.79884	0.4061	57.72036	17.65701	7.89E-05	2.72024	1.02E-05	1.30E+07	7.73E-08	27.72501	175.28907	6.43E-05	0.00571	2.63E-05	2.40E-05
0.3664	18.46507	53.40359	3.59513	12.31011	11.8565	92.63298	2.11421	2.62955	0.17943	0.86211	0.69786	0.43896	0.0719	0.08352	0.027	0.027	0.28217	87.74349	0.93118	2.63411	nan	1.99353	nan	0.27538	0.60906	0.52318	0.49533	0.62566	0.05624	0.22571	0.19371	0.31582	54.9434	601.4145	636.34957	481.54431	656.42711	393.83678	568.84049	nan	542.36519	230.0524	512.65404	397.91974	454.08288	442.86279	524.76378	376.87483	475.47757	658.93881	543.30718	115.63435	84.97823	115.63435	11.69972	0.40076	57.71722	17.65606	7.90E-05	2.72241	1.02E-05	1.29E+07	7.73E-08	27.72801	175.03507	6.41E-05	0.00572	2.63E-05	2.40E-05
0.3668	17.74421	55.44515	3.26275	12.04276	11.13492	92.61886	2.02771	2.71714	0.17038	0.86582	0.7036	0.43952	0.07191	0.08546	0.027	0.027	0.28938	87.60205	0.82767	2.67122	nan	1.9935	nan	0.27232	0.60168	0.53216	0.51469	0.65654	0.05927	0.21207	0.17513	0.31521	53.74787	600.15281	636.71343	480.70682	656.41976	394.08519	568.58913	nan	542.3747	215.86485	516.10295	406.65631	460.97389	442.33519	525.44241	380.42059	475.67216	658.891	543.25814	115.6355	85.28155	115.6355	11.6006	0.39542	57.71409	17.65511	7.90E-05	2.72459	1.02E-05	1.29E+07	7.73E-08	27.73101	174.78107	6.40E-05	0.00573	2.63E-05	2.40E-05
0.3672	17.02335	57.4867	2.93038	11.77542	10.41335	92.60475	1.9412	2.80472	0.16133	0.86953	0.70934	0.44008	0.07192	0.08741	0.027	0.027	0.29659	87.4606	0.72417	2.70834	nan	1.99347	nan	0.26925	0.59429	0.54114	0.53405	0.68743	0.0623	0.19843	0.15654	0.31461	52.55233	598.89113	637.0773	479.86933	656.41241	394.33359	568.33777	nan	542.38421	201.67731	519.55186	415.39287	467.8649	441.8076	526.12105	383.96634	475.86674	658.84318	543.2091	115.63664	85.58487	115.63664	11.50148	0.39008	57.71095	17.65416	7.90E-05	2.72677	1.02E-05	1.29E+07	7.74E-08	27.73401	174.52707	6.39E-05	0.00574	2.63E-05	2.41E-05
0.3676	16.30249	59.52825	2.59801	11.50807	9.69178	92.59063	1.8547	2.89231	0.15228	0.87325	0.71508	0.44064	0.07193	0.08935	0.027	0.027	0.30379	87.31915	0.62066	2.74545	nan	1.99344	nan	0.26619	0.58691	0.55013	0.55341	0.71831	0.06533	0.18479	0.13795	0.314	51.35679	597.62944	637.44116	479.03184	656.40506	394.582	568.0864	nan	542.39372	187.48977	523.00078	424.12944	474.75592	441.28	526.79969	387.51209	476.06133	658.79537	543.16006	115.63779	85.8882	115.63779	11.40236	0.38474	57.70781	17.65321	7.91E-05	2.72895	1.02E-05	1.29E+07	7.74E-08	27.73701	174.27307	6.38E-05	0.00574	2.64E-05	2.41E-05
0.368	15.58163	61.5698	2.26563	11.24073	8.9702	92.57652	1.7682	2.97989	0.14322	0.87696	0.72082	0.4412	0.07194	0.09129	0.027	0.027	0.311	87.17771	0.51715	2.78257	nan	1.99341	nan	0.26313	0.57952	0.55911	0.57277	0.74919	0.06836	0.17115	0.11936	0.3134	50.16126	596.36776	637.80502	478.19435	656.39772	394.8304	567.83504	nan	542.40323	173.30222	526.44969	432.866	481.64693	440.7524	527.47833	391.05785	476.25592	658.74756	543.11102	115.63894	86.19152	115.63894	11.30324	0.37939	57.70467	17.65225	7.91E-05	2.73112	1.01E-05	1.29E+07	7.74E-08	27.74001	174.01907	6.37E-05	0.00575	2.64E-05	2.41E-05
0.3684	14.86077	63.61135	1.93326	10.97339	8.24863	92.56241	1.68169	3.06748	0.13417	0.88067	0.72656	0.44176	0.07195	0.09324	0.027	0.027	0.3182	87.03626	0.41365	2.81968	nan	1.99338	nan	0.26007	0.57214	0.5681	0.59213	0.78008	0.07139	0.15751	0.10078	0.31279	48.96572	595.10607	638.16889	477.35686	656.39037	395.0788	567.58368	nan	542.41275	159.11468	529.89861	441.60257	488.53794	440.2248	528.15696	394.6036	476.4505	658.69974	543.06198	115.64008	86.49484	115.64008	11.20411	0.37405	57.70154	17.6513	7.91E-05	2.7333	1.01E-05	1.29E+07	7.75E-08	27.74301	173.76506	6.36E-05	0.00576	2.64E-05	2.41E-05
0.3688	14.13991	65.6529	1.60089	10.70604	7.52705	92.54829	1.59519	3.15507	0.12512	0.88438	0.7323	0.44232	0.07197	0.09518	0.027	0.027	0.32541	86.89482	0.31014	2.85679	nan	1.99335	nan	0.257	0.56475	0.57708	0.61149	0.81096	0.07442	0.14387	0.08219	0.31219	47.77019	593.84439	638.53275	476.51937	656.38302	395.32721	567.33231	nan	542.42226	144.92714	533.34752	450.33913	495.42896	439.69721	528.8356	398.14936	476.64509	658.65193	543.01294	115.64123	86.79816	115.64123	11.10499	0.36871	57.6984	17.65035	7.92E-05	2.73548	1.01E-05	1.29E+07	7.75E-08	27.74601	173.51106	6.34E-05	0.00577	2.64E-05	2.41E-05
0.3692	13.41905	67.69445	1.26852	10.4387	6.80548	92.53418	1.50869	3.24265	0.11607	0.88809	0.73804	0.44288	0.07198	0.09712	0.027	0.027	0.33262	86.75337	0.20663	2.89391	nan	1.99332	nan	0.25394	0.55737	0.58607	0.63085	0.84185	0.07745	0.13023	0.0636	0.31158	46.57465	592.5827	638.89662	475.68188	656.37567	395.57561	567.08095	nan	542.43177	130.73959	536.79643	459.0757	502.31997	439.16961	529.51424	401.69511	476.83967	658.60412	542.9639	115.64238	87.10148	115.64238	11.00587	0.36337	57.69526	17.6494	7.92E-05	2.73765	1.01E-05	1.29E+07	7.75E-08	27.74901	173.25706	6.33E-05	0.00577	2.64E-05	2.41E-05
0.3696	12.69819	69.736	0.93614	10.17135	6.0839	92.52006	1.42218	3.33024	0.10702	0.8918	0.74378	0.44344	0.07199	0.09906	0.027	0.027	0.33982	86.61192	0.10312	2.93102	nan	1.99329	nan	0.25088	0.54998	0.59505	0.65021	0.87273	0.08048	0.11659	0.04502	0.31098	45.37911	591.32102	639.26048	474.84439	656.36832	395.82402	566.82958	nan	542.44128	116.55205	540.24535	467.81226	509.21098	438.64201	530.19287	405.24087	477.03426	658.5563	542.91486	115.64352	87.4048	115.64352	10.90675	0.35803	57.69213	17.64845	7.92E-05	2.73983	1.01E-05	1.29E+07	7.75E-08	27.75201	173.00306	6.32E-05	0.00578	2.64E-05	2.41E-05
0.37	11.98343	71.76152	0.60779	9.90642	5.36585	92.50635	1.33611	3.41712	0.09801	0.89548	0.74949	0.44399	0.072	0.10099	0.027	0.027	0.34697	86.47198	1.52E-04	2.96789	nan	1.99326	nan	0.24781	0.5426	0.60396	0.6694	0.9034	0.08349	0.10304	0.02654	0.31037	44.18913	590.06834	639.62328	474.01927	656.36032	396.06896	566.57822	nan	542.45079	102.46604	543.67362	476.48169	516.0598	438.11441	530.86978	408.75873	477.22884	658.50849	542.86582	115.64467	87.70812	115.64467	10.80763	0.35273	57.68926	17.64758	7.93E-05	2.74199	1.01E-05	1.29E+07	7.76E-08	27.755	172.75202	6.31E-05	0.00579	2.64E-05	2.41E-05
0.3704	12.91104	69.46855	1.36063	10.28894	5.59557	92.60017	1.3663	3.31391	0.10067	0.88921	0.74588	0.44182	0.07214	0.09893	0.02691	0.02692	0.33857	86.73743	0.04119	2.93699	nan	1.99323	nan	0.24475	0.53521	0.59271	0.64349	0.8752	0.08063	0.11458	0.03844	0.30977	44.49501	591.23997	639.70008	476.52419	656.17548	395.38118	566.32686	nan	542.4603	115.71964	541.5439	467.07295	511.54757	437.58682	531.08	404.76567	477.42343	658.46068	542.81678	115.64582	88.01144	115.64582	10.70851	0.35981	57.76051	17.66937	7.93E-05	2.73962	1.01E-05	1.29E+07	7.74E-08	27.75424	173.29802	6.33E-05	0.00577	2.64E-05	2.41E-05
0.3708	13.83864	67.17558	2.11347	10.67146	5.82529	92.694	1.3965	3.21071	0.10334	0.88294	0.74228	0.43966	0.07229	0.09686	0.02682	0.02684	0.33017	87.00288	0.08223	2.90609	nan	1.9932	nan	0.24169	0.52783	0.58146	0.61758	0.847	0.07777	0.12611	0.05033	0.30916	44.80089	592.41161	639.77688	479.02911	655.99063	394.69341	566.07549	nan	542.46981	128.97324	539.41418	457.66421	507.03534	437.05922	531.29023	400.77262	477.61802	658.41286	542.76774	115.64696	88.31476	115.64696	10.60939	0.36689	57.83176	17.69116	7.93E-05	2.73724	1.01E-05	1.30E+07	7.72E-08	27.75348	173.84402	6.35E-05	0.00576	2.64E-05	2.42E-05
0.3712	14.76624	64.88261	2.86631	11.05398	6.05501	92.78782	1.42669	3.1075	0.106	0.87667	0.73867	0.43749	0.07243	0.0948	0.02674	0.02676	0.32177	87.26833	0.12327	2.8752	nan	1.99317	nan	0.23862	0.52044	0.57021	0.59166	0.8188	0.07491	0.13765	0.06222	0.30856	45.10678	593.58325	639.85369	481.53403	655.80579	394.00563	565.82413	nan	542.47932	142.22685	537.28445	448.25547	502.52311	436.53162	531.50045	396.77957	477.8126	658.36505	542.7187	115.64811	88.61809	115.64811	10.51027	0.37397	57.90301	17.71294	7.94E-05	2.73486	1.01E-05	1.30E+07	7.70E-08	27.75272	174.39003	6.37E-05	0.00574	2.65E-05	2.42E-05
0.3716	15.69385	62.58964	3.61916	11.4365	6.28473	92.88164	1.45688	3.0043	0.10867	0.8704	0.73507	0.43532	0.07258	0.09274	0.02665	0.02668	0.31337	87.53378	0.16431	2.8443	nan	1.99314	nan	0.23556	0.51306	0.55896	0.56575	0.7906	0.07205	0.14919	0.07411	0.30795	45.41266	594.75488	639.93049	484.03895	655.62095	393.31786	565.57277	nan	542.48883	155.48045	535.15473	438.84674	498.01088	436.00402	531.71068	392.78652	478.00719	658.31724	542.66966	115.64926	88.92141	115.64926	10.41115	0.38105	57.97426	17.73473	7.94E-05	2.73249	1.01E-05	1.30E+07	7.69E-08	27.75196	174.93603	6.39E-05	0.00572	2.65E-05	2.42E-05
0.372	16.62145	60.29667	4.372	11.81902	6.51445	92.97547	1.48707	2.9011	0.11133	0.86414	0.73147	0.43315	0.07272	0.09067	0.02656	0.0266	0.30497	87.79923	0.20535	2.81341	nan	1.99311	nan	0.2325	0.50567	0.54771	0.53984	0.7624	0.06919	0.16072	0.086	0.30735	45.71854	595.92652	640.00729	486.54387	655.43611	392.63008	565.3214	nan	542.49834	168.73405	533.02501	429.438	493.49865	435.47643	531.9209	388.79347	478.20177	658.26942	542.62062	115.6504	89.22473	115.6504	10.31203	0.38813	58.04551	17.75652	7.94E-05	2.73011	1.01E-05	1.30E+07	7.67E-08	27.7512	175.48203	6.42E-05	0.00571	2.65E-05	2.42E-05
0.3724	17.54905	58.0037	5.12484	12.20154	6.74418	93.06929	1.51726	2.79789	0.11399	0.85787	0.72786	0.43098	0.07286	0.08861	0.02647	0.02652	0.29657	88.06468	0.24639	2.78251	nan	1.99308	nan	0.22944	0.49829	0.53646	0.51392	0.73419	0.06633	0.17226	0.0979	0.30674	46.02442	597.09816	640.08409	489.04879	655.25127	391.94231	565.07004	nan	542.50785	181.98766	530.89529	420.02926	488.98642	434.94883	532.13113	384.80041	478.39636	658.22161	542.57158	115.65155	89.52805	115.65155	10.21291	0.3952	58.11675	17.77831	7.95E-05	2.72774	1.01E-05	1.31E+07	7.65E-08	27.75044	176.02803	6.44E-05	0.00569	2.65E-05	2.42E-05
0.3728	18.47666	55.71073	5.87769	12.58407	6.9739	93.16312	1.54746	2.69469	0.11666	0.8516	0.72426	0.42882	0.07301	0.08654	0.02638	0.02644	0.28817	88.33013	0.28743	2.75161	nan	1.99305	nan	0.22637	0.4909	0.52521	0.48801	0.70599	0.06347	0.1838	0.10979	0.30614	46.3303	598.26979	640.16089	491.55371	655.06643	391.25453	564.81867	nan	542.51736	195.24126	528.76557	410.62052	484.47419	434.42123	532.34135	380.80736	478.59095	658.1738	542.52254	115.6527	89.83137	115.6527	10.11379	0.40228	58.188	17.8001	7.95E-05	2.72536	1.01E-05	1.31E+07	7.64E-08	27.74968	176.57404	6.46E-05	0.00567	2.65E-05	2.42E-05
0.3732	19.40426	53.41776	6.63053	12.96659	7.20362	93.25694	1.57765	2.59148	0.11932	0.84533	0.72065	0.42665	0.07315	0.08448	0.0263	0.02636	0.27977	88.59557	0.32847	2.72072	nan	1.99302	nan	0.22331	0.48352	0.51396	0.4621	0.67779	0.06061	0.19533	0.12168	0.30553	46.63618	599.44143	640.23769	494.05863	654.88159	390.56676	564.56731	nan	542.52687	208.49486	526.63585	401.21179	479.96196	433.89363	532.55158	376.81431	478.78553	658.12598	542.4735	115.65384	90.13469	115.65384	10.01467	0.40936	58.25925	17.82189	7.95E-05	2.72298	1.02E-05	1.31E+07	7.62E-08	27.74892	177.12004	6.48E-05	0.00566	2.65E-05	2.42E-05
0.3736	20.33187	51.12479	7.38337	13.34911	7.43334	93.35077	1.60784	2.48828	0.12199	0.83906	0.71705	0.42448	0.0733	0.08242	0.02621	0.02628	0.27137	88.86102	0.36951	2.68982	nan	1.99299	nan	0.22025	0.47613	0.50271	0.43618	0.64959	0.05775	0.20687	0.13357	0.30493	46.94206	600.61307	640.31449	496.56355	654.69675	389.87898	564.31595	nan	542.53638	221.74847	524.50612	391.80305	475.44973	433.36604	532.7618	372.82126	478.98012	658.07817	542.42446	115.65499	90.43801	115.65499	9.91555	0.41644	58.3305	17.84367	7.96E-05	2.72061	1.02E-05	1.32E+07	7.60E-08	27.74816	177.66604	6.50E-05	0.00564	2.65E-05	2.42E-05
0.374	21.25947	48.83182	8.13622	13.73163	7.66306	93.44459	1.63803	2.38507	0.12465	0.8328	0.71345	0.42231	0.07344	0.08035	0.02612	0.0262	0.26297	89.12647	0.41055	2.65892	nan	1.99296	nan	0.21718	0.46875	0.49146	0.41027	0.62139	0.05489	0.2184	0.14546	0.30432	47.24794	601.7847	640.39129	499.06847	654.51191	389.19121	564.06458	nan	542.54589	235.00207	522.3764	382.39431	470.9375	432.83844	532.97203	368.82821	479.1747	658.03035	542.37542	115.65614	90.74133	115.65614	9.81643	0.42352	58.40175	17.86546	7.96E-05	2.71823	1.02E-05	1.32E+07	7.58E-08	27.7474	178.21204	6.52E-05	0.00562	2.65E-05	2.42E-05
0.3744	22.18707	46.53886	8.88906	14.11415	7.89278	93.53842	1.66823	2.28187	0.12731	0.82653	0.70984	0.42014	0.07358	0.07829	0.02603	0.02612	0.25457	89.39192	0.45159	2.62803	nan	1.99293	nan	0.21412	0.46136	0.48021	0.38436	0.59319	0.05203	0.22994	0.15736	0.30372	47.55383	602.95634	640.46809	501.57339	654.32707	388.50343	563.81322	nan	542.5554	248.25567	520.24668	372.98557	466.42527	432.31084	533.18225	364.83515	479.36929	657.98254	542.32638	115.65728	91.04466	115.65728	9.71731	0.4306	58.47299	17.88725	7.96E-05	2.71586	1.02E-05	1.32E+07	7.57E-08	27.74664	178.75804	6.54E-05	0.00561	2.65E-05	2.42E-05
0.3748	23.11468	44.24589	9.6419	14.49667	8.1225	93.63224	1.69842	2.17867	0.12998	0.82026	0.70624	0.41798	0.07373	0.07622	0.02594	0.02604	0.24617	89.65737	0.49263	2.59713	nan	1.9929	nan	0.21106	0.45398	0.46896	0.35844	0.56499	0.04917	0.24148	0.16925	0.30311	47.85971	604.12798	640.54489	504.07831	654.14223	387.81566	563.56186	nan	542.56491	261.50927	518.11696	363.57684	461.91304	431.78325	533.39248	360.8421	479.56387	657.93473	542.27734	115.65843	91.34798	115.65843	9.61819	0.43768	58.54424	17.90904	7.97E-05	2.71348	1.02E-05	1.33E+07	7.55E-08	27.74588	179.30405	6.57E-05	0.00559	2.66E-05	2.42E-05
0.3752	24.04228	41.95292	10.39474	14.8792	8.35222	93.72606	1.72861	2.07546	0.13264	0.81399	0.70263	0.41581	0.07387	0.07416	0.02586	0.02596	0.23777	89.92282	0.53367	2.56624	nan	1.99287	nan	0.20799	0.44659	0.45771	0.33253	0.53679	0.04631	0.25301	0.18114	0.30251	48.16559	605.29961	640.62169	506.58323	653.95739	387.12788	563.31049	nan	542.57442	274.76288	515.98724	354.1681	457.40081	431.25565	533.6027	356.84905	479.75846	657.88691	542.2283	115.65958	91.6513	115.65958	9.51907	0.44476	58.61549	17.93083	7.97E-05	2.7111	1.02E-05	1.33E+07	7.53E-08	27.74512	179.85005	6.59E-05	0.00557	2.66E-05	2.43E-05
0.3756	24.96988	39.65995	11.14759	15.26172	8.58194	93.81989	1.7588	1.97226	0.13531	0.80772	0.69903	0.41364	0.07402	0.0721	0.02577	0.02588	0.22937	90.18827	0.57471	2.53534	nan	1.99284	nan	0.20493	0.43921	0.44646	0.30662	0.50859	0.04345	0.26455	0.19303	0.3019	48.47147	606.47125	640.69849	509.08815	653.77255	386.44011	563.05913	nan	542.58393	288.01648	513.85751	344.75936	452.88858	430.72805	533.81293	352.856	479.95305	657.8391	542.17926	115.66072	91.95462	115.66072	9.41995	0.45183	58.68674	17.95261	7.97E-05	2.70873	1.02E-05	1.33E+07	7.52E-08	27.74436	180.39605	6.61E-05	0.00556	2.66E-05	2.43E-05
0.376	25.89749	37.36698	11.90043	15.64424	8.81166	93.91371	1.78899	1.86905	0.13797	0.80146	0.69543	0.41147	0.07416	0.07003	0.02568	0.0258	0.22097	90.45372	0.61575	2.50444	nan	1.99281	nan	0.20187	0.43182	0.43521	0.2807	0.48039	0.04059	0.27608	0.20492	0.3013	48.77735	607.64289	640.77529	511.59307	653.5877	385.75233	562.80776	nan	542.59344	301.27008	511.72779	335.35062	448.37635	430.20045	534.02315	348.86295	480.14763	657.79129	542.13022	115.66187	92.25794	115.66187	9.32083	0.45891	58.75799	17.9744	7.98E-05	2.70635	1.02E-05	1.34E+07	7.50E-08	27.7436	180.94205	6.63E-05	0.00554	2.66E-05	2.43E-05
0.3764	26.82509	35.07401	12.65327	16.02676	9.04138	94.00754	1.81919	1.76585	0.14063	0.79519	0.69182	0.4093	0.0743	0.06797	0.02559	0.02572	0.21257	90.71917	0.65679	2.47355	nan	1.99278	nan	0.19881	0.42444	0.42396	0.25479	0.45219	0.03773	0.28762	0.21682	0.30069	49.08323	608.81452	640.85209	514.09799	653.40286	385.06456	562.5564	nan	542.60295	314.52369	509.59807	325.94189	443.86412	429.67286	534.23338	344.86989	480.34222	657.74347	542.08118	115.66302	92.56126	115.66302	9.22171	0.46599	58.82924	17.99619	7.98E-05	2.70398	1.02E-05	1.34E+07	7.48E-08	27.74284	181.48806	6.65E-05	0.00552	2.66E-05	2.43E-05
0.3768	27.7527	32.78104	13.40612	16.40928	9.27111	94.10136	1.84938	1.66264	0.1433	0.78892	0.68822	0.40714	0.07445	0.0659	0.0255	0.02564	0.20417	90.98462	0.69783	2.44265	nan	1.99275	nan	0.19574	0.41705	0.41271	0.22888	0.42399	0.03487	0.29916	0.22871	0.30009	49.38911	609.98616	640.92889	516.60291	653.21802	384.37678	562.30504	nan	542.61246	327.77729	507.46835	316.53315	439.35189	429.14526	534.4436	340.87684	480.5368	657.69566	542.03214	115.66416	92.86458	115.66416	9.12259	0.47307	58.90048	18.01798	7.98E-05	2.7016	1.02E-05	1.34E+07	7.46E-08	27.74208	182.03406	6.67E-05	0.00551	2.66E-05	2.43E-05
0.3772	28.6803	30.48807	14.15896	16.7918	9.50083	94.19519	1.87957	1.55944	0.14596	0.78265	0.68461	0.40497	0.07459	0.06384	0.02542	0.02556	0.19577	91.25007	0.73887	2.41176	nan	1.99272	nan	0.19268	0.40967	0.40146	0.20296	0.39579	0.03201	0.31069	0.2406	0.29948	49.69499	611.1578	641.00569	519.10783	653.03318	383.68901	562.05367	nan	542.62197	341.03089	505.33863	307.12441	434.83966	428.61766	534.65382	336.88379	480.73139	657.64785	541.9831	115.66531	93.1679	115.66531	9.02347	0.48015	58.97173	18.03977	7.98E-05	2.69922	1.02E-05	1.34E+07	7.45E-08	27.74132	182.58006	6.70E-05	0.00549	2.66E-05	2.43E-05
0.3776	29.6079	28.1951	14.9118	17.17432	9.73055	94.28901	1.90976	1.45623	0.14863	0.77638	0.68101	0.4028	0.07474	0.06178	0.02533	0.02548	0.18737	91.51551	0.77991	2.38086	nan	1.99269	nan	0.18962	0.40228	0.39021	0.17705	0.36759	0.02915	0.32223	0.25249	0.29888	50.00088	612.32943	641.08249	521.61275	652.84834	383.00123	561.80231	nan	542.63148	354.2845	503.2089	297.71567	430.32743	428.09006	534.86405	332.89074	480.92597	657.60003	541.93405	115.66646	93.47123	115.66646	8.92435	0.48723	59.04298	18.06155	7.99E-05	2.69685	1.02E-05	1.35E+07	7.43E-08	27.74056	183.12606	6.72E-05	0.00547	2.66E-05	2.43E-05
0.378	30.53551	25.90213	15.66465	17.55685	9.96027	94.38283	1.93995	1.35303	0.15129	0.77012	0.67741	0.40063	0.07488	0.05971	0.02524	0.0254	0.17897	91.78096	0.82096	2.34996	nan	1.99266	nan	0.18655	0.3949	0.37896	0.15114	0.33939	0.02629	0.33376	0.26438	0.29827	50.30676	613.50107	641.15929	524.11767	652.6635	382.31346	561.55095	nan	542.64099	367.5381	501.07918	288.30693	425.8152	427.56247	535.07427	328.89769	481.12056	657.55222	541.88501	115.6676	93.77455	115.6676	8.82523	0.49431	59.11423	18.08334	7.99E-05	2.69447	1.02E-05	1.35E+07	7.41E-08	27.7398	183.67206	6.74E-05	0.00546	2.66E-05	2.43E-05
0.3784	31.46311	23.60916	16.41749	17.93937	10.18999	94.47666	1.97015	1.24983	0.15395	0.76385	0.6738	0.39846	0.07502	0.05765	0.02515	0.02532	0.17057	92.04641	0.862	2.31907	nan	1.99263	nan	0.18349	0.38751	0.36771	0.12522	0.31119	0.02343	0.3453	0.27628	0.29767	50.61264	614.67271	641.23609	526.62259	652.47866	381.62569	561.29958	nan	542.6505	380.7917	498.94946	278.8982	421.30297	427.03487	535.2845	324.90463	481.31515	657.50441	541.83597	115.66875	94.07787	115.66875	8.7261	0.50139	59.18548	18.10513	7.99E-05	2.6921	1.02E-05	1.35E+07	7.40E-08	27.73904	184.21807	6.76E-05	0.00544	2.67E-05	2.43E-05
0.3788	32.39071	21.31619	17.17033	18.32189	10.41971	94.57048	2.00034	1.14662	0.15662	0.75758	0.6702	0.3963	0.07517	0.05558	0.02506	0.02524	0.16217	92.31186	0.90304	2.28817	nan	1.9926	nan	0.18043	0.38013	0.35646	0.09931	0.28299	0.02057	0.35684	0.28817	0.29706	50.91852	615.84434	641.31289	529.12751	652.29382	380.93791	561.04822	nan	542.66001	394.0453	496.81974	269.48946	416.79074	426.50727	535.49472	320.91158	481.50973	657.45659	541.78693	115.6699	94.38119	115.6699	8.62698	0.50846	59.25673	18.12692	8.00E-05	2.68972	1.02E-05	1.36E+07	7.38E-08	27.73828	184.76407	6.78E-05	0.00542	2.67E-05	2.43E-05
0.3792	33.31832	19.02323	17.92317	18.70441	10.64943	94.66431	2.03053	1.04342	0.15928	0.75131	0.66659	0.39413	0.07531	0.05352	0.02498	0.02516	0.15377	92.57731	0.94408	2.25727	nan	1.99257	nan	0.17736	0.37274	0.34521	0.0734	0.25479	0.01771	0.36837	0.30006	0.29646	51.2244	617.01598	641.38969	531.63243	652.10898	380.25014	560.79685	nan	542.66952	407.29891	494.69002	260.08072	412.27851	425.97967	535.70495	316.91853	481.70432	657.40878	541.73789	115.67104	94.68451	115.67104	8.52786	0.51554	59.32797	18.14871	8.00E-05	2.68734	1.02E-05	1.36E+07	7.36E-08	27.73752	185.31007	6.80E-05	0.00541	2.67E-05	2.43E-05
0.3796	34.24592	16.73026	18.67602	19.08693	10.87915	94.75813	2.06072	0.94021	0.16195	0.74504	0.66299	0.39196	0.07546	0.05146	0.02489	0.02508	0.14537	92.84276	0.98512	2.22638	nan	1.99254	nan	0.1743	0.36536	0.33396	0.04748	0.22659	0.01485	0.37991	0.31195	0.29585	51.53028	618.18762	641.46649	534.13735	651.92414	379.56236	560.54549	nan	542.67903	420.55251	492.5603	250.67198	407.76628	425.45208	535.91517	312.92548	481.8989	657.36097	541.68885	115.67219	94.98783	115.67219	8.42874	0.52262	59.39922	18.17049	8.00E-05	2.68497	1.02E-05	1.36E+07	7.34E-08	27.73676	185.85607	6.82E-05	0.00539	2.67E-05	2.43E-05
0.38	35.16659	14.44716	19.42625	19.46954	11.10846	94.85149	2.09084	0.83746	0.16461	0.73879	0.6594	0.38981	0.0756	0.0494	0.0248	0.025	0.137	93.10699	1.02603	2.19565	nan	1.99251	nan	0.17128	0.35799	0.32277	0.02166	0.19852	0.012	0.39139	0.32381	0.29523	51.83665	619.35496	641.54257	536.6182	651.73975	378.87844	560.29413	nan	542.68905	433.7375	490.43968	241.30712	403.27472	424.92448	536.12476	308.95765	482.09688	657.31309	541.63995	115.67314	95.28953	115.67314	8.33065	0.52967	59.47024	18.19221	8.01E-05	2.6826	1.02E-05	1.37E+07	7.33E-08	27.736	186.3996	6.85E-05	0.00537	2.67E-05	2.44E-05
0.3804	34.26891	14.75316	19.49105	19.87402	11.2303	94.82309	2.10162	0.85289	0.16605	0.73576	0.6607	0.39253	0.07482	0.04941	0.0249	0.02509	0.13789	93.05091	1.03314	2.2094	nan	1.99248	nan	0.17796	0.35511	0.32902	0.0209	0.20395	0.01192	0.38777	0.3268	0.29079	52.27026	619.39726	641.42862	532.78931	651.67426	379.20492	560.04276	nan	542.83296	428.93614	490.70756	243.44377	404.19999	424.39688	536.1677	311.60279	483.18345	657.24989	541.62688	115.62314	95.16553	115.62314	8.50265	0.52954	59.48024	18.19528	8.01E-05	2.68305	1.02E-05	1.37E+07	7.33E-08	27.73552	186.294	6.84E-05	0.00538	2.67E-05	2.44E-05
0.3808	33.37122	15.05917	19.55585	20.2785	11.35214	94.79469	2.11239	0.86832	0.1675	0.73274	0.662	0.39525	0.07405	0.04942	0.02499	0.02518	0.13878	92.99484	1.04025	2.22316	nan	1.99245	nan	0.18464	0.35223	0.33527	0.02013	0.20938	0.01184	0.38415	0.32978	0.28635	52.70387	619.43955	641.31468	528.96041	651.60877	379.5314	559.7914	nan	542.97687	424.13478	490.97543	245.58042	405.12527	423.86928	536.21064	314.24792	484.27003	657.18669	541.61382	115.57314	95.04153	115.57314	8.67465	0.52941	59.49024	18.19836	8.00E-05	2.6835	1.02E-05	1.37E+07	7.33E-08	27.73504	186.1884	6.84E-05	0.00538	2.67E-05	2.43E-05
0.3812	32.47354	15.36517	19.62065	20.68298	11.47398	94.76629	2.12317	0.88375	0.16895	0.72972	0.66329	0.39797	0.07327	0.04942	0.02509	0.02526	0.13967	92.93877	1.04736	2.23691	nan	1.99242	nan	0.19133	0.34935	0.34152	0.01936	0.21481	0.01176	0.38054	0.33276	0.28191	53.13748	619.48185	641.20073	525.13152	651.54329	379.85788	559.54004	nan	543.12079	419.33342	491.24331	247.71706	406.05054	423.34169	536.25357	316.89306	485.3566	657.12349	541.60075	115.52314	94.91753	115.52314	8.84666	0.52928	59.50024	18.20143	8.00E-05	2.68395	1.02E-05	1.36E+07	7.34E-08	27.73456	186.0828	6.83E-05	0.00538	2.67E-05	2.43E-05
0.3816	31.57585	15.67117	19.68545	21.08746	11.59582	94.73789	2.13395	0.89919	0.1704	0.72669	0.66459	0.40069	0.07249	0.04943	0.02518	0.02535	0.14056	92.8827	1.05448	2.25066	nan	1.99239	nan	0.19801	0.34647	0.34777	0.0186	0.22024	0.01168	0.37692	0.33575	0.27747	53.57109	619.52415	641.08679	521.30263	651.4778	380.18437	559.28867	nan	543.2647	414.53206	491.51118	249.85371	406.97582	422.81409	536.29651	319.5382	486.44318	657.06029	541.58768	115.47314	94.79353	115.47314	9.01866	0.52915	59.51024	18.2045	8.00E-05	2.68439	1.02E-05	1.36E+07	7.34E-08	27.73408	185.9772	6.83E-05	0.00538	2.67E-05	2.43E-05
0.382	30.67817	15.97717	19.75025	21.49195	11.71767	94.70949	2.14472	0.91462	0.17185	0.72367	0.66588	0.40341	0.07172	0.04944	0.02528	0.02544	0.14144	92.82663	1.06159	2.26441	nan	1.99236	nan	0.20469	0.34359	0.35402	0.01783	0.22567	0.0116	0.37331	0.33873	0.27303	54.0047	619.56644	640.97284	517.47373	651.41231	380.51085	559.03731	nan	543.40862	409.7307	491.77906	251.99036	407.90109	422.28649	536.33944	322.18333	487.52975	656.99709	541.57462	115.42314	94.66953	115.42314	9.19066	0.52902	59.52024	18.20757	8.00E-05	2.68484	1.02E-05	1.36E+07	7.34E-08	27.7336	185.8716	6.83E-05	0.00539	2.67E-05	2.43E-05
0.3824	29.78049	16.28317	19.81505	21.89643	11.83951	94.68109	2.1555	0.93005	0.17329	0.72064	0.66718	0.40613	0.07094	0.04945	0.02538	0.02553	0.14233	92.77055	1.0687	2.27816	nan	1.99233	nan	0.21138	0.34071	0.36027	0.01706	0.2311	0.01152	0.36969	0.34172	0.26859	54.43831	619.60874	640.8589	513.64484	651.34682	380.83733	558.78595	nan	543.55253	404.92934	492.04693	254.12701	408.82637	421.75889	536.38238	324.82847	488.61633	656.93389	541.56155	115.37314	94.54553	115.37314	9.36266	0.52889	59.53024	18.21064	8.00E-05	2.68529	1.02E-05	1.36E+07	7.35E-08	27.73312	185.766	6.82E-05	0.00539	2.67E-05	2.43E-05
0.3828	28.8828	16.58917	19.87985	22.30091	11.96135	94.65269	2.16627	0.94548	0.17474	0.71762	0.66848	0.40885	0.07017	0.04946	0.02547	0.02562	0.14322	92.71448	1.07581	2.29192	nan	1.9923	nan	0.21806	0.33783	0.36652	0.0163	0.23653	0.01144	0.36607	0.3447	0.26415	54.87192	619.65103	640.74496	509.81595	651.28133	381.16381	558.53458	nan	543.69644	400.12798	492.31481	256.26366	409.75165	421.2313	536.42532	327.47361	489.7029	656.87069	541.54848	115.32314	94.42153	115.32314	9.53466	0.52877	59.54024	18.21372	8.00E-05	2.68574	1.02E-05	1.36E+07	7.35E-08	27.73264	185.6604	6.82E-05	0.00539	2.67E-05	2.43E-05
0.3832	27.98512	16.89517	19.94465	22.70539	12.08319	94.62429	2.17705	0.96092	0.17619	0.7146	0.66977	0.41157	0.06939	0.04946	0.02557	0.0257	0.14411	92.65841	1.08292	2.30567	nan	1.99227	nan	0.22474	0.33495	0.37277	0.01553	0.24196	0.01136	0.36246	0.34768	0.25971	55.30553	619.69333	640.63101	505.98705	651.21585	381.49029	558.28322	nan	543.84036	395.32662	492.58268	258.40031	410.67692	420.7037	536.46825	330.11874	490.78947	656.80749	541.53542	115.27314	94.29752	115.27314	9.70666	0.52864	59.55024	18.21679	7.99E-05	2.68619	1.02E-05	1.36E+07	7.35E-08	27.73216	185.5548	6.81E-05	0.0054	2.66E-05	2.43E-05
0.3836	27.08744	17.20117	20.00945	23.10987	12.20503	94.59589	2.18783	0.97635	0.17764	0.71157	0.67107	0.41429	0.06861	0.04947	0.02566	0.02579	0.145	92.60234	1.09004	2.31942	nan	1.99224	nan	0.23143	0.33207	0.37902	0.01476	0.24739	0.01128	0.35884	0.35067	0.25527	55.73914	619.73563	640.51707	502.15816	651.15036	381.81677	558.03185	nan	543.98427	390.52525	492.85055	260.53696	411.6022	420.1761	536.51119	332.76388	491.87605	656.74429	541.52235	115.22314	94.17352	115.22314	9.87866	0.52851	59.56024	18.21986	7.99E-05	2.68663	1.02E-05	1.36E+07	7.36E-08	27.73168	185.44919	6.81E-05	0.0054	2.66E-05	2.43E-05
0.384	26.18975	17.50718	20.07425	23.51435	12.32687	94.56749	2.1986	0.99178	0.17909	0.70855	0.67236	0.41701	0.06784	0.04948	0.02576	0.02588	0.14588	92.54626	1.09715	2.33317	nan	1.99221	nan	0.23811	0.32919	0.38527	0.014	0.25282	0.0112	0.35523	0.35365	0.25083	56.17275	619.77792	640.40312	498.32927	651.08487	382.14325	557.78049	nan	544.12819	385.72389	493.11843	262.6736	412.52747	419.64851	536.55412	335.40902	492.96262	656.68109	541.50928	115.17314	94.04952	115.17314	10.05066	0.52838	59.57024	18.22293	7.99E-05	2.68708	1.02E-05	1.36E+07	7.36E-08	27.7312	185.34359	6.81E-05	0.0054	2.66E-05	2.43E-05
0.3844	25.29207	17.81318	20.13905	23.91883	12.44871	94.53909	2.20938	1.00721	0.18053	0.70552	0.67366	0.41973	0.06706	0.04949	0.02586	0.02597	0.14677	92.49019	1.10426	2.34692	nan	1.99218	nan	0.24479	0.32631	0.39152	0.01323	0.25825	0.01112	0.35161	0.35664	0.24639	56.60635	619.82022	640.28918	494.50037	651.01938	382.46973	557.52913	nan	544.2721	380.92253	493.3863	264.81025	413.45275	419.12091	536.59706	338.05415	494.0492	656.61789	541.49622	115.12314	93.92552	115.12314	10.22266	0.52825	59.58024	18.226	7.99E-05	2.68753	1.02E-05	1.36E+07	7.36E-08	27.73072	185.23799	6.80E-05	0.00541	2.66E-05	2.43E-05
0.3848	24.39439	18.11918	20.20385	24.32332	12.57055	94.51069	2.22015	1.02264	0.18198	0.7025	0.67496	0.42245	0.06629	0.0495	0.02595	0.02606	0.14766	92.43412	1.11137	2.36068	nan	1.99215	nan	0.25148	0.32343	0.39777	0.01246	0.26368	0.01104	0.34799	0.35962	0.24195	57.03996	619.86251	640.17523	490.67148	650.95389	382.79622	557.27776	nan	544.41601	376.12117	493.65418	266.9469	414.37802	418.59331	536.64	340.69929	495.13577	656.55469	541.48315	115.07314	93.80152	115.07314	10.39466	0.52812	59.59024	18.22908	7.99E-05	2.68798	1.02E-05	1.36E+07	7.37E-08	27.73024	185.13239	6.80E-05	0.00541	2.66E-05	2.43E-05
0.3852	23.4967	18.42518	20.26865	24.7278	12.69239	94.48229	2.23093	1.03808	0.18343	0.69948	0.67625	0.42517	0.06551	0.0495	0.02605	0.02614	0.14855	92.37805	1.11848	2.37443	nan	1.99212	nan	0.25816	0.32055	0.40402	0.0117	0.26911	0.01096	0.34438	0.3626	0.23751	57.47357	619.90481	640.06129	486.84259	650.8884	383.1227	557.0264	nan	544.55993	371.31981	493.92205	269.08355	415.3033	418.06571	536.68293	343.34443	496.22235	656.49149	541.47008	115.02314	93.67752	115.02314	10.56666	0.52799	59.60024	18.23215	7.98E-05	2.68843	1.02E-05	1.36E+07	7.37E-08	27.72976	185.02679	6.79E-05	0.00541	2.66E-05	2.43E-05
0.3856	22.59902	18.73118	20.33345	25.13228	12.81423	94.45389	2.24171	1.05351	0.18488	0.69645	0.67755	0.42789	0.06473	0.04951	0.02614	0.02623	0.14944	92.32198	1.1256	2.38818	nan	1.99209	nan	0.26484	0.31767	0.41027	0.01093	0.27454	0.01088	0.34076	0.36559	0.23307	57.90718	619.94711	639.94734	483.01369	650.82292	383.44918	556.77504	nan	544.70384	366.51845	494.18993	271.2202	416.22858	417.53812	536.72587	345.98956	497.30892	656.42829	541.45702	114.97314	93.55352	114.97314	10.73866	0.52786	59.61024	18.23522	7.98E-05	2.68887	1.02E-05	1.36E+07	7.37E-08	27.72928	184.92119	6.79E-05	0.00541	2.66E-05	2.43E-05
0.386	21.70133	19.03718	20.39825	25.53676	12.93607	94.42549	2.25248	1.06894	0.18633	0.69343	0.67885	0.43061	0.06396	0.04952	0.02624	0.02632	0.15032	92.2659	1.13271	2.40193	nan	1.99206	nan	0.27153	0.31479	0.41652	0.01016	0.27997	0.0108	0.33715	0.36857	0.22863	58.34079	619.9894	639.8334	479.1848	650.75743	383.77566	556.52367	nan	544.84776	361.71709	494.4578	273.35685	417.15385	417.01052	536.76881	348.6347	498.39549	656.36509	541.44395	114.92314	93.42952	114.92314	10.91066	0.52773	59.62024	18.23829	7.98E-05	2.68932	1.02E-05	1.36E+07	7.38E-08	27.7288	184.81559	6.79E-05	0.00542	2.66E-05	2.43E-05
0.3864	20.80365	19.34318	20.46305	25.94124	13.05791	94.39709	2.26326	1.08437	0.18777	0.6904	0.68014	0.43333	0.06318	0.04953	0.02634	0.02641	0.15121	92.20983	1.13982	2.41569	nan	1.99203	nan	0.27821	0.31191	0.42277	0.0094	0.2854	0.01072	0.33353	0.37156	0.22419	58.7744	620.0317	639.71946	475.35591	650.69194	384.10214	556.27231	nan	544.99167	356.91573	494.72568	275.4935	418.07913	416.48292	536.81174	351.27984	499.48207	656.30189	541.43088	114.87314	93.30552	114.87314	11.08266	0.5276	59.63024	18.24136	7.98E-05	2.68977	1.02E-05	1.36E+07	7.38E-08	27.72832	184.70999	6.78E-05	0.00542	2.66E-05	2.43E-05
0.3868	19.90597	19.64918	20.52785	26.34572	13.17975	94.36869	2.27403	1.0998	0.18922	0.68738	0.68144	0.43605	0.0624	0.04954	0.02643	0.0265	0.1521	92.15376	1.14693	2.42944	nan	1.992	nan	0.28489	0.30903	0.42902	0.00863	0.29083	0.01064	0.32991	0.37454	0.21975	59.20801	620.074	639.60551	471.52701	650.62645	384.42862	556.02094	nan	545.13558	352.11436	494.99355	277.63014	419.0044	415.95532	536.85468	353.92497	500.56864	656.23869	541.41782	114.82314	93.18152	114.82314	11.25467	0.52747	59.64024	18.24444	7.98E-05	2.69022	1.02E-05	1.36E+07	7.38E-08	27.72784	184.60439	6.78E-05	0.00542	2.66E-05	2.43E-05
0.3872	19.00828	19.95518	20.59265	26.75021	13.30159	94.34029	2.28481	1.11524	0.19067	0.68436	0.68273	0.43877	0.06163	0.04954	0.02653	0.02658	0.15299	92.09769	1.15404	2.44319	nan	1.99197	nan	0.29158	0.30615	0.43527	0.00786	0.29626	0.01056	0.3263	0.37752	0.21531	59.64162	620.11629	639.49157	467.69812	650.56096	384.7551	555.76958	nan	545.2795	347.313	495.26142	279.76679	419.92968	415.42773	536.89761	356.57011	501.65522	656.17549	541.40475	114.77314	93.05752	114.77314	11.42667	0.52734	59.65024	18.24751	7.98E-05	2.69067	1.02E-05	1.35E+07	7.39E-08	27.72736	184.49879	6.77E-05	0.00543	2.66E-05	2.43E-05
0.3876	18.1106	20.26119	20.65745	27.15469	13.42343	94.31189	2.29559	1.13067	0.19212	0.68133	0.68403	0.44149	0.06085	0.04955	0.02662	0.02667	0.15388	92.04161	1.16116	2.45694	nan	1.99194	nan	0.29826	0.30327	0.44152	0.0071	0.30169	0.01048	0.32268	0.38051	0.21087	60.07523	620.15859	639.37762	463.86923	650.49547	385.08159	555.51822	nan	545.42341	342.51164	495.5293	281.90344	420.85495	414.90013	536.94055	359.21525	502.74179	656.11229	541.39168	114.72314	92.93352	114.72314	11.59867	0.52721	59.66024	18.25058	7.97E-05	2.69111	1.02E-05	1.35E+07	7.39E-08	27.72688	184.39319	6.77E-05	0.00543	2.66E-05	2.43E-05
0.388	17.21292	20.56719	20.72225	27.55917	13.54527	94.28349	2.30636	1.1461	0.19357	0.67831	0.68533	0.44421	0.06008	0.04956	0.02672	0.02676	0.15476	91.98554	1.16827	2.47069	nan	1.99191	nan	0.30494	0.30039	0.44777	0.00633	0.30712	0.0104	0.31907	0.38349	0.20643	60.50884	620.20088	639.26368	460.04033	650.42999	385.40807	555.26685	nan	545.56733	337.71028	495.79717	284.04009	421.78023	414.37253	536.98349	361.86038	503.82837	656.04909	541.37862	114.67314	92.80952	114.67314	11.77067	0.52708	59.67024	18.25365	7.97E-05	2.69156	1.02E-05	1.35E+07	7.39E-08	27.7264	184.28759	6.77E-05	0.00543	2.66E-05	2.42E-05
0.3884	16.31523	20.87319	20.78705	27.96365	13.66711	94.25509	2.31714	1.16153	0.19501	0.67528	0.68662	0.44693	0.0593	0.04957	0.02682	0.02685	0.15565	91.92947	1.17538	2.48445	nan	1.99188	nan	0.31163	0.29751	0.45402	0.00556	0.31255	0.01032	0.31545	0.38648	0.20199	60.94245	620.24318	639.14973	456.21144	650.3645	385.73455	555.01549	nan	545.71124	332.90892	496.06505	286.17674	422.70551	413.84493	537.02642	364.50552	504.91494	655.98589	541.36555	114.62314	92.68552	114.62314	11.94267	0.52695	59.68024	18.25672	7.97E-05	2.69201	1.02E-05	1.35E+07	7.40E-08	27.72592	184.18199	6.76E-05	0.00544	2.66E-05	2.42E-05
0.3888	15.41755	21.17919	20.85185	28.36813	13.78895	94.22669	2.32791	1.17696	0.19646	0.67226	0.68792	0.44965	0.05852	0.04958	0.02691	0.02694	0.15654	91.8734	1.18249	2.4982	nan	1.99185	nan	0.31831	0.29463	0.46027	0.0048	0.31798	0.01024	0.31183	0.38946	0.19755	61.37606	620.28548	639.03579	452.38255	650.29901	386.06103	554.76413	nan	545.85515	328.10756	496.33292	288.31339	423.63078	413.31734	537.06936	367.15066	506.00151	655.92269	541.35248	114.57314	92.56152	114.57314	12.11467	0.52682	59.69024	18.2598	7.97E-05	2.69246	1.02E-05	1.35E+07	7.40E-08	27.72544	184.07639	6.76E-05	0.00544	2.66E-05	2.42E-05
0.3892	14.51987	21.48519	20.91665	28.77261	13.91079	94.19829	2.33869	1.1924	0.19791	0.66924	0.68921	0.45237	0.05775	0.04958	0.02701	0.02702	0.15743	91.81733	1.1896	2.51195	nan	1.99182	nan	0.32499	0.29175	0.46652	0.00403	0.32341	0.01016	0.30822	0.39244	0.19311	61.80967	620.32777	638.92184	448.55365	650.23352	386.38751	554.51276	nan	545.99907	323.3062	496.6008	290.45004	424.55606	412.78974	537.1123	369.79579	507.08809	655.85949	541.33942	114.52314	92.43752	114.52314	12.28667	0.52669	59.70024	18.26287	7.97E-05	2.69291	1.02E-05	1.35E+07	7.41E-08	27.72496	183.97079	6.75E-05	0.00544	2.66E-05	2.42E-05
0.3896	13.62218	21.79119	20.98145	29.1771	14.03263	94.16989	2.34947	1.20783	0.19936	0.66621	0.69051	0.45509	0.05697	0.04959	0.0271	0.02711	0.15832	91.76125	1.19672	2.5257	nan	1.99179	nan	0.33168	0.28887	0.47277	0.00326	0.32884	0.01008	0.3046	0.39543	0.18867	62.24328	620.37007	638.8079	444.72476	650.16803	386.71399	554.2614	nan	546.14298	318.50484	496.86867	292.58668	425.48133	412.26214	537.15523	372.44093	508.17466	655.79629	541.32635	114.47314	92.31352	114.47314	12.45867	0.52656	59.71024	18.26594	7.97E-05	2.69335	1.02E-05	1.35E+07	7.41E-08	27.72448	183.86519	6.75E-05	0.00544	2.66E-05	2.42E-05
0.39	12.72614	22.09815	21.04284	29.57549	14.16137	94.14051	2.36105	1.22336	0.2009	0.66326	0.69174	0.45781	0.0562	0.0496	0.0272	0.0272	0.15921	91.70398	1.20508	2.53915	nan	1.99176	nan	0.33837	0.28629	0.47899	0.00253	0.33422	0.01	0.30105	0.39857	0.18431	62.67841	620.4067	638.68761	440.93041	650.10425	387.04014	554.01003	nan	546.28579	313.73323	497.13794	294.71375	426.38532	411.73454	537.19517	375.09374	509.26304	655.7345	541.3135	114.42432	92.18028	114.42432	12.6318	0.52641	59.71921	18.2687	7.96E-05	2.6938	1.02E-05	1.35E+07	7.41E-08	27.72397	183.75644	6.75E-05	0.00545	2.65E-05	2.42E-05
0.3904	12.24942	22.64978	20.23193	28.42029	16.05202	93.86027	2.57931	1.26392	0.22549	0.67757	0.67615	0.45967	0.05633	0.05014	0.02711	0.02711	0.16246	91.34094	1.53212	2.47505	nan	1.99173	nan	0.34868	0.35945	0.47551	0.00995	0.32641	0.01007	0.31305	0.44091	0.19982	63.50037	618.99661	636.94557	445.95733	650.47594	387.28186	553.75867	nan	546.14714	316.56268	497.7647	294.39413	421.85246	411.20695	536.46942	379.70571	510.81116	656.03236	541.35697	114.67859	89.68907	114.67859	13.094	0.52221	59.46481	18.19087	7.94E-05	2.69389	1.02E-05	1.34E+07	7.46E-08	27.71527	182.84471	6.72E-05	0.00548	2.65E-05	2.42E-05
0.3908	11.7727	23.20141	19.42102	27.26509	17.94267	93.58003	2.79757	1.30449	0.25009	0.69188	0.66056	0.46153	0.05645	0.05067	0.02702	0.02702	0.1657	90.9779	1.85917	2.41096	nan	1.9917	nan	0.35899	0.43261	0.47203	0.01737	0.3186	0.01013	0.32505	0.48325	0.21533	64.32234	617.58651	635.20353	450.98426	650.84763	387.52357	553.50731	nan	546.00848	319.39212	498.39145	294.0745	417.31961	410.67935	535.74367	384.31769	512.35929	656.33023	541.40044	114.93286	87.19786	114.93286	13.55621	0.51801	59.21042	18.11304	7.92E-05	2.69398	1.02E-05	1.34E+07	7.51E-08	27.70658	181.93297	6.69E-05	0.00551	2.64E-05	2.41E-05
0.3912	11.29598	23.75304	18.61011	26.10988	19.83332	93.29979	3.01583	1.34505	0.27468	0.70619	0.64496	0.46339	0.05658	0.05121	0.02694	0.02694	0.16895	90.61485	2.18622	2.34686	nan	1.99167	nan	0.36929	0.50577	0.46855	0.02479	0.31079	0.0102	0.33705	0.5256	0.23084	65.14431	616.17642	633.4615	456.01119	651.21932	387.76528	553.25594	nan	545.86983	322.22156	499.0182	293.75487	412.78675	410.15175	535.01792	388.92966	513.90742	656.6281	541.4439	115.18713	84.70665	115.18713	14.01841	0.51381	58.95602	18.03522	7.90E-05	2.69406	1.02E-05	1.33E+07	7.55E-08	27.69789	181.02123	6.66E-05	0.00554	2.63E-05	2.40E-05
0.3916	10.81925	24.30467	17.7992	24.95468	21.72396	93.01955	3.23409	1.38562	0.29927	0.7205	0.62937	0.46525	0.0567	0.05175	0.02685	0.02685	0.17219	90.25181	2.51327	2.28276	nan	1.99164	nan	0.3796	0.57893	0.46507	0.03221	0.30298	0.01027	0.34905	0.56794	0.24635	65.96628	614.76633	631.71946	461.03812	651.59101	388.00699	553.00458	nan	545.73118	325.05101	499.64495	293.43524	408.25389	409.62415	534.29217	393.54164	515.45554	656.92597	541.48737	115.4414	82.21544	115.4414	14.48061	0.50961	58.70163	17.95739	7.87E-05	2.69415	1.02E-05	1.32E+07	7.60E-08	27.68919	180.1095	6.63E-05	0.00557	2.62E-05	2.39E-05
0.392	10.34253	24.8563	16.98829	23.79947	23.61461	92.73931	3.45235	1.42619	0.32387	0.73482	0.61378	0.46711	0.05683	0.05228	0.02676	0.02676	0.17544	89.88876	2.84032	2.21867	nan	1.99161	nan	0.38991	0.65209	0.46159	0.03963	0.29517	0.01033	0.36105	0.61029	0.26186	66.78825	613.35623	629.97742	466.06505	651.9627	388.24871	552.75322	nan	545.59252	327.88045	500.27171	293.11561	403.72103	409.09656	533.56642	398.15361	517.00367	657.22383	541.53084	115.69566	79.72423	115.69566	14.94281	0.50541	58.44723	17.87956	7.85E-05	2.69424	1.02E-05	1.31E+07	7.65E-08	27.6805	179.19776	6.60E-05	0.0056	2.62E-05	2.39E-05
0.3924	9.86581	25.40792	16.17738	22.64427	25.50526	92.45908	3.67061	1.46675	0.34846	0.74913	0.59819	0.46898	0.05695	0.05282	0.02667	0.02667	0.17868	89.52572	3.16737	2.15457	nan	1.99158	nan	0.40021	0.72525	0.45811	0.04705	0.28736	0.0104	0.37305	0.65263	0.27737	67.61022	611.94614	628.23539	471.09197	652.33439	388.49042	552.50185	nan	545.45387	330.70989	500.89846	292.79599	399.18817	408.56896	532.84067	402.76559	518.55179	657.5217	541.5743	115.94993	77.23302	115.94993	15.40501	0.50121	58.19283	17.80173	7.83E-05	2.69433	1.02E-05	1.31E+07	7.70E-08	27.67181	178.28602	6.57E-05	0.00563	2.61E-05	2.38E-05
0.3928	9.38909	25.95955	15.36647	21.48906	27.39591	92.17884	3.88887	1.50732	0.37306	0.76344	0.58259	0.47084	0.05708	0.05335	0.02658	0.02658	0.18193	89.16268	3.49442	2.09048	nan	1.99155	nan	0.41052	0.79841	0.45463	0.05447	0.27955	0.01047	0.38505	0.69497	0.29288	68.43219	610.53605	626.49335	476.1189	652.70608	388.73213	552.25049	nan	545.31522	333.53934	501.52521	292.47636	394.65531	408.04136	532.11492	407.37756	520.09992	657.81957	541.61777	116.2042	74.74181	116.2042	15.86722	0.49701	57.93844	17.72391	7.80E-05	2.69442	1.02E-05	1.30E+07	7.74E-08	27.66311	177.37429	6.54E-05	0.00566	2.60E-05	2.37E-05
0.3932	8.91237	26.51118	14.55556	20.33386	29.28655	91.8986	4.10713	1.54788	0.39765	0.77775	0.567	0.4727	0.0572	0.05389	0.0265	0.0265	0.18518	88.79963	3.82147	2.02638	nan	1.99152	nan	0.42083	0.87157	0.45115	0.06189	0.27174	0.01053	0.39705	0.73732	0.30839	69.25415	609.12595	624.75132	481.14583	653.07777	388.97385	551.99912	nan	545.17656	336.36878	502.15196	292.15673	390.12246	407.51377	531.38917	411.98954	521.64805	658.11744	541.66124	116.45847	72.2506	116.45847	16.32942	0.4928	57.68404	17.64608	7.78E-05	2.6945	1.02E-05	1.29E+07	7.79E-08	27.65442	176.46255	6.51E-05	0.00569	2.59E-05	2.37E-05
0.3936	8.43564	27.06281	13.74465	19.17865	31.1772	91.61836	4.32539	1.58845	0.42225	0.79206	0.55141	0.47456	0.05733	0.05443	0.02641	0.02641	0.18842	88.43659	4.14852	1.96228	nan	1.99149	nan	0.43113	0.94473	0.44767	0.06931	0.26393	0.0106	0.40905	0.77966	0.3239	70.07612	607.71586	623.00928	486.17276	653.44945	389.21556	551.74776	nan	545.03791	339.19822	502.77872	291.8371	385.5896	406.98617	530.66342	416.60151	523.19617	658.41531	541.7047	116.71273	69.75939	116.71273	16.79162	0.4886	57.42965	17.56825	7.76E-05	2.69459	1.02E-05	1.28E+07	7.84E-08	27.64573	175.55081	6.48E-05	0.00572	2.59E-05	2.36E-05
0.394	7.95892	27.61444	12.93374	18.02345	33.06785	91.33812	4.54365	1.62901	0.44684	0.80638	0.53582	0.47642	0.05745	0.05496	0.02632	0.02632	0.19167	88.07354	4.47557	1.89819	nan	1.99146	nan	0.44144	1.01789	0.44419	0.07673	0.25612	0.01067	0.42105	0.82201	0.33941	70.89809	606.30576	621.26724	491.19969	653.82114	389.45727	551.4964	nan	544.89925	342.02767	503.40547	291.51747	381.05674	406.45857	529.93767	421.21349	524.7443	658.71317	541.74817	116.967	67.26818	116.967	17.25382	0.4844	57.17525	17.49043	7.74E-05	2.69468	1.02E-05	1.28E+07	7.88E-08	27.63703	174.63907	6.45E-05	0.00576	2.58E-05	2.35E-05
0.3944	7.4822	28.16607	12.12283	16.86824	34.9585	91.05788	4.76191	1.66958	0.47144	0.82069	0.52023	0.47828	0.05758	0.0555	0.02623	0.02623	0.19491	87.7105	4.80262	1.83409	nan	1.99143	nan	0.45175	1.09105	0.44071	0.08415	0.24831	0.01073	0.43305	0.86435	0.35492	71.72006	604.89567	619.52521	496.22661	654.19283	389.69899	551.24503	nan	544.7606	344.85711	504.03222	291.19785	376.52388	405.93097	529.21192	425.82546	526.29243	659.01104	541.79164	117.22127	64.77697	117.22127	17.71602	0.4802	56.92086	17.4126	7.71E-05	2.69477	1.02E-05	1.27E+07	7.93E-08	27.62834	173.72734	6.42E-05	0.00579	2.57E-05	2.35E-05
0.3948	7.00548	28.7177	11.31192	15.71304	36.84914	90.77765	4.98017	1.71014	0.49603	0.835	0.50463	0.48014	0.0577	0.05603	0.02614	0.02614	0.19816	87.34745	5.12967	1.76999	nan	1.9914	nan	0.46205	1.16421	0.43723	0.09157	0.2405	0.0108	0.44505	0.9067	0.37043	72.54203	603.48558	617.78317	501.25354	654.56452	389.9407	550.99367	nan	544.62195	347.68655	504.65897	290.87822	371.99102	405.40338	528.48617	430.43744	527.84055	659.30891	541.8351	117.47554	62.28576	117.47554	18.17822	0.476	56.66646	17.33477	7.69E-05	2.69486	1.02E-05	1.26E+07	7.98E-08	27.61965	172.8156	6.39E-05	0.00582	2.56E-05	2.34E-05
0.3952	6.52876	29.26933	10.50101	14.55783	38.73979	90.49741	5.19843	1.75071	0.52063	0.84931	0.48904	0.482	0.05783	0.05657	0.02606	0.02606	0.2014	86.98441	5.45672	1.7059	nan	1.99137	nan	0.47236	1.23737	0.43375	0.09899	0.23269	0.01087	0.45705	0.94904	0.38594	73.364	602.07548	616.04113	506.28047	654.93621	390.18241	550.74231	nan	544.48329	350.516	505.28573	290.55859	367.45817	405.18538	527.76043	435.04941	529.38868	659.60678	541.87857	117.7298	59.79455	117.7298	18.64043	0.4718	56.41206	17.25695	7.67E-05	2.69494	1.02E-05	1.25E+07	8.03E-08	27.61095	171.90386	6.36E-05	0.00585	2.56E-05	2.33E-05
0.3956	6.05203	29.82096	9.6901	13.40263	40.63044	90.21717	5.41668	1.79128	0.54522	0.86362	0.47345	0.48387	0.05796	0.05711	0.02597	0.02597	0.20465	86.62137	5.78377	1.6418	nan	1.99134	nan	0.48267	1.31053	0.43027	0.10641	0.22488	0.01093	0.46905	0.99138	0.40145	74.18597	600.66539	614.2991	511.3074	655.3079	390.42412	550.49094	nan	544.34464	353.34544	505.91248	290.23896	362.92531	405.39615	527.03468	439.66139	530.9368	659.90465	541.92204	117.98407	57.30334	117.98407	19.10263	0.4676	56.15767	17.17912	7.65E-05	2.69503	1.02E-05	1.25E+07	8.07E-08	27.60226	170.99213	6.33E-05	0.00588	2.55E-05	2.33E-05
0.396	5.57531	30.37258	8.87919	12.24743	42.52109	89.93693	5.63494	1.83184	0.56982	0.87794	0.45786	0.48573	0.05808	0.05764	0.02588	0.02588	0.20789	86.25832	6.11082	1.57771	nan	1.99131	nan	0.49297	1.38369	0.42679	0.11383	0.21707	0.011	0.48105	1.03373	0.41696	75.00793	599.2553	612.55706	516.33433	655.67959	390.66584	550.23958	nan	544.20598	356.17488	506.53923	289.91933	358.39245	405.60692	526.30893	444.27336	532.48493	660.20251	541.96551	118.23834	54.81213	118.23834	19.56483	0.4634	55.90327	17.10129	7.62E-05	2.69512	1.02E-05	1.24E+07	8.12E-08	27.59357	170.08039	6.31E-05	0.00591	2.54E-05	2.32E-05
0.3964	5.09859	30.92421	8.06828	11.09222	44.41173	89.65669	5.8532	1.87241	0.59441	0.89225	0.44227	0.48759	0.05821	0.05818	0.02579	0.02579	0.21114	85.89528	6.43786	1.51361	nan	1.99128	nan	0.50328	1.45685	0.42331	0.12125	0.20926	0.01107	0.49305	1.07607	0.43247	75.8299	597.8452	610.81503	521.36125	656.05128	390.90755	549.98821	nan	544.06733	359.00433	507.16598	289.59971	353.85959	405.81769	525.58318	448.88534	534.03306	660.50038	542.00897	118.49261	52.32092	118.49261	20.02703	0.45919	55.64888	17.02346	7.60E-05	2.69521	1.02E-05	1.23E+07	8.17E-08	27.58487	169.16865	6.28E-05	0.00594	2.53E-05	2.31E-05
0.3968	4.62187	31.47584	7.25737	9.93702	46.30238	89.37645	6.07146	1.91297	0.61901	0.90656	0.42667	0.48945	0.05833	0.05871	0.0257	0.0257	0.21438	85.53223	6.76491	1.44951	nan	1.99125	nan	0.51359	1.53001	0.41983	0.12867	0.20145	0.01113	0.50505	1.11842	0.44798	76.65187	596.43511	609.07299	526.38818	656.42297	391.14926	549.73685	nan	543.92868	361.83377	507.79274	289.28008	349.32673	406.02847	524.85743	453.49731	535.58118	660.79825	542.05244	118.74688	49.82971	118.74688	20.48923	0.45499	55.39448	16.94564	7.58E-05	2.6953	1.02E-05	1.22E+07	8.22E-08	27.57618	168.25692	6.25E-05	0.00597	2.53E-05	2.31E-05
0.3972	4.14515	32.02747	6.44646	8.78181	48.19303	89.09621	6.28972	1.95354	0.6436	0.92087	0.41108	0.49131	0.05846	0.05925	0.02562	0.02562	0.21763	85.16919	7.09196	1.38542	nan	1.99122	nan	0.52389	1.60317	0.41635	0.13609	0.19364	0.0112	0.51705	1.16076	0.46349	77.47384	595.02502	607.33095	531.41511	656.79466	391.39098	549.48549	nan	543.79002	364.66321	508.41949	288.96045	344.79388	406.23924	524.13168	458.10929	537.12931	661.09612	542.09591	119.00114	47.3385	119.00114	20.95144	0.45079	55.14009	16.86781	7.56E-05	2.69538	1.02E-05	1.22E+07	8.26E-08	27.56749	167.34518	6.22E-05	0.006	2.52E-05	2.30E-05
0.3976	3.66842	32.5791	5.63555	7.62661	50.08368	88.81598	6.50798	1.9941	0.6682	0.93518	0.39549	0.49317	0.05858	0.05979	0.02553	0.02553	0.22087	84.80615	7.41901	1.32132	nan	1.99119	nan	0.5342	1.67633	0.41287	0.14351	0.18583	0.01127	0.52905	1.2031	0.479	78.29581	593.61492	605.58892	536.44204	657.16635	391.63269	549.23412	nan	543.65137	367.49266	509.04624	288.64082	340.26102	406.45001	523.40593	462.72126	538.67744	661.39398	542.13937	119.25541	44.84729	119.25541	21.41364	0.44659	54.88569	16.78998	7.53E-05	2.69547	1.03E-05	1.21E+07	8.31E-08	27.55879	166.43344	6.19E-05	0.00603	2.51E-05	2.29E-05
0.398	3.1917	33.13073	4.82464	6.4714	51.97432	88.53574	6.72624	2.03467	0.69279	0.9495	0.3799	0.49503	0.05871	0.06032	0.02544	0.02544	0.22412	84.4431	7.74606	1.25722	nan	1.99116	nan	0.54451	1.74949	0.40939	0.15093	0.17802	0.01133	0.54105	1.24545	0.49451	79.11778	592.20483	603.84688	541.46897	657.53804	391.8744	548.98276	nan	543.51271	370.3221	509.67299	288.32119	335.72816	406.66078	522.68018	467.33324	540.22556	661.69185	542.18284	119.50968	42.35608	119.50968	21.87584	0.44239	54.63129	16.71216	7.51E-05	2.69556	1.03E-05	1.20E+07	8.36E-08	27.5501	165.5217	6.16E-05	0.00606	2.50E-05	2.28E-05
0.3984	2.71498	33.68236	4.01373	5.3162	53.86497	88.2555	6.9445	2.07523	0.71739	0.96381	0.36431	0.4969	0.05883	0.06086	0.02535	0.02535	0.22736	84.08006	8.07311	1.19313	nan	1.99113	nan	0.55481	1.82265	0.40591	0.15835	0.17021	0.0114	0.55305	1.28779	0.51002	79.93975	590.79473	602.10484	546.4959	657.90973	392.11611	548.7314	nan	543.37406	373.15154	510.29975	288.00157	331.1953	406.87156	521.95443	471.94521	541.77369	661.98972	542.22631	119.76395	39.86488	119.76395	22.33804	0.43819	54.3769	16.63433	7.49E-05	2.69565	1.03E-05	1.19E+07	8.40E-08	27.54141	164.60997	6.13E-05	0.00609	2.50E-05	2.28E-05
0.3988	2.23826	34.23399	3.20282	4.16099	55.75562	87.97526	7.16276	2.1158	0.74198	0.97812	0.34871	0.49876	0.05896	0.06139	0.02526	0.02526	0.23061	83.71701	8.40016	1.12903	nan	1.9911	nan	0.56512	1.89581	0.40243	0.16577	0.1624	0.01147	0.56505	1.33014	0.52553	80.76172	589.38464	600.36281	551.52282	658.28142	392.35783	548.48003	nan	543.23541	375.98099	510.9265	287.68194	326.66244	407.08233	521.22868	476.55719	543.32181	662.28759	542.26977	120.01821	37.37367	120.01821	22.80024	0.43399	54.1225	16.5565	7.46E-05	2.69574	1.03E-05	1.19E+07	8.45E-08	27.53271	163.69823	6.10E-05	0.00612	2.49E-05	2.27E-05
0.3992	1.76154	34.78562	2.39191	3.00579	57.64627	87.69502	7.38102	2.15636	0.76658	0.99243	0.33312	0.50062	0.05908	0.06193	0.02518	0.02518	0.23386	83.35397	8.72721	1.06494	nan	1.99107	nan	0.57543	1.96897	0.39895	0.17319	0.15459	0.01153	0.57705	1.37248	0.54104	81.58368	587.97455	598.62077	556.54975	658.65311	392.59954	548.22867	nan	543.09675	378.81043	511.55325	287.36231	322.12958	407.2931	520.50293	481.16916	544.86994	662.58546	542.31324	120.27248	34.88246	120.27248	23.26245	0.42979	53.86811	16.47868	7.44E-05	2.69582	1.03E-05	1.18E+07	8.50E-08	27.52402	162.78649	6.07E-05	0.00616	2.48E-05	2.26E-05
0.3996	1.28482	35.33724	1.581	1.85058	59.53692	87.41478	7.59928	2.19693	0.79117	1.00675	0.31753	0.50248	0.05921	0.06247	0.02509	0.02509	0.2371	82.99093	9.05426	1.00084	nan	1.99104	nan	0.58573	2.04213	0.39547	0.18061	0.14678	0.0116	0.58905	1.41483	0.55655	82.40565	586.56445	596.87873	561.57668	659.0248	392.84125	547.9773	nan	542.9581	381.63987	512.18	287.04268	317.59673	407.50387	519.77718	485.78114	546.41807	662.88332	542.35671	120.52675	32.39125	120.52675	23.72465	0.42558	53.61371	16.40085	7.42E-05	2.69591	1.03E-05	1.17E+07	8.55E-08	27.51533	161.87476	6.04E-05	0.00619	2.47E-05	2.26E-05
